#datatype,measurement,dateTime:RFC3339,tag,tag,tag,double,double,string
#group,false,false,true,true,true,false,false,false
#default,geo_position,,,,,,,
_measurement,time,user_id,delivery_id,vehicle_id,lat,lon,delivery_status
geo_position,2026-06-01T08:00:00Z,user-del-1,del-100,bicycle,45.256572,19.823617,accepted
geo_position,2026-06-01T08:00:10Z,user-del-1,del-100,bicycle,45.256768,19.824472,accepted
geo_position,2026-06-01T08:00:20Z,user-del-1,del-100,bicycle,45.256794,19.824382,accepted
geo_position,2026-06-01T08:00:30Z,user-del-1,del-100,bicycle,45.255909,19.824452,accepted
geo_position,2026-06-01T08:00:40Z,user-del-1,del-100,bicycle,45.256156,19.824449,accepted
geo_position,2026-06-01T08:00:50Z,user-del-1,del-100,bicycle,45.256751,19.825144,accepted
geo_position,2026-06-01T08:01:00Z,user-del-1,del-100,bicycle,45.255927,19.825813,accepted
geo_position,2026-06-01T08:01:10Z,user-del-1,del-100,bicycle,45.255411,19.825098,accepted
geo_position,2026-06-01T08:01:20Z,user-del-1,del-100,bicycle,45.255304,19.825818,accepted
geo_position,2026-06-01T08:01:30Z,user-del-1,del-100,bicycle,45.256028,19.824928,accepted
geo_position,2026-06-01T08:01:40Z,user-del-1,del-100,bicycle,45.255331,19.825312,accepted
geo_position,2026-06-01T08:01:50Z,user-del-1,del-100,bicycle,45.256391,19.826259,accepted
geo_position,2026-06-01T08:02:00Z,user-del-1,del-100,bicycle,45.256576,19.82514,accepted
geo_position,2026-06-01T08:02:10Z,user-del-1,del-100,bicycle,45.256032,19.825661,accepted
geo_position,2026-06-01T08:02:20Z,user-del-1,del-100,bicycle,45.256854,19.826643,accepted
geo_position,2026-06-01T08:02:30Z,user-del-1,del-100,bicycle,45.256392,19.8278,accepted
geo_position,2026-06-01T08:02:40Z,user-del-1,del-100,bicycle,45.256525,19.828003,accepted
geo_position,2026-06-01T08:02:50Z,user-del-1,del-100,bicycle,45.257101,19.826894,accepted
geo_position,2026-06-01T08:03:00Z,user-del-1,del-100,bicycle,45.257198,19.827137,in_transit
geo_position,2026-06-01T08:03:10Z,user-del-1,del-100,bicycle,45.257379,19.826758,in_transit
geo_position,2026-06-01T08:03:20Z,user-del-1,del-100,bicycle,45.257776,19.826941,in_transit
geo_position,2026-06-01T08:03:30Z,user-del-1,del-100,bicycle,45.258514,19.828066,in_transit
geo_position,2026-06-01T08:03:40Z,user-del-1,del-100,bicycle,45.257499,19.82688,in_transit
geo_position,2026-06-01T08:03:50Z,user-del-1,del-100,bicycle,45.257298,19.826232,in_transit
geo_position,2026-06-01T08:04:00Z,user-del-1,del-100,bicycle,45.258417,19.827238,in_transit
geo_position,2026-06-01T08:04:10Z,user-del-1,del-100,bicycle,45.258823,19.827313,in_transit
geo_position,2026-06-01T08:04:20Z,user-del-1,del-100,bicycle,45.259596,19.827719,in_transit
geo_position,2026-06-01T08:04:30Z,user-del-1,del-100,bicycle,45.259735,19.827004,in_transit
geo_position,2026-06-01T08:04:40Z,user-del-1,del-100,bicycle,45.258709,19.82735,in_transit
geo_position,2026-06-01T08:04:50Z,user-del-1,del-100,bicycle,45.259309,19.827186,in_transit
geo_position,2026-06-01T08:05:00Z,user-del-1,del-100,bicycle,45.258983,19.826244,in_transit
geo_position,2026-06-01T08:05:10Z,user-del-1,del-100,bicycle,45.25934,19.826043,in_transit
geo_position,2026-06-01T08:05:20Z,user-del-1,del-100,bicycle,45.258716,19.825228,in_transit
geo_position,2026-06-01T08:05:30Z,user-del-1,del-100,bicycle,45.25889,19.825449,in_transit
geo_position,2026-06-01T08:05:40Z,user-del-1,del-100,bicycle,45.258164,19.825487,in_transit
geo_position,2026-06-01T08:05:50Z,user-del-1,del-100,bicycle,45.258456,19.824817,in_transit
geo_position,2026-06-01T08:06:00Z,user-del-1,del-100,bicycle,45.259216,19.825409,in_transit
geo_position,2026-06-01T08:06:10Z,user-del-1,del-100,bicycle,45.259917,19.825619,in_transit
geo_position,2026-06-01T08:06:20Z,user-del-1,del-100,bicycle,45.260795,19.824493,in_transit
geo_position,2026-06-01T08:06:30Z,user-del-1,del-100,bicycle,45.26024,19.824059,in_transit
geo_position,2026-06-01T08:06:40Z,user-del-1,del-100,bicycle,45.259306,19.824032,in_transit
geo_position,2026-06-01T08:06:50Z,user-del-1,del-100,bicycle,45.259349,19.823055,in_transit
geo_position,2026-06-01T08:07:00Z,user-del-1,del-100,bicycle,45.26025,19.822223,in_transit
geo_position,2026-06-01T08:07:10Z,user-del-1,del-100,bicycle,45.261017,19.821949,in_transit
geo_position,2026-06-01T08:07:20Z,user-del-1,del-100,bicycle,45.260032,19.822122,in_transit
geo_position,2026-06-01T08:07:30Z,user-del-1,del-100,bicycle,45.259336,19.822375,in_transit
geo_position,2026-06-01T08:07:40Z,user-del-1,del-100,bicycle,45.258161,19.823054,in_transit
geo_position,2026-06-01T08:07:50Z,user-del-1,del-100,bicycle,45.257558,19.823264,in_transit
geo_position,2026-06-01T08:08:00Z,user-del-1,del-100,bicycle,45.257599,19.823741,in_transit
geo_position,2026-06-01T08:08:10Z,user-del-1,del-100,bicycle,45.258266,19.823009,in_transit
geo_position,2026-06-01T08:08:20Z,user-del-1,del-100,bicycle,45.257921,19.822096,in_transit
geo_position,2026-06-01T08:08:30Z,user-del-1,del-100,bicycle,45.258112,19.823125,in_transit
geo_position,2026-06-01T08:08:40Z,user-del-1,del-100,bicycle,45.257193,19.82324,in_transit
geo_position,2026-06-01T08:08:50Z,user-del-1,del-100,bicycle,45.256299,19.82418,in_transit
geo_position,2026-06-01T08:09:00Z,user-del-1,del-100,bicycle,45.255286,19.823493,in_transit
geo_position,2026-06-01T08:09:10Z,user-del-1,del-100,bicycle,45.254137,19.823721,in_transit
geo_position,2026-06-01T08:09:20Z,user-del-1,del-100,bicycle,45.253914,19.823683,in_transit
geo_position,2026-06-01T08:09:30Z,user-del-1,del-100,bicycle,45.25397,19.822936,in_transit
geo_position,2026-06-01T08:09:40Z,user-del-1,del-100,bicycle,45.254488,19.822336,in_transit
geo_position,2026-06-01T08:09:50Z,user-del-1,del-100,bicycle,45.254249,19.822936,in_transit
geo_position,2026-06-01T08:10:00Z,user-del-1,del-100,bicycle,45.253823,19.823554,in_transit
geo_position,2026-06-01T08:10:10Z,user-del-1,del-100,bicycle,45.253843,19.82469,in_transit
geo_position,2026-06-01T08:10:20Z,user-del-1,del-100,bicycle,45.254547,19.825124,in_transit
geo_position,2026-06-01T08:10:30Z,user-del-1,del-100,bicycle,45.253824,19.826077,in_transit
geo_position,2026-06-01T08:10:40Z,user-del-1,del-100,bicycle,45.254948,19.825809,in_transit
geo_position,2026-06-01T08:10:50Z,user-del-1,del-100,bicycle,45.254845,19.825086,in_transit
geo_position,2026-06-01T08:11:00Z,user-del-1,del-100,bicycle,45.254177,19.824272,in_transit
geo_position,2026-06-01T08:11:10Z,user-del-1,del-100,bicycle,45.254843,19.823224,in_transit
geo_position,2026-06-01T08:11:20Z,user-del-1,del-100,bicycle,45.25393,19.822329,in_transit
geo_position,2026-06-01T08:11:30Z,user-del-1,del-100,bicycle,45.25462,19.822166,in_transit
geo_position,2026-06-01T08:11:40Z,user-del-1,del-100,bicycle,45.254376,19.82249,in_transit
geo_position,2026-06-01T08:11:50Z,user-del-1,del-100,bicycle,45.255263,19.823296,in_transit
geo_position,2026-06-01T08:12:00Z,user-del-1,del-100,bicycle,45.256111,19.823009,in_transit
geo_position,2026-06-01T08:12:10Z,user-del-1,del-100,bicycle,45.255389,19.821896,in_transit
geo_position,2026-06-01T08:12:20Z,user-del-1,del-100,bicycle,45.255615,19.821922,in_transit
geo_position,2026-06-01T08:12:30Z,user-del-1,del-100,bicycle,45.256279,19.820733,in_transit
geo_position,2026-06-01T08:12:40Z,user-del-1,del-100,bicycle,45.256887,19.821799,in_transit
geo_position,2026-06-01T08:12:50Z,user-del-1,del-100,bicycle,45.256749,19.821626,in_transit
geo_position,2026-06-01T08:13:00Z,user-del-1,del-100,bicycle,45.256291,19.820946,in_transit
geo_position,2026-06-01T08:13:10Z,user-del-1,del-100,bicycle,45.255435,19.820464,in_transit
geo_position,2026-06-01T08:13:20Z,user-del-1,del-100,bicycle,45.255136,19.820493,in_transit
geo_position,2026-06-01T08:13:30Z,user-del-1,del-100,bicycle,45.255708,19.820747,in_transit
geo_position,2026-06-01T08:13:40Z,user-del-1,del-100,bicycle,45.254787,19.819749,in_transit
geo_position,2026-06-01T08:13:50Z,user-del-1,del-100,bicycle,45.255353,19.818906,in_transit
geo_position,2026-06-01T08:14:00Z,user-del-1,del-100,bicycle,45.255419,19.818842,completed
geo_position,2026-06-01T08:14:10Z,user-del-1,del-100,bicycle,45.255516,19.81892,completed
geo_position,2026-06-01T08:14:20Z,user-del-1,del-100,bicycle,45.255486,19.818961,completed
geo_position,2026-06-01T08:14:30Z,user-del-1,del-100,bicycle,45.255537,19.819028,completed
geo_position,2026-06-01T08:14:40Z,user-del-1,del-100,bicycle,45.255565,19.818939,completed
geo_position,2026-06-01T08:14:50Z,user-del-1,del-100,bicycle,45.255587,19.81901,completed
geo_position,2026-06-01T08:15:00Z,user-del-1,del-100,bicycle,45.255676,19.818991,completed
geo_position,2026-06-01T08:15:10Z,user-del-1,del-100,bicycle,45.255582,19.818933,completed
geo_position,2026-06-01T08:15:20Z,user-del-1,del-100,bicycle,45.255542,19.819012,completed
geo_position,2026-06-01T08:15:30Z,user-del-1,del-100,bicycle,45.255593,19.819071,completed
geo_position,2026-06-01T08:15:40Z,user-del-1,del-100,bicycle,45.25567,19.819085,completed
geo_position,2026-06-01T08:15:50Z,user-del-1,del-100,bicycle,45.255723,19.819085,completed
geo_position,2026-06-01T08:33:00Z,user-del-1,del-101,bicycle,45.254684,19.816888,accepted
geo_position,2026-06-01T08:33:10Z,user-del-1,del-101,bicycle,45.254878,19.81615,accepted
geo_position,2026-06-01T08:33:20Z,user-del-1,del-101,bicycle,45.255695,19.815814,accepted
geo_position,2026-06-01T08:33:30Z,user-del-1,del-101,bicycle,45.254628,19.816626,accepted
geo_position,2026-06-01T08:33:40Z,user-del-1,del-101,bicycle,45.253456,19.817005,accepted
geo_position,2026-06-01T08:33:50Z,user-del-1,del-101,bicycle,45.254417,19.817913,accepted
geo_position,2026-06-01T08:34:00Z,user-del-1,del-101,bicycle,45.254109,19.816791,accepted
geo_position,2026-06-01T08:34:10Z,user-del-1,del-101,bicycle,45.255147,19.817958,accepted
geo_position,2026-06-01T08:34:20Z,user-del-1,del-101,bicycle,45.255283,19.8168,accepted
geo_position,2026-06-01T08:34:30Z,user-del-1,del-101,bicycle,45.256374,19.816899,accepted
geo_position,2026-06-01T08:34:40Z,user-del-1,del-101,bicycle,45.256001,19.817314,accepted
geo_position,2026-06-01T08:34:50Z,user-del-1,del-101,bicycle,45.255284,19.816805,accepted
geo_position,2026-06-01T08:35:00Z,user-del-1,del-101,bicycle,45.254731,19.81708,accepted
geo_position,2026-06-01T08:35:10Z,user-del-1,del-101,bicycle,45.253584,19.816,accepted
geo_position,2026-06-01T08:35:20Z,user-del-1,del-101,bicycle,45.254159,19.815238,accepted
geo_position,2026-06-01T08:35:30Z,user-del-1,del-101,bicycle,45.253061,19.816262,accepted
geo_position,2026-06-01T08:35:40Z,user-del-1,del-101,bicycle,45.254013,19.817054,accepted
geo_position,2026-06-01T08:35:50Z,user-del-1,del-101,bicycle,45.252878,19.816706,accepted
geo_position,2026-06-01T08:36:00Z,user-del-1,del-101,bicycle,45.252043,19.816809,accepted
geo_position,2026-06-01T08:36:10Z,user-del-1,del-101,bicycle,45.251529,19.816523,accepted
geo_position,2026-06-01T08:36:20Z,user-del-1,del-101,bicycle,45.251262,19.816404,accepted
geo_position,2026-06-01T08:36:30Z,user-del-1,del-101,bicycle,45.252352,19.816347,accepted
geo_position,2026-06-01T08:36:40Z,user-del-1,del-101,bicycle,45.251345,19.81649,accepted
geo_position,2026-06-01T08:36:50Z,user-del-1,del-101,bicycle,45.2502,19.816935,accepted
geo_position,2026-06-01T08:37:00Z,user-del-1,del-101,bicycle,45.249051,19.816191,accepted
geo_position,2026-06-01T08:37:10Z,user-del-1,del-101,bicycle,45.248427,19.81732,accepted
geo_position,2026-06-01T08:37:20Z,user-del-1,del-101,bicycle,45.249059,19.817741,accepted
geo_position,2026-06-01T08:37:30Z,user-del-1,del-101,bicycle,45.249379,19.817954,accepted
geo_position,2026-06-01T08:37:40Z,user-del-1,del-101,bicycle,45.249399,19.817325,accepted
geo_position,2026-06-01T08:37:50Z,user-del-1,del-101,bicycle,45.24991,19.817806,accepted
geo_position,2026-06-01T08:38:00Z,user-del-1,del-101,bicycle,45.250905,19.817113,in_transit
geo_position,2026-06-01T08:38:10Z,user-del-1,del-101,bicycle,45.250238,19.81702,in_transit
geo_position,2026-06-01T08:38:20Z,user-del-1,del-101,bicycle,45.249509,19.817886,in_transit
geo_position,2026-06-01T08:38:30Z,user-del-1,del-101,bicycle,45.249621,19.818052,in_transit
geo_position,2026-06-01T08:38:40Z,user-del-1,del-101,bicycle,45.248571,19.817567,in_transit
geo_position,2026-06-01T08:38:50Z,user-del-1,del-101,bicycle,45.249665,19.816623,in_transit
geo_position,2026-06-01T08:39:00Z,user-del-1,del-101,bicycle,45.250791,19.815886,in_transit
geo_position,2026-06-01T08:39:10Z,user-del-1,del-101,bicycle,45.250397,19.815486,in_transit
geo_position,2026-06-01T08:39:20Z,user-del-1,del-101,bicycle,45.250587,19.814508,in_transit
geo_position,2026-06-01T08:39:30Z,user-del-1,del-101,bicycle,45.25107,19.814471,in_transit
geo_position,2026-06-01T08:39:40Z,user-del-1,del-101,bicycle,45.251253,19.81561,in_transit
geo_position,2026-06-01T08:39:50Z,user-del-1,del-101,bicycle,45.250777,19.81613,in_transit
geo_position,2026-06-01T08:40:00Z,user-del-1,del-101,bicycle,45.250475,19.81679,in_transit
geo_position,2026-06-01T08:40:10Z,user-del-1,del-101,bicycle,45.250887,19.816094,in_transit
geo_position,2026-06-01T08:40:20Z,user-del-1,del-101,bicycle,45.251302,19.815279,in_transit
geo_position,2026-06-01T08:40:30Z,user-del-1,del-101,bicycle,45.251255,19.814878,in_transit
geo_position,2026-06-01T08:40:40Z,user-del-1,del-101,bicycle,45.252006,19.814503,in_transit
geo_position,2026-06-01T08:40:50Z,user-del-1,del-101,bicycle,45.252611,19.813453,in_transit
geo_position,2026-06-01T08:41:00Z,user-del-1,del-101,bicycle,45.253665,19.814584,in_transit
geo_position,2026-06-01T08:41:10Z,user-del-1,del-101,bicycle,45.254797,19.814537,in_transit
geo_position,2026-06-01T08:41:20Z,user-del-1,del-101,bicycle,45.254846,19.815325,in_transit
geo_position,2026-06-01T08:41:30Z,user-del-1,del-101,bicycle,45.254236,19.814324,in_transit
geo_position,2026-06-01T08:41:40Z,user-del-1,del-101,bicycle,45.254114,19.815093,in_transit
geo_position,2026-06-01T08:41:50Z,user-del-1,del-101,bicycle,45.253955,19.814997,in_transit
geo_position,2026-06-01T08:42:00Z,user-del-1,del-101,bicycle,45.25417,19.814316,in_transit
geo_position,2026-06-01T08:42:10Z,user-del-1,del-101,bicycle,45.253074,19.813969,in_transit
geo_position,2026-06-01T08:42:20Z,user-del-1,del-101,bicycle,45.251944,19.814161,in_transit
geo_position,2026-06-01T08:42:30Z,user-del-1,del-101,bicycle,45.252489,19.814818,in_transit
geo_position,2026-06-01T08:42:40Z,user-del-1,del-101,bicycle,45.251698,19.814914,in_transit
geo_position,2026-06-01T08:42:50Z,user-del-1,del-101,bicycle,45.251183,19.814472,in_transit
geo_position,2026-06-01T08:43:00Z,user-del-1,del-101,bicycle,45.251312,19.813701,in_transit
geo_position,2026-06-01T08:43:10Z,user-del-1,del-101,bicycle,45.250731,19.814509,in_transit
geo_position,2026-06-01T08:43:20Z,user-del-1,del-101,bicycle,45.251019,19.813488,in_transit
geo_position,2026-06-01T08:43:30Z,user-del-1,del-101,bicycle,45.251075,19.814359,in_transit
geo_position,2026-06-01T08:43:40Z,user-del-1,del-101,bicycle,45.251997,19.814054,in_transit
geo_position,2026-06-01T08:43:50Z,user-del-1,del-101,bicycle,45.25195,19.815213,in_transit
geo_position,2026-06-01T08:44:00Z,user-del-1,del-101,bicycle,45.252582,19.814677,in_transit
geo_position,2026-06-01T08:44:10Z,user-del-1,del-101,bicycle,45.252771,19.814966,in_transit
geo_position,2026-06-01T08:44:20Z,user-del-1,del-101,bicycle,45.252339,19.815901,in_transit
geo_position,2026-06-01T08:44:30Z,user-del-1,del-101,bicycle,45.252186,19.815255,in_transit
geo_position,2026-06-01T08:44:40Z,user-del-1,del-101,bicycle,45.252001,19.814814,in_transit
geo_position,2026-06-01T08:44:50Z,user-del-1,del-101,bicycle,45.252272,19.815803,in_transit
geo_position,2026-06-01T08:45:00Z,user-del-1,del-101,bicycle,45.252527,19.816157,in_transit
geo_position,2026-06-01T08:45:10Z,user-del-1,del-101,bicycle,45.253586,19.816843,in_transit
geo_position,2026-06-01T08:45:20Z,user-del-1,del-101,bicycle,45.254673,19.815935,in_transit
geo_position,2026-06-01T08:45:30Z,user-del-1,del-101,bicycle,45.255803,19.816111,in_transit
geo_position,2026-06-01T08:45:40Z,user-del-1,del-101,bicycle,45.255316,19.817299,in_transit
geo_position,2026-06-01T08:45:50Z,user-del-1,del-101,bicycle,45.256511,19.818358,in_transit
geo_position,2026-06-01T08:46:00Z,user-del-1,del-101,bicycle,45.25559,19.817783,in_transit
geo_position,2026-06-01T08:46:10Z,user-del-1,del-101,bicycle,45.255631,19.817494,in_transit
geo_position,2026-06-01T08:46:20Z,user-del-1,del-101,bicycle,45.255987,19.817097,in_transit
geo_position,2026-06-01T08:46:30Z,user-del-1,del-101,bicycle,45.256678,19.81637,in_transit
geo_position,2026-06-01T08:46:40Z,user-del-1,del-101,bicycle,45.256189,19.815915,in_transit
geo_position,2026-06-01T08:46:50Z,user-del-1,del-101,bicycle,45.257237,19.816409,in_transit
geo_position,2026-06-01T08:47:00Z,user-del-1,del-101,bicycle,45.257439,19.816378,in_transit
geo_position,2026-06-01T08:47:10Z,user-del-1,del-101,bicycle,45.256417,19.816803,in_transit
geo_position,2026-06-01T08:47:20Z,user-del-1,del-101,bicycle,45.256111,19.816498,in_transit
geo_position,2026-06-01T08:47:30Z,user-del-1,del-101,bicycle,45.256494,19.817509,in_transit
geo_position,2026-06-01T08:47:40Z,user-del-1,del-101,bicycle,45.255645,19.816458,in_transit
geo_position,2026-06-01T08:47:50Z,user-del-1,del-101,bicycle,45.254447,19.817599,in_transit
geo_position,2026-06-01T08:48:00Z,user-del-1,del-101,bicycle,45.254372,19.817416,in_transit
geo_position,2026-06-01T08:48:10Z,user-del-1,del-101,bicycle,45.255146,19.818289,in_transit
geo_position,2026-06-01T08:48:20Z,user-del-1,del-101,bicycle,45.255678,19.81828,in_transit
geo_position,2026-06-01T08:48:30Z,user-del-1,del-101,bicycle,45.256501,19.81783,in_transit
geo_position,2026-06-01T08:48:40Z,user-del-1,del-101,bicycle,45.256187,19.818274,in_transit
geo_position,2026-06-01T08:48:50Z,user-del-1,del-101,bicycle,45.255393,19.817836,in_transit
geo_position,2026-06-01T08:49:00Z,user-del-1,del-101,bicycle,45.254989,19.818793,in_transit
geo_position,2026-06-01T08:49:10Z,user-del-1,del-101,bicycle,45.255117,19.818699,in_transit
geo_position,2026-06-01T08:49:20Z,user-del-1,del-101,bicycle,45.255626,19.819714,in_transit
geo_position,2026-06-01T08:49:30Z,user-del-1,del-101,bicycle,45.254531,19.820619,in_transit
geo_position,2026-06-01T08:49:40Z,user-del-1,del-101,bicycle,45.253615,19.821579,in_transit
geo_position,2026-06-01T08:49:50Z,user-del-1,del-101,bicycle,45.252951,19.820694,in_transit
geo_position,2026-06-01T08:50:00Z,user-del-1,del-101,bicycle,45.252301,19.820712,in_transit
geo_position,2026-06-01T08:50:10Z,user-del-1,del-101,bicycle,45.253066,19.820962,in_transit
geo_position,2026-06-01T08:50:20Z,user-del-1,del-101,bicycle,45.251868,19.821531,in_transit
geo_position,2026-06-01T08:50:30Z,user-del-1,del-101,bicycle,45.250897,19.821224,in_transit
geo_position,2026-06-01T08:50:40Z,user-del-1,del-101,bicycle,45.250075,19.820698,in_transit
geo_position,2026-06-01T08:50:50Z,user-del-1,del-101,bicycle,45.250387,19.821249,in_transit
geo_position,2026-06-01T08:51:00Z,user-del-1,del-101,bicycle,45.25156,19.821148,in_transit
geo_position,2026-06-01T08:51:10Z,user-del-1,del-101,bicycle,45.252504,19.820262,in_transit
geo_position,2026-06-01T08:51:20Z,user-del-1,del-101,bicycle,45.253653,19.819767,in_transit
geo_position,2026-06-01T08:51:30Z,user-del-1,del-101,bicycle,45.254741,19.81872,in_transit
geo_position,2026-06-01T08:51:40Z,user-del-1,del-101,bicycle,45.254349,19.819187,in_transit
geo_position,2026-06-01T08:51:50Z,user-del-1,del-101,bicycle,45.254541,19.818753,in_transit
geo_position,2026-06-01T08:52:00Z,user-del-1,del-101,bicycle,45.253669,19.818495,in_transit
geo_position,2026-06-01T08:52:10Z,user-del-1,del-101,bicycle,45.252512,19.817429,in_transit
geo_position,2026-06-01T08:52:20Z,user-del-1,del-101,bicycle,45.252837,19.817196,in_transit
geo_position,2026-06-01T08:52:30Z,user-del-1,del-101,bicycle,45.252841,19.816555,in_transit
geo_position,2026-06-01T08:52:40Z,user-del-1,del-101,bicycle,45.253932,19.817047,in_transit
geo_position,2026-06-01T08:52:50Z,user-del-1,del-101,bicycle,45.253884,19.817019,in_transit
geo_position,2026-06-01T08:53:00Z,user-del-1,del-101,bicycle,45.25311,19.817048,in_transit
geo_position,2026-06-01T08:53:10Z,user-del-1,del-101,bicycle,45.253089,19.818071,in_transit
geo_position,2026-06-01T08:53:20Z,user-del-1,del-101,bicycle,45.252819,19.817718,in_transit
geo_position,2026-06-01T08:53:30Z,user-del-1,del-101,bicycle,45.253404,19.817351,in_transit
geo_position,2026-06-01T08:53:40Z,user-del-1,del-101,bicycle,45.253249,19.817527,in_transit
geo_position,2026-06-01T08:53:50Z,user-del-1,del-101,bicycle,45.252749,19.817672,in_transit
geo_position,2026-06-01T08:54:00Z,user-del-1,del-101,bicycle,45.251867,19.816668,in_transit
geo_position,2026-06-01T08:54:10Z,user-del-1,del-101,bicycle,45.252726,19.816955,in_transit
geo_position,2026-06-01T08:54:20Z,user-del-1,del-101,bicycle,45.252075,19.816819,in_transit
geo_position,2026-06-01T08:54:30Z,user-del-1,del-101,bicycle,45.251527,19.816307,in_transit
geo_position,2026-06-01T08:54:40Z,user-del-1,del-101,bicycle,45.250641,19.816398,in_transit
geo_position,2026-06-01T08:54:50Z,user-del-1,del-101,bicycle,45.251312,19.815864,in_transit
geo_position,2026-06-01T08:55:00Z,user-del-1,del-101,bicycle,45.251265,19.815782,completed
geo_position,2026-06-01T08:55:10Z,user-del-1,del-101,bicycle,45.251295,19.815879,completed
geo_position,2026-06-01T08:55:20Z,user-del-1,del-101,bicycle,45.251384,19.815943,completed
geo_position,2026-06-01T08:55:30Z,user-del-1,del-101,bicycle,45.25131,19.815962,completed
geo_position,2026-06-01T08:55:40Z,user-del-1,del-101,bicycle,45.2513,19.815939,completed
geo_position,2026-06-01T08:55:50Z,user-del-1,del-101,bicycle,45.251318,19.816009,completed
geo_position,2026-06-01T09:08:00Z,user-del-1,del-102,bicycle,45.251456,19.811352,accepted
geo_position,2026-06-01T09:08:10Z,user-del-1,del-102,bicycle,45.252231,19.810896,accepted
geo_position,2026-06-01T09:08:20Z,user-del-1,del-102,bicycle,45.251149,19.811261,accepted
geo_position,2026-06-01T09:08:30Z,user-del-1,del-102,bicycle,45.251234,19.811883,accepted
geo_position,2026-06-01T09:08:40Z,user-del-1,del-102,bicycle,45.252414,19.813024,accepted
geo_position,2026-06-01T09:08:50Z,user-del-1,del-102,bicycle,45.252244,19.813071,accepted
geo_position,2026-06-01T09:09:00Z,user-del-1,del-102,bicycle,45.251968,19.812069,accepted
geo_position,2026-06-01T09:09:10Z,user-del-1,del-102,bicycle,45.250837,19.812918,accepted
geo_position,2026-06-01T09:09:20Z,user-del-1,del-102,bicycle,45.250997,19.81286,accepted
geo_position,2026-06-01T09:09:30Z,user-del-1,del-102,bicycle,45.250844,19.812982,accepted
geo_position,2026-06-01T09:09:40Z,user-del-1,del-102,bicycle,45.251133,19.813982,accepted
geo_position,2026-06-01T09:09:50Z,user-del-1,del-102,bicycle,45.251843,19.813778,accepted
geo_position,2026-06-01T09:10:00Z,user-del-1,del-102,bicycle,45.252697,19.814655,accepted
geo_position,2026-06-01T09:10:10Z,user-del-1,del-102,bicycle,45.251687,19.815595,accepted
geo_position,2026-06-01T09:10:20Z,user-del-1,del-102,bicycle,45.250544,19.815996,accepted
geo_position,2026-06-01T09:10:30Z,user-del-1,del-102,bicycle,45.249352,19.816241,accepted
geo_position,2026-06-01T09:10:40Z,user-del-1,del-102,bicycle,45.249241,19.815634,accepted
geo_position,2026-06-01T09:10:50Z,user-del-1,del-102,bicycle,45.250324,19.816673,accepted
geo_position,2026-06-01T09:11:00Z,user-del-1,del-102,bicycle,45.249563,19.817602,accepted
geo_position,2026-06-01T09:11:10Z,user-del-1,del-102,bicycle,45.250589,19.817403,accepted
geo_position,2026-06-01T09:11:20Z,user-del-1,del-102,bicycle,45.249805,19.816424,accepted
geo_position,2026-06-01T09:11:30Z,user-del-1,del-102,bicycle,45.2499,19.816388,accepted
geo_position,2026-06-01T09:11:40Z,user-del-1,del-102,bicycle,45.250476,19.816047,accepted
geo_position,2026-06-01T09:11:50Z,user-del-1,del-102,bicycle,45.25137,19.816233,accepted
geo_position,2026-06-01T09:12:00Z,user-del-1,del-102,bicycle,45.251136,19.816872,accepted
geo_position,2026-06-01T09:12:10Z,user-del-1,del-102,bicycle,45.250617,19.817857,accepted
geo_position,2026-06-01T09:12:20Z,user-del-1,del-102,bicycle,45.249552,19.817944,accepted
geo_position,2026-06-01T09:12:30Z,user-del-1,del-102,bicycle,45.250104,19.818694,accepted
geo_position,2026-06-01T09:12:40Z,user-del-1,del-102,bicycle,45.251169,19.819256,accepted
geo_position,2026-06-01T09:12:50Z,user-del-1,del-102,bicycle,45.250611,19.820042,accepted
geo_position,2026-06-01T09:13:00Z,user-del-1,del-102,bicycle,45.251362,19.819996,accepted
geo_position,2026-06-01T09:13:10Z,user-del-1,del-102,bicycle,45.251642,19.819017,accepted
geo_position,2026-06-01T09:13:20Z,user-del-1,del-102,bicycle,45.250889,19.817964,accepted
geo_position,2026-06-01T09:13:30Z,user-del-1,del-102,bicycle,45.251383,19.818066,accepted
geo_position,2026-06-01T09:13:40Z,user-del-1,del-102,bicycle,45.250644,19.818352,accepted
geo_position,2026-06-01T09:13:50Z,user-del-1,del-102,bicycle,45.249634,19.819336,accepted
geo_position,2026-06-01T09:14:00Z,user-del-1,del-102,bicycle,45.248833,19.819561,in_transit
geo_position,2026-06-01T09:14:10Z,user-del-1,del-102,bicycle,45.249502,19.820699,in_transit
geo_position,2026-06-01T09:14:20Z,user-del-1,del-102,bicycle,45.249003,19.820433,in_transit
geo_position,2026-06-01T09:14:30Z,user-del-1,del-102,bicycle,45.248066,19.820904,in_transit
geo_position,2026-06-01T09:14:40Z,user-del-1,del-102,bicycle,45.247405,19.819947,in_transit
geo_position,2026-06-01T09:14:50Z,user-del-1,del-102,bicycle,45.247687,19.818762,in_transit
geo_position,2026-06-01T09:15:00Z,user-del-1,del-102,bicycle,45.247501,19.818584,in_transit
geo_position,2026-06-01T09:15:10Z,user-del-1,del-102,bicycle,45.248689,19.819253,in_transit
geo_position,2026-06-01T09:15:20Z,user-del-1,del-102,bicycle,45.247946,19.818973,in_transit
geo_position,2026-06-01T09:15:30Z,user-del-1,del-102,bicycle,45.248621,19.81789,in_transit
geo_position,2026-06-01T09:15:40Z,user-del-1,del-102,bicycle,45.247891,19.818148,in_transit
geo_position,2026-06-01T09:15:50Z,user-del-1,del-102,bicycle,45.246735,19.81787,in_transit
geo_position,2026-06-01T09:16:00Z,user-del-1,del-102,bicycle,45.247162,19.818612,in_transit
geo_position,2026-06-01T09:16:10Z,user-del-1,del-102,bicycle,45.247515,19.819257,in_transit
geo_position,2026-06-01T09:16:20Z,user-del-1,del-102,bicycle,45.247791,19.819213,in_transit
geo_position,2026-06-01T09:16:30Z,user-del-1,del-102,bicycle,45.247483,19.818235,in_transit
geo_position,2026-06-01T09:16:40Z,user-del-1,del-102,bicycle,45.247676,19.817931,in_transit
geo_position,2026-06-01T09:16:50Z,user-del-1,del-102,bicycle,45.248567,19.817854,in_transit
geo_position,2026-06-01T09:17:00Z,user-del-1,del-102,bicycle,45.248775,19.818264,in_transit
geo_position,2026-06-01T09:17:10Z,user-del-1,del-102,bicycle,45.248345,19.817282,in_transit
geo_position,2026-06-01T09:17:20Z,user-del-1,del-102,bicycle,45.247351,19.817347,in_transit
geo_position,2026-06-01T09:17:30Z,user-del-1,del-102,bicycle,45.246763,19.817379,in_transit
geo_position,2026-06-01T09:17:40Z,user-del-1,del-102,bicycle,45.247087,19.81771,in_transit
geo_position,2026-06-01T09:17:50Z,user-del-1,del-102,bicycle,45.247046,19.817592,in_transit
geo_position,2026-06-01T09:18:00Z,user-del-1,del-102,bicycle,45.246579,19.817425,in_transit
geo_position,2026-06-01T09:18:10Z,user-del-1,del-102,bicycle,45.246003,19.81817,in_transit
geo_position,2026-06-01T09:18:20Z,user-del-1,del-102,bicycle,45.246937,19.818079,in_transit
geo_position,2026-06-01T09:18:30Z,user-del-1,del-102,bicycle,45.247931,19.817498,in_transit
geo_position,2026-06-01T09:18:40Z,user-del-1,del-102,bicycle,45.246783,19.81678,in_transit
geo_position,2026-06-01T09:18:50Z,user-del-1,del-102,bicycle,45.247702,19.816205,in_transit
geo_position,2026-06-01T09:19:00Z,user-del-1,del-102,bicycle,45.248801,19.815138,in_transit
geo_position,2026-06-01T09:19:10Z,user-del-1,del-102,bicycle,45.248386,19.815299,in_transit
geo_position,2026-06-01T09:19:20Z,user-del-1,del-102,bicycle,45.248514,19.816395,in_transit
geo_position,2026-06-01T09:19:30Z,user-del-1,del-102,bicycle,45.248797,19.816725,in_transit
geo_position,2026-06-01T09:19:40Z,user-del-1,del-102,bicycle,45.248139,19.816505,in_transit
geo_position,2026-06-01T09:19:50Z,user-del-1,del-102,bicycle,45.249071,19.817619,in_transit
geo_position,2026-06-01T09:20:00Z,user-del-1,del-102,bicycle,45.248844,19.817218,in_transit
geo_position,2026-06-01T09:20:10Z,user-del-1,del-102,bicycle,45.249538,19.816201,in_transit
geo_position,2026-06-01T09:20:20Z,user-del-1,del-102,bicycle,45.248758,19.817094,in_transit
geo_position,2026-06-01T09:20:30Z,user-del-1,del-102,bicycle,45.248297,19.817383,in_transit
geo_position,2026-06-01T09:20:40Z,user-del-1,del-102,bicycle,45.249002,19.817538,in_transit
geo_position,2026-06-01T09:20:50Z,user-del-1,del-102,bicycle,45.249434,19.816641,in_transit
geo_position,2026-06-01T09:21:00Z,user-del-1,del-102,bicycle,45.249401,19.815564,in_transit
geo_position,2026-06-01T09:21:10Z,user-del-1,del-102,bicycle,45.250566,19.815447,in_transit
geo_position,2026-06-01T09:21:20Z,user-del-1,del-102,bicycle,45.25172,19.814958,in_transit
geo_position,2026-06-01T09:21:30Z,user-del-1,del-102,bicycle,45.252872,19.813814,in_transit
geo_position,2026-06-01T09:21:40Z,user-del-1,del-102,bicycle,45.253273,19.813507,in_transit
geo_position,2026-06-01T09:21:50Z,user-del-1,del-102,bicycle,45.252459,19.813339,in_transit
geo_position,2026-06-01T09:22:00Z,user-del-1,del-102,bicycle,45.253409,19.813217,in_transit
geo_position,2026-06-01T09:22:10Z,user-del-1,del-102,bicycle,45.254262,19.812351,in_transit
geo_position,2026-06-01T09:22:20Z,user-del-1,del-102,bicycle,45.255059,19.811318,in_transit
geo_position,2026-06-01T09:22:30Z,user-del-1,del-102,bicycle,45.256134,19.811639,in_transit
geo_position,2026-06-01T09:22:40Z,user-del-1,del-102,bicycle,45.256438,19.8115,in_transit
geo_position,2026-06-01T09:22:50Z,user-del-1,del-102,bicycle,45.257153,19.811085,in_transit
geo_position,2026-06-01T09:23:00Z,user-del-1,del-102,bicycle,45.255959,19.811509,in_transit
geo_position,2026-06-01T09:23:10Z,user-del-1,del-102,bicycle,45.256522,19.812215,in_transit
geo_position,2026-06-01T09:23:20Z,user-del-1,del-102,bicycle,45.257147,19.811172,in_transit
geo_position,2026-06-01T09:23:30Z,user-del-1,del-102,bicycle,45.256223,19.810903,in_transit
geo_position,2026-06-01T09:23:40Z,user-del-1,del-102,bicycle,45.255456,19.811534,in_transit
geo_position,2026-06-01T09:23:50Z,user-del-1,del-102,bicycle,45.255011,19.812201,in_transit
geo_position,2026-06-01T09:24:00Z,user-del-1,del-102,bicycle,45.255657,19.812472,in_transit
geo_position,2026-06-01T09:24:10Z,user-del-1,del-102,bicycle,45.256124,19.81288,in_transit
geo_position,2026-06-01T09:24:20Z,user-del-1,del-102,bicycle,45.257088,19.812962,in_transit
geo_position,2026-06-01T09:24:30Z,user-del-1,del-102,bicycle,45.258052,19.813092,in_transit
geo_position,2026-06-01T09:24:40Z,user-del-1,del-102,bicycle,45.258465,19.812976,in_transit
geo_position,2026-06-01T09:24:50Z,user-del-1,del-102,bicycle,45.259192,19.813727,in_transit
geo_position,2026-06-01T09:25:00Z,user-del-1,del-102,bicycle,45.258462,19.814432,in_transit
geo_position,2026-06-01T09:25:10Z,user-del-1,del-102,bicycle,45.257934,19.813666,in_transit
geo_position,2026-06-01T09:25:20Z,user-del-1,del-102,bicycle,45.257766,19.812671,in_transit
geo_position,2026-06-01T09:25:30Z,user-del-1,del-102,bicycle,45.257882,19.813004,in_transit
geo_position,2026-06-01T09:25:40Z,user-del-1,del-102,bicycle,45.25733,19.813283,in_transit
geo_position,2026-06-01T09:25:50Z,user-del-1,del-102,bicycle,45.256314,19.81358,in_transit
geo_position,2026-06-01T09:26:00Z,user-del-1,del-102,bicycle,45.256709,19.813498,in_transit
geo_position,2026-06-01T09:26:10Z,user-del-1,del-102,bicycle,45.255976,19.814151,in_transit
geo_position,2026-06-01T09:26:20Z,user-del-1,del-102,bicycle,45.256523,19.814803,in_transit
geo_position,2026-06-01T09:26:30Z,user-del-1,del-102,bicycle,45.255491,19.815623,in_transit
geo_position,2026-06-01T09:26:40Z,user-del-1,del-102,bicycle,45.256162,19.815766,in_transit
geo_position,2026-06-01T09:26:50Z,user-del-1,del-102,bicycle,45.255271,19.816321,in_transit
geo_position,2026-06-01T09:27:00Z,user-del-1,del-102,bicycle,45.255301,19.816416,completed
geo_position,2026-06-01T09:27:10Z,user-del-1,del-102,bicycle,45.255238,19.816484,completed
geo_position,2026-06-01T09:27:20Z,user-del-1,del-102,bicycle,45.255284,19.816461,completed
geo_position,2026-06-01T09:27:30Z,user-del-1,del-102,bicycle,45.255336,19.81641,completed
geo_position,2026-06-01T09:27:40Z,user-del-1,del-102,bicycle,45.255277,19.81644,completed
geo_position,2026-06-01T09:27:50Z,user-del-1,del-102,bicycle,45.255307,19.816464,completed
geo_position,2026-06-01T09:28:00Z,user-del-1,del-102,bicycle,45.255285,19.816445,completed
geo_position,2026-06-01T09:28:10Z,user-del-1,del-102,bicycle,45.255375,19.816501,completed
geo_position,2026-06-01T09:28:20Z,user-del-1,del-102,bicycle,45.255317,19.816481,completed
geo_position,2026-06-01T09:28:30Z,user-del-1,del-102,bicycle,45.255226,19.816431,completed
geo_position,2026-06-01T09:28:40Z,user-del-1,del-102,bicycle,45.255293,19.816354,completed
geo_position,2026-06-01T09:28:50Z,user-del-1,del-102,bicycle,45.255196,19.816445,completed
geo_position,2026-06-01T09:46:00Z,user-del-1,del-103,bicycle,45.251702,19.818424,accepted
geo_position,2026-06-01T09:46:10Z,user-del-1,del-103,bicycle,45.252037,19.81852,accepted
geo_position,2026-06-01T09:46:20Z,user-del-1,del-103,bicycle,45.251199,19.81886,accepted
geo_position,2026-06-01T09:46:30Z,user-del-1,del-103,bicycle,45.251764,19.818583,accepted
geo_position,2026-06-01T09:46:40Z,user-del-1,del-103,bicycle,45.250627,19.818711,accepted
geo_position,2026-06-01T09:46:50Z,user-del-1,del-103,bicycle,45.25101,19.819561,accepted
geo_position,2026-06-01T09:47:00Z,user-del-1,del-103,bicycle,45.251502,19.819442,accepted
geo_position,2026-06-01T09:47:10Z,user-del-1,del-103,bicycle,45.252644,19.820618,accepted
geo_position,2026-06-01T09:47:20Z,user-del-1,del-103,bicycle,45.25255,19.820012,accepted
geo_position,2026-06-01T09:47:30Z,user-del-1,del-103,bicycle,45.251487,19.820384,accepted
geo_position,2026-06-01T09:47:40Z,user-del-1,del-103,bicycle,45.250868,19.819642,accepted
geo_position,2026-06-01T09:47:50Z,user-del-1,del-103,bicycle,45.249685,19.819585,accepted
geo_position,2026-06-01T09:48:00Z,user-del-1,del-103,bicycle,45.250782,19.818854,accepted
geo_position,2026-06-01T09:48:10Z,user-del-1,del-103,bicycle,45.250824,19.81925,accepted
geo_position,2026-06-01T09:48:20Z,user-del-1,del-103,bicycle,45.250597,19.819146,accepted
geo_position,2026-06-01T09:48:30Z,user-del-1,del-103,bicycle,45.24997,19.820067,accepted
geo_position,2026-06-01T09:48:40Z,user-del-1,del-103,bicycle,45.249201,19.820903,accepted
geo_position,2026-06-01T09:48:50Z,user-del-1,del-103,bicycle,45.249966,19.820147,accepted
geo_position,2026-06-01T09:49:00Z,user-del-1,del-103,bicycle,45.250251,19.819857,accepted
geo_position,2026-06-01T09:49:10Z,user-del-1,del-103,bicycle,45.250347,19.820929,accepted
geo_position,2026-06-01T09:49:20Z,user-del-1,del-103,bicycle,45.24941,19.82201,accepted
geo_position,2026-06-01T09:49:30Z,user-del-1,del-103,bicycle,45.248308,19.821459,accepted
geo_position,2026-06-01T09:49:40Z,user-del-1,del-103,bicycle,45.248798,19.821906,accepted
geo_position,2026-06-01T09:49:50Z,user-del-1,del-103,bicycle,45.24914,19.821789,accepted
geo_position,2026-06-01T09:50:00Z,user-del-1,del-103,bicycle,45.249037,19.822946,accepted
geo_position,2026-06-01T09:50:10Z,user-del-1,del-103,bicycle,45.247877,19.821964,accepted
geo_position,2026-06-01T09:50:20Z,user-del-1,del-103,bicycle,45.24745,19.821938,accepted
geo_position,2026-06-01T09:50:30Z,user-del-1,del-103,bicycle,45.248038,19.822545,accepted
geo_position,2026-06-01T09:50:40Z,user-del-1,del-103,bicycle,45.248521,19.82232,accepted
geo_position,2026-06-01T09:50:50Z,user-del-1,del-103,bicycle,45.248816,19.821385,accepted
geo_position,2026-06-01T09:51:00Z,user-del-1,del-103,bicycle,45.249813,19.821397,in_transit
geo_position,2026-06-01T09:51:10Z,user-del-1,del-103,bicycle,45.248666,19.820296,in_transit
geo_position,2026-06-01T09:51:20Z,user-del-1,del-103,bicycle,45.24761,19.819565,in_transit
geo_position,2026-06-01T09:51:30Z,user-del-1,del-103,bicycle,45.248421,19.818447,in_transit
geo_position,2026-06-01T09:51:40Z,user-del-1,del-103,bicycle,45.249301,19.817604,in_transit
geo_position,2026-06-01T09:51:50Z,user-del-1,del-103,bicycle,45.248789,19.818702,in_transit
geo_position,2026-06-01T09:52:00Z,user-del-1,del-103,bicycle,45.249334,19.819106,in_transit
geo_position,2026-06-01T09:52:10Z,user-del-1,del-103,bicycle,45.249515,19.820228,in_transit
geo_position,2026-06-01T09:52:20Z,user-del-1,del-103,bicycle,45.249361,19.820514,in_transit
geo_position,2026-06-01T09:52:30Z,user-del-1,del-103,bicycle,45.24817,19.821543,in_transit
geo_position,2026-06-01T09:52:40Z,user-del-1,del-103,bicycle,45.247249,19.822228,in_transit
geo_position,2026-06-01T09:52:50Z,user-del-1,del-103,bicycle,45.24705,19.82236,in_transit
geo_position,2026-06-01T09:53:00Z,user-del-1,del-103,bicycle,45.246033,19.821217,in_transit
geo_position,2026-06-01T09:53:10Z,user-del-1,del-103,bicycle,45.247072,19.820646,in_transit
geo_position,2026-06-01T09:53:20Z,user-del-1,del-103,bicycle,45.247658,19.819625,in_transit
geo_position,2026-06-01T09:53:30Z,user-del-1,del-103,bicycle,45.246756,19.819684,in_transit
geo_position,2026-06-01T09:53:40Z,user-del-1,del-103,bicycle,45.246653,19.81997,in_transit
geo_position,2026-06-01T09:53:50Z,user-del-1,del-103,bicycle,45.247442,19.819804,in_transit
geo_position,2026-06-01T09:54:00Z,user-del-1,del-103,bicycle,45.247122,19.819939,in_transit
geo_position,2026-06-01T09:54:10Z,user-del-1,del-103,bicycle,45.246396,19.819913,in_transit
geo_position,2026-06-01T09:54:20Z,user-del-1,del-103,bicycle,45.246357,19.820215,in_transit
geo_position,2026-06-01T09:54:30Z,user-del-1,del-103,bicycle,45.245876,19.820489,in_transit
geo_position,2026-06-01T09:54:40Z,user-del-1,del-103,bicycle,45.246196,19.820251,in_transit
geo_position,2026-06-01T09:54:50Z,user-del-1,del-103,bicycle,45.245903,19.819565,in_transit
geo_position,2026-06-01T09:55:00Z,user-del-1,del-103,bicycle,45.245556,19.82031,in_transit
geo_position,2026-06-01T09:55:10Z,user-del-1,del-103,bicycle,45.245115,19.821155,in_transit
geo_position,2026-06-01T09:55:20Z,user-del-1,del-103,bicycle,45.244041,19.820245,in_transit
geo_position,2026-06-01T09:55:30Z,user-del-1,del-103,bicycle,45.243864,19.820899,in_transit
geo_position,2026-06-01T09:55:40Z,user-del-1,del-103,bicycle,45.24344,19.821039,in_transit
geo_position,2026-06-01T09:55:50Z,user-del-1,del-103,bicycle,45.244164,19.820453,in_transit
geo_position,2026-06-01T09:56:00Z,user-del-1,del-103,bicycle,45.243222,19.820124,in_transit
geo_position,2026-06-01T09:56:10Z,user-del-1,del-103,bicycle,45.243665,19.820315,in_transit
geo_position,2026-06-01T09:56:20Z,user-del-1,del-103,bicycle,45.243983,19.819601,in_transit
geo_position,2026-06-01T09:56:30Z,user-del-1,del-103,bicycle,45.24415,19.819253,in_transit
geo_position,2026-06-01T09:56:40Z,user-del-1,del-103,bicycle,45.244197,19.820218,in_transit
geo_position,2026-06-01T09:56:50Z,user-del-1,del-103,bicycle,45.244127,19.821182,in_transit
geo_position,2026-06-01T09:57:00Z,user-del-1,del-103,bicycle,45.245233,19.820117,in_transit
geo_position,2026-06-01T09:57:10Z,user-del-1,del-103,bicycle,45.244967,19.818964,in_transit
geo_position,2026-06-01T09:57:20Z,user-del-1,del-103,bicycle,45.244778,19.819752,in_transit
geo_position,2026-06-01T09:57:30Z,user-del-1,del-103,bicycle,45.244728,19.819574,in_transit
geo_position,2026-06-01T09:57:40Z,user-del-1,del-103,bicycle,45.24503,19.819066,in_transit
geo_position,2026-06-01T09:57:50Z,user-del-1,del-103,bicycle,45.244182,19.818594,in_transit
geo_position,2026-06-01T09:58:00Z,user-del-1,del-103,bicycle,45.245106,19.819223,in_transit
geo_position,2026-06-01T09:58:10Z,user-del-1,del-103,bicycle,45.246124,19.818678,in_transit
geo_position,2026-06-01T09:58:20Z,user-del-1,del-103,bicycle,45.247031,19.819425,in_transit
geo_position,2026-06-01T09:58:30Z,user-del-1,del-103,bicycle,45.247942,19.818924,in_transit
geo_position,2026-06-01T09:58:40Z,user-del-1,del-103,bicycle,45.247394,19.818669,in_transit
geo_position,2026-06-01T09:58:50Z,user-del-1,del-103,bicycle,45.247085,19.819103,in_transit
geo_position,2026-06-01T09:59:00Z,user-del-1,del-103,bicycle,45.245894,19.818202,in_transit
geo_position,2026-06-01T09:59:10Z,user-del-1,del-103,bicycle,45.245433,19.81795,in_transit
geo_position,2026-06-01T09:59:20Z,user-del-1,del-103,bicycle,45.246049,19.818258,in_transit
geo_position,2026-06-01T09:59:30Z,user-del-1,del-103,bicycle,45.246104,19.819198,in_transit
geo_position,2026-06-01T09:59:40Z,user-del-1,del-103,bicycle,45.244996,19.819435,in_transit
geo_position,2026-06-01T09:59:50Z,user-del-1,del-103,bicycle,45.244908,19.819408,in_transit
geo_position,2026-06-01T10:00:00Z,user-del-1,del-103,bicycle,45.244556,19.8192,in_transit
geo_position,2026-06-01T10:00:10Z,user-del-1,del-103,bicycle,45.24406,19.819231,in_transit
geo_position,2026-06-01T10:00:20Z,user-del-1,del-103,bicycle,45.244469,19.81873,in_transit
geo_position,2026-06-01T10:00:30Z,user-del-1,del-103,bicycle,45.24525,19.817842,in_transit
geo_position,2026-06-01T10:00:40Z,user-del-1,del-103,bicycle,45.244182,19.817152,in_transit
geo_position,2026-06-01T10:00:50Z,user-del-1,del-103,bicycle,45.245065,19.81675,in_transit
geo_position,2026-06-01T10:01:00Z,user-del-1,del-103,bicycle,45.245346,19.816534,in_transit
geo_position,2026-06-01T10:01:10Z,user-del-1,del-103,bicycle,45.246046,19.815943,in_transit
geo_position,2026-06-01T10:01:20Z,user-del-1,del-103,bicycle,45.246962,19.815403,in_transit
geo_position,2026-06-01T10:01:30Z,user-del-1,del-103,bicycle,45.247629,19.814425,in_transit
geo_position,2026-06-01T10:01:40Z,user-del-1,del-103,bicycle,45.247206,19.813401,in_transit
geo_position,2026-06-01T10:01:50Z,user-del-1,del-103,bicycle,45.247756,19.81406,in_transit
geo_position,2026-06-01T10:02:00Z,user-del-1,del-103,bicycle,45.248412,19.815256,in_transit
geo_position,2026-06-01T10:02:10Z,user-del-1,del-103,bicycle,45.247596,19.814427,in_transit
geo_position,2026-06-01T10:02:20Z,user-del-1,del-103,bicycle,45.248122,19.813901,in_transit
geo_position,2026-06-01T10:02:30Z,user-del-1,del-103,bicycle,45.24876,19.814486,in_transit
geo_position,2026-06-01T10:02:40Z,user-del-1,del-103,bicycle,45.249872,19.814002,in_transit
geo_position,2026-06-01T10:02:50Z,user-del-1,del-103,bicycle,45.250374,19.81454,in_transit
geo_position,2026-06-01T10:03:00Z,user-del-1,del-103,bicycle,45.251376,19.815572,in_transit
geo_position,2026-06-01T10:03:10Z,user-del-1,del-103,bicycle,45.252444,19.816406,in_transit
geo_position,2026-06-01T10:03:20Z,user-del-1,del-103,bicycle,45.252699,19.816724,in_transit
geo_position,2026-06-01T10:03:30Z,user-del-1,del-103,bicycle,45.252352,19.817539,in_transit
geo_position,2026-06-01T10:03:40Z,user-del-1,del-103,bicycle,45.251221,19.81643,in_transit
geo_position,2026-06-01T10:03:50Z,user-del-1,del-103,bicycle,45.251552,19.8167,in_transit
geo_position,2026-06-01T10:04:00Z,user-del-1,del-103,bicycle,45.252332,19.816975,in_transit
geo_position,2026-06-01T10:04:10Z,user-del-1,del-103,bicycle,45.251914,19.816972,in_transit
geo_position,2026-06-01T10:04:20Z,user-del-1,del-103,bicycle,45.251324,19.816931,in_transit
geo_position,2026-06-01T10:04:30Z,user-del-1,del-103,bicycle,45.2503,19.816871,in_transit
geo_position,2026-06-01T10:04:40Z,user-del-1,del-103,bicycle,45.251109,19.816641,in_transit
geo_position,2026-06-01T10:04:50Z,user-del-1,del-103,bicycle,45.250306,19.81745,in_transit
geo_position,2026-06-01T10:05:00Z,user-del-1,del-103,bicycle,45.249979,19.816456,in_transit
geo_position,2026-06-01T10:05:10Z,user-del-1,del-103,bicycle,45.249788,19.815907,in_transit
geo_position,2026-06-01T10:05:20Z,user-del-1,del-103,bicycle,45.248771,19.815298,in_transit
geo_position,2026-06-01T10:05:30Z,user-del-1,del-103,bicycle,45.249145,19.815985,in_transit
geo_position,2026-06-01T10:05:40Z,user-del-1,del-103,bicycle,45.249407,19.817177,in_transit
geo_position,2026-06-01T10:05:50Z,user-del-1,del-103,bicycle,45.249565,19.816478,in_transit
geo_position,2026-06-01T10:06:00Z,user-del-1,del-103,bicycle,45.2496,19.816479,completed
geo_position,2026-06-01T10:06:10Z,user-del-1,del-103,bicycle,45.249631,19.816434,completed
geo_position,2026-06-01T10:06:20Z,user-del-1,del-103,bicycle,45.249586,19.816462,completed
geo_position,2026-06-01T10:06:30Z,user-del-1,del-103,bicycle,45.24968,19.816383,completed
geo_position,2026-06-01T10:06:40Z,user-del-1,del-103,bicycle,45.249756,19.816434,completed
geo_position,2026-06-01T10:06:50Z,user-del-1,del-103,bicycle,45.249707,19.816378,completed
geo_position,2026-06-01T10:07:00Z,user-del-1,del-103,bicycle,45.249728,19.816281,completed
geo_position,2026-06-01T10:07:10Z,user-del-1,del-103,bicycle,45.249745,19.816254,completed
geo_position,2026-06-01T10:07:20Z,user-del-1,del-103,bicycle,45.249698,19.816176,completed
geo_position,2026-06-01T10:07:30Z,user-del-1,del-103,bicycle,45.249775,19.816201,completed
geo_position,2026-06-01T10:07:40Z,user-del-1,del-103,bicycle,45.249837,19.816127,completed
geo_position,2026-06-01T10:07:50Z,user-del-1,del-103,bicycle,45.24982,19.816164,completed
geo_position,2026-06-01T10:22:00Z,user-del-1,del-104,bicycle,45.248025,19.817055,accepted
geo_position,2026-06-01T10:22:10Z,user-del-1,del-104,bicycle,45.249118,19.816644,accepted
geo_position,2026-06-01T10:22:20Z,user-del-1,del-104,bicycle,45.24956,19.816412,accepted
geo_position,2026-06-01T10:22:30Z,user-del-1,del-104,bicycle,45.24914,19.816535,accepted
geo_position,2026-06-01T10:22:40Z,user-del-1,del-104,bicycle,45.250111,19.81676,accepted
geo_position,2026-06-01T10:22:50Z,user-del-1,del-104,bicycle,45.251081,19.815759,accepted
geo_position,2026-06-01T10:23:00Z,user-del-1,del-104,bicycle,45.250518,19.815186,accepted
geo_position,2026-06-01T10:23:10Z,user-del-1,del-104,bicycle,45.250917,19.814041,accepted
geo_position,2026-06-01T10:23:20Z,user-del-1,del-104,bicycle,45.252031,19.814441,accepted
geo_position,2026-06-01T10:23:30Z,user-del-1,del-104,bicycle,45.252537,19.814563,accepted
geo_position,2026-06-01T10:23:40Z,user-del-1,del-104,bicycle,45.252703,19.814515,accepted
geo_position,2026-06-01T10:23:50Z,user-del-1,del-104,bicycle,45.253512,19.814526,accepted
geo_position,2026-06-01T10:24:00Z,user-del-1,del-104,bicycle,45.253057,19.813977,accepted
geo_position,2026-06-01T10:24:10Z,user-del-1,del-104,bicycle,45.252202,19.813075,accepted
geo_position,2026-06-01T10:24:20Z,user-del-1,del-104,bicycle,45.252109,19.812513,accepted
geo_position,2026-06-01T10:24:30Z,user-del-1,del-104,bicycle,45.253233,19.811971,accepted
geo_position,2026-06-01T10:24:40Z,user-del-1,del-104,bicycle,45.25345,19.812085,accepted
geo_position,2026-06-01T10:24:50Z,user-del-1,del-104,bicycle,45.254477,19.813089,accepted
geo_position,2026-06-01T10:25:00Z,user-del-1,del-104,bicycle,45.255299,19.813087,accepted
geo_position,2026-06-01T10:25:10Z,user-del-1,del-104,bicycle,45.254857,19.813761,accepted
geo_position,2026-06-01T10:25:20Z,user-del-1,del-104,bicycle,45.254194,19.813992,accepted
geo_position,2026-06-01T10:25:30Z,user-del-1,del-104,bicycle,45.253711,19.812986,accepted
geo_position,2026-06-01T10:25:40Z,user-del-1,del-104,bicycle,45.252643,19.813341,accepted
geo_position,2026-06-01T10:25:50Z,user-del-1,del-104,bicycle,45.253761,19.812379,accepted
geo_position,2026-06-01T10:26:00Z,user-del-1,del-104,bicycle,45.254898,19.811874,in_transit
geo_position,2026-06-01T10:26:10Z,user-del-1,del-104,bicycle,45.253919,19.811488,in_transit
geo_position,2026-06-01T10:26:20Z,user-del-1,del-104,bicycle,45.254606,19.811472,in_transit
geo_position,2026-06-01T10:26:30Z,user-del-1,del-104,bicycle,45.255745,19.811503,in_transit
geo_position,2026-06-01T10:26:40Z,user-del-1,del-104,bicycle,45.255325,19.812402,in_transit
geo_position,2026-06-01T10:26:50Z,user-del-1,del-104,bicycle,45.254208,19.811541,in_transit
geo_position,2026-06-01T10:27:00Z,user-del-1,del-104,bicycle,45.254283,19.812449,in_transit
geo_position,2026-06-01T10:27:10Z,user-del-1,del-104,bicycle,45.255278,19.813222,in_transit
geo_position,2026-06-01T10:27:20Z,user-del-1,del-104,bicycle,45.254949,19.813654,in_transit
geo_position,2026-06-01T10:27:30Z,user-del-1,del-104,bicycle,45.254356,19.814374,in_transit
geo_position,2026-06-01T10:27:40Z,user-del-1,del-104,bicycle,45.25382,19.813872,in_transit
geo_position,2026-06-01T10:27:50Z,user-del-1,del-104,bicycle,45.253826,19.812857,in_transit
geo_position,2026-06-01T10:28:00Z,user-del-1,del-104,bicycle,45.254503,19.813672,in_transit
geo_position,2026-06-01T10:28:10Z,user-del-1,del-104,bicycle,45.254954,19.813598,in_transit
geo_position,2026-06-01T10:28:20Z,user-del-1,del-104,bicycle,45.25489,19.814575,in_transit
geo_position,2026-06-01T10:28:30Z,user-del-1,del-104,bicycle,45.254427,19.813893,in_transit
geo_position,2026-06-01T10:28:40Z,user-del-1,del-104,bicycle,45.254688,19.814309,in_transit
geo_position,2026-06-01T10:28:50Z,user-del-1,del-104,bicycle,45.254716,19.813904,in_transit
geo_position,2026-06-01T10:29:00Z,user-del-1,del-104,bicycle,45.253589,19.814995,in_transit
geo_position,2026-06-01T10:29:10Z,user-del-1,del-104,bicycle,45.254579,19.816183,in_transit
geo_position,2026-06-01T10:29:20Z,user-del-1,del-104,bicycle,45.254348,19.816112,in_transit
geo_position,2026-06-01T10:29:30Z,user-del-1,del-104,bicycle,45.255038,19.816485,in_transit
geo_position,2026-06-01T10:29:40Z,user-del-1,del-104,bicycle,45.254436,19.817676,in_transit
geo_position,2026-06-01T10:29:50Z,user-del-1,del-104,bicycle,45.255495,19.816837,in_transit
geo_position,2026-06-01T10:30:00Z,user-del-1,del-104,bicycle,45.254548,19.815859,in_transit
geo_position,2026-06-01T10:30:10Z,user-del-1,del-104,bicycle,45.254981,19.81651,in_transit
geo_position,2026-06-01T10:30:20Z,user-del-1,del-104,bicycle,45.256019,19.815755,in_transit
geo_position,2026-06-01T10:30:30Z,user-del-1,del-104,bicycle,45.256749,19.814633,in_transit
geo_position,2026-06-01T10:30:40Z,user-del-1,del-104,bicycle,45.257527,19.813914,in_transit
geo_position,2026-06-01T10:30:50Z,user-del-1,del-104,bicycle,45.258552,19.812889,in_transit
geo_position,2026-06-01T10:31:00Z,user-del-1,del-104,bicycle,45.259655,19.813856,in_transit
geo_position,2026-06-01T10:31:10Z,user-del-1,del-104,bicycle,45.260373,19.81494,in_transit
geo_position,2026-06-01T10:31:20Z,user-del-1,del-104,bicycle,45.260271,19.814885,in_transit
geo_position,2026-06-01T10:31:30Z,user-del-1,del-104,bicycle,45.259783,19.815552,in_transit
geo_position,2026-06-01T10:31:40Z,user-del-1,del-104,bicycle,45.25898,19.815195,in_transit
geo_position,2026-06-01T10:31:50Z,user-del-1,del-104,bicycle,45.25892,19.815904,in_transit
geo_position,2026-06-01T10:32:00Z,user-del-1,del-104,bicycle,45.259259,19.816494,in_transit
geo_position,2026-06-01T10:32:10Z,user-del-1,del-104,bicycle,45.258858,19.816751,in_transit
geo_position,2026-06-01T10:32:20Z,user-del-1,del-104,bicycle,45.258186,19.816427,in_transit
geo_position,2026-06-01T10:32:30Z,user-del-1,del-104,bicycle,45.25731,19.816353,in_transit
geo_position,2026-06-01T10:32:40Z,user-del-1,del-104,bicycle,45.256336,19.815289,in_transit
geo_position,2026-06-01T10:32:50Z,user-del-1,del-104,bicycle,45.25746,19.814881,in_transit
geo_position,2026-06-01T10:33:00Z,user-del-1,del-104,bicycle,45.258637,19.815532,in_transit
geo_position,2026-06-01T10:33:10Z,user-del-1,del-104,bicycle,45.259045,19.816403,in_transit
geo_position,2026-06-01T10:33:20Z,user-del-1,del-104,bicycle,45.257897,19.816281,in_transit
geo_position,2026-06-01T10:33:30Z,user-del-1,del-104,bicycle,45.258636,19.815938,in_transit
geo_position,2026-06-01T10:33:40Z,user-del-1,del-104,bicycle,45.258839,19.816928,in_transit
geo_position,2026-06-01T10:33:50Z,user-del-1,del-104,bicycle,45.25975,19.817941,in_transit
geo_position,2026-06-01T10:34:00Z,user-del-1,del-104,bicycle,45.259733,19.816982,in_transit
geo_position,2026-06-01T10:34:10Z,user-del-1,del-104,bicycle,45.259167,19.816251,in_transit
geo_position,2026-06-01T10:34:20Z,user-del-1,del-104,bicycle,45.259854,19.815485,in_transit
geo_position,2026-06-01T10:34:30Z,user-del-1,del-104,bicycle,45.258724,19.814777,in_transit
geo_position,2026-06-01T10:34:40Z,user-del-1,del-104,bicycle,45.259719,19.815171,in_transit
geo_position,2026-06-01T10:34:50Z,user-del-1,del-104,bicycle,45.259628,19.815975,in_transit
geo_position,2026-06-01T10:35:00Z,user-del-1,del-104,bicycle,45.259185,19.815497,in_transit
geo_position,2026-06-01T10:35:10Z,user-del-1,del-104,bicycle,45.260233,19.815041,in_transit
geo_position,2026-06-01T10:35:20Z,user-del-1,del-104,bicycle,45.261318,19.814131,in_transit
geo_position,2026-06-01T10:35:30Z,user-del-1,del-104,bicycle,45.261698,19.815183,in_transit
geo_position,2026-06-01T10:35:40Z,user-del-1,del-104,bicycle,45.261529,19.814917,in_transit
geo_position,2026-06-01T10:35:50Z,user-del-1,del-104,bicycle,45.260756,19.815996,in_transit
geo_position,2026-06-01T10:36:00Z,user-del-1,del-104,bicycle,45.26049,19.816559,in_transit
geo_position,2026-06-01T10:36:10Z,user-del-1,del-104,bicycle,45.26112,19.817107,in_transit
geo_position,2026-06-01T10:36:20Z,user-del-1,del-104,bicycle,45.261061,19.817352,in_transit
geo_position,2026-06-01T10:36:30Z,user-del-1,del-104,bicycle,45.260671,19.81827,in_transit
geo_position,2026-06-01T10:36:40Z,user-del-1,del-104,bicycle,45.26128,19.817289,in_transit
geo_position,2026-06-01T10:36:50Z,user-del-1,del-104,bicycle,45.260901,19.816814,in_transit
geo_position,2026-06-01T10:37:00Z,user-del-1,del-104,bicycle,45.262044,19.815689,in_transit
geo_position,2026-06-01T10:37:10Z,user-del-1,del-104,bicycle,45.262686,19.816538,in_transit
geo_position,2026-06-01T10:37:20Z,user-del-1,del-104,bicycle,45.262781,19.817507,in_transit
geo_position,2026-06-01T10:37:30Z,user-del-1,del-104,bicycle,45.262835,19.817269,in_transit
geo_position,2026-06-01T10:37:40Z,user-del-1,del-104,bicycle,45.263463,19.816751,in_transit
geo_position,2026-06-01T10:37:50Z,user-del-1,del-104,bicycle,45.26253,19.816242,in_transit
geo_position,2026-06-01T10:38:00Z,user-del-1,del-104,bicycle,45.261471,19.816757,in_transit
geo_position,2026-06-01T10:38:10Z,user-del-1,del-104,bicycle,45.262035,19.815686,in_transit
geo_position,2026-06-01T10:38:20Z,user-del-1,del-104,bicycle,45.26284,19.815035,in_transit
geo_position,2026-06-01T10:38:30Z,user-del-1,del-104,bicycle,45.262011,19.815429,in_transit
geo_position,2026-06-01T10:38:40Z,user-del-1,del-104,bicycle,45.26162,19.815787,in_transit
geo_position,2026-06-01T10:38:50Z,user-del-1,del-104,bicycle,45.261746,19.81503,in_transit
geo_position,2026-06-01T10:39:00Z,user-del-1,del-104,bicycle,45.262505,19.81548,in_transit
geo_position,2026-06-01T10:39:10Z,user-del-1,del-104,bicycle,45.263534,19.815673,in_transit
geo_position,2026-06-01T10:39:20Z,user-del-1,del-104,bicycle,45.264367,19.815023,in_transit
geo_position,2026-06-01T10:39:30Z,user-del-1,del-104,bicycle,45.264943,19.814305,in_transit
geo_position,2026-06-01T10:39:40Z,user-del-1,del-104,bicycle,45.265259,19.814118,in_transit
geo_position,2026-06-01T10:39:50Z,user-del-1,del-104,bicycle,45.265248,19.815128,in_transit
geo_position,2026-06-01T10:40:00Z,user-del-1,del-104,bicycle,45.264082,19.81606,in_transit
geo_position,2026-06-01T10:40:10Z,user-del-1,del-104,bicycle,45.263244,19.81565,in_transit
geo_position,2026-06-01T10:40:20Z,user-del-1,del-104,bicycle,45.262552,19.815574,in_transit
geo_position,2026-06-01T10:40:30Z,user-del-1,del-104,bicycle,45.263053,19.815102,in_transit
geo_position,2026-06-01T10:40:40Z,user-del-1,del-104,bicycle,45.262042,19.814726,in_transit
geo_position,2026-06-01T10:40:50Z,user-del-1,del-104,bicycle,45.26153,19.813752,in_transit
geo_position,2026-06-01T10:41:00Z,user-del-1,del-104,bicycle,45.260425,19.813606,in_transit
geo_position,2026-06-01T10:41:10Z,user-del-1,del-104,bicycle,45.259419,19.813245,in_transit
geo_position,2026-06-01T10:41:20Z,user-del-1,del-104,bicycle,45.258791,19.814379,in_transit
geo_position,2026-06-01T10:41:30Z,user-del-1,del-104,bicycle,45.259675,19.814561,in_transit
geo_position,2026-06-01T10:41:40Z,user-del-1,del-104,bicycle,45.258531,19.815045,in_transit
geo_position,2026-06-01T10:41:50Z,user-del-1,del-104,bicycle,45.258762,19.815079,in_transit
geo_position,2026-06-01T10:42:00Z,user-del-1,del-104,bicycle,45.259366,19.814743,in_transit
geo_position,2026-06-01T10:42:10Z,user-del-1,del-104,bicycle,45.258242,19.81479,in_transit
geo_position,2026-06-01T10:42:20Z,user-del-1,del-104,bicycle,45.258507,19.815611,in_transit
geo_position,2026-06-01T10:42:30Z,user-del-1,del-104,bicycle,45.257309,19.815389,in_transit
geo_position,2026-06-01T10:42:40Z,user-del-1,del-104,bicycle,45.25695,19.815584,in_transit
geo_position,2026-06-01T10:42:50Z,user-del-1,del-104,bicycle,45.256082,19.81496,in_transit
geo_position,2026-06-01T10:43:00Z,user-del-1,del-104,bicycle,45.257032,19.816118,in_transit
geo_position,2026-06-01T10:43:10Z,user-del-1,del-104,bicycle,45.256864,19.816272,in_transit
geo_position,2026-06-01T10:43:20Z,user-del-1,del-104,bicycle,45.25624,19.817371,in_transit
geo_position,2026-06-01T10:43:30Z,user-del-1,del-104,bicycle,45.255091,19.816848,in_transit
geo_position,2026-06-01T10:43:40Z,user-del-1,del-104,bicycle,45.255215,19.816355,in_transit
geo_position,2026-06-01T10:43:50Z,user-del-1,del-104,bicycle,45.25543,19.815488,in_transit
geo_position,2026-06-01T10:44:00Z,user-del-1,del-104,bicycle,45.255925,19.814596,in_transit
geo_position,2026-06-01T10:44:10Z,user-del-1,del-104,bicycle,45.256258,19.814451,in_transit
geo_position,2026-06-01T10:44:20Z,user-del-1,del-104,bicycle,45.25702,19.815416,in_transit
geo_position,2026-06-01T10:44:30Z,user-del-1,del-104,bicycle,45.256791,19.815754,in_transit
geo_position,2026-06-01T10:44:40Z,user-del-1,del-104,bicycle,45.257155,19.816098,in_transit
geo_position,2026-06-01T10:44:50Z,user-del-1,del-104,bicycle,45.258136,19.816731,in_transit
geo_position,2026-06-01T10:45:00Z,user-del-1,del-104,bicycle,45.259302,19.816244,in_transit
geo_position,2026-06-01T10:45:10Z,user-del-1,del-104,bicycle,45.260422,19.81681,in_transit
geo_position,2026-06-01T10:45:20Z,user-del-1,del-104,bicycle,45.260869,19.817325,in_transit
geo_position,2026-06-01T10:45:30Z,user-del-1,del-104,bicycle,45.261507,19.817672,in_transit
geo_position,2026-06-01T10:45:40Z,user-del-1,del-104,bicycle,45.261732,19.818674,in_transit
geo_position,2026-06-01T10:45:50Z,user-del-1,del-104,bicycle,45.261902,19.818252,in_transit
geo_position,2026-06-01T10:46:00Z,user-del-1,del-104,bicycle,45.261858,19.818289,completed
geo_position,2026-06-01T10:46:10Z,user-del-1,del-104,bicycle,45.261842,19.818209,completed
geo_position,2026-06-01T10:46:20Z,user-del-1,del-104,bicycle,45.261816,19.818268,completed
geo_position,2026-06-01T10:46:30Z,user-del-1,del-104,bicycle,45.261767,19.818337,completed
geo_position,2026-06-01T10:46:40Z,user-del-1,del-104,bicycle,45.261712,19.818356,completed
geo_position,2026-06-01T10:46:50Z,user-del-1,del-104,bicycle,45.261796,19.818427,completed
geo_position,2026-06-01T10:47:00Z,user-del-1,del-104,bicycle,45.261724,19.818473,completed
geo_position,2026-06-01T10:47:10Z,user-del-1,del-104,bicycle,45.261696,19.818521,completed
geo_position,2026-06-01T10:47:20Z,user-del-1,del-104,bicycle,45.261672,19.818598,completed
geo_position,2026-06-01T10:47:30Z,user-del-1,del-104,bicycle,45.261761,19.818663,completed
geo_position,2026-06-01T10:47:40Z,user-del-1,del-104,bicycle,45.261711,19.818579,completed
geo_position,2026-06-01T10:47:50Z,user-del-1,del-104,bicycle,45.261638,19.818549,completed
geo_position,2026-06-01T11:00:00Z,user-del-1,del-105,bicycle,45.265103,19.822293,accepted
geo_position,2026-06-01T11:00:10Z,user-del-1,del-105,bicycle,45.264912,19.82233,accepted
geo_position,2026-06-01T11:00:20Z,user-del-1,del-105,bicycle,45.264617,19.823435,accepted
geo_position,2026-06-01T11:00:30Z,user-del-1,del-105,bicycle,45.265122,19.82298,accepted
geo_position,2026-06-01T11:00:40Z,user-del-1,del-105,bicycle,45.265632,19.823899,accepted
geo_position,2026-06-01T11:00:50Z,user-del-1,del-105,bicycle,45.266343,19.82483,accepted
geo_position,2026-06-01T11:01:00Z,user-del-1,del-105,bicycle,45.266839,19.824005,accepted
geo_position,2026-06-01T11:01:10Z,user-del-1,del-105,bicycle,45.267743,19.823457,accepted
geo_position,2026-06-01T11:01:20Z,user-del-1,del-105,bicycle,45.267605,19.824031,accepted
geo_position,2026-06-01T11:01:30Z,user-del-1,del-105,bicycle,45.267191,19.822895,accepted
geo_position,2026-06-01T11:01:40Z,user-del-1,del-105,bicycle,45.267418,19.821839,accepted
geo_position,2026-06-01T11:01:50Z,user-del-1,del-105,bicycle,45.267966,19.820644,accepted
geo_position,2026-06-01T11:02:00Z,user-del-1,del-105,bicycle,45.268808,19.819828,accepted
geo_position,2026-06-01T11:02:10Z,user-del-1,del-105,bicycle,45.269568,19.819568,accepted
geo_position,2026-06-01T11:02:20Z,user-del-1,del-105,bicycle,45.268899,19.819856,accepted
geo_position,2026-06-01T11:02:30Z,user-del-1,del-105,bicycle,45.26793,19.821007,accepted
geo_position,2026-06-01T11:02:40Z,user-del-1,del-105,bicycle,45.268302,19.822192,accepted
geo_position,2026-06-01T11:02:50Z,user-del-1,del-105,bicycle,45.267348,19.821658,accepted
geo_position,2026-06-01T11:03:00Z,user-del-1,del-105,bicycle,45.267116,19.820683,in_transit
geo_position,2026-06-01T11:03:10Z,user-del-1,del-105,bicycle,45.267146,19.820722,in_transit
geo_position,2026-06-01T11:03:20Z,user-del-1,del-105,bicycle,45.265983,19.819835,in_transit
geo_position,2026-06-01T11:03:30Z,user-del-1,del-105,bicycle,45.265777,19.820965,in_transit
geo_position,2026-06-01T11:03:40Z,user-del-1,del-105,bicycle,45.265762,19.821724,in_transit
geo_position,2026-06-01T11:03:50Z,user-del-1,del-105,bicycle,45.266573,19.82253,in_transit
geo_position,2026-06-01T11:04:00Z,user-del-1,del-105,bicycle,45.266803,19.821566,in_transit
geo_position,2026-06-01T11:04:10Z,user-del-1,del-105,bicycle,45.266834,19.820794,in_transit
geo_position,2026-06-01T11:04:20Z,user-del-1,del-105,bicycle,45.267795,19.820315,in_transit
geo_position,2026-06-01T11:04:30Z,user-del-1,del-105,bicycle,45.266823,19.819518,in_transit
geo_position,2026-06-01T11:04:40Z,user-del-1,del-105,bicycle,45.266307,19.819339,in_transit
geo_position,2026-06-01T11:04:50Z,user-del-1,del-105,bicycle,45.266048,19.818907,in_transit
geo_position,2026-06-01T11:05:00Z,user-del-1,del-105,bicycle,45.266295,19.818985,in_transit
geo_position,2026-06-01T11:05:10Z,user-del-1,del-105,bicycle,45.266417,19.817858,in_transit
geo_position,2026-06-01T11:05:20Z,user-del-1,del-105,bicycle,45.265793,19.818904,in_transit
geo_position,2026-06-01T11:05:30Z,user-del-1,del-105,bicycle,45.266884,19.819192,in_transit
geo_position,2026-06-01T11:05:40Z,user-del-1,del-105,bicycle,45.267064,19.819586,in_transit
geo_position,2026-06-01T11:05:50Z,user-del-1,del-105,bicycle,45.267926,19.820271,in_transit
geo_position,2026-06-01T11:06:00Z,user-del-1,del-105,bicycle,45.267297,19.819115,in_transit
geo_position,2026-06-01T11:06:10Z,user-del-1,del-105,bicycle,45.266797,19.819303,in_transit
geo_position,2026-06-01T11:06:20Z,user-del-1,del-105,bicycle,45.266074,19.818955,in_transit
geo_position,2026-06-01T11:06:30Z,user-del-1,del-105,bicycle,45.266452,19.818453,in_transit
geo_position,2026-06-01T11:06:40Z,user-del-1,del-105,bicycle,45.265536,19.817531,in_transit
geo_position,2026-06-01T11:06:50Z,user-del-1,del-105,bicycle,45.265721,19.817793,in_transit
geo_position,2026-06-01T11:07:00Z,user-del-1,del-105,bicycle,45.265703,19.818415,in_transit
geo_position,2026-06-01T11:07:10Z,user-del-1,del-105,bicycle,45.265846,19.817748,in_transit
geo_position,2026-06-01T11:07:20Z,user-del-1,del-105,bicycle,45.266154,19.81748,in_transit
geo_position,2026-06-01T11:07:30Z,user-del-1,del-105,bicycle,45.26501,19.81826,in_transit
geo_position,2026-06-01T11:07:40Z,user-del-1,del-105,bicycle,45.264366,19.817478,in_transit
geo_position,2026-06-01T11:07:50Z,user-del-1,del-105,bicycle,45.264585,19.817276,in_transit
geo_position,2026-06-01T11:08:00Z,user-del-1,del-105,bicycle,45.265322,19.817454,in_transit
geo_position,2026-06-01T11:08:10Z,user-del-1,del-105,bicycle,45.266482,19.816329,in_transit
geo_position,2026-06-01T11:08:20Z,user-del-1,del-105,bicycle,45.266211,19.81634,in_transit
geo_position,2026-06-01T11:08:30Z,user-del-1,del-105,bicycle,45.265818,19.815712,in_transit
geo_position,2026-06-01T11:08:40Z,user-del-1,del-105,bicycle,45.266937,19.816565,in_transit
geo_position,2026-06-01T11:08:50Z,user-del-1,del-105,bicycle,45.266516,19.816646,in_transit
geo_position,2026-06-01T11:09:00Z,user-del-1,del-105,bicycle,45.26609,19.816584,in_transit
geo_position,2026-06-01T11:09:10Z,user-del-1,del-105,bicycle,45.265012,19.817192,in_transit
geo_position,2026-06-01T11:09:20Z,user-del-1,del-105,bicycle,45.264411,19.817264,in_transit
geo_position,2026-06-01T11:09:30Z,user-del-1,del-105,bicycle,45.265483,19.816376,in_transit
geo_position,2026-06-01T11:09:40Z,user-del-1,del-105,bicycle,45.2656,19.817006,in_transit
geo_position,2026-06-01T11:09:50Z,user-del-1,del-105,bicycle,45.264462,19.815913,in_transit
geo_position,2026-06-01T11:10:00Z,user-del-1,del-105,bicycle,45.264698,19.815629,in_transit
geo_position,2026-06-01T11:10:10Z,user-del-1,del-105,bicycle,45.264297,19.816768,in_transit
geo_position,2026-06-01T11:10:20Z,user-del-1,del-105,bicycle,45.264799,19.815596,in_transit
geo_position,2026-06-01T11:10:30Z,user-del-1,del-105,bicycle,45.265027,19.815239,in_transit
geo_position,2026-06-01T11:10:40Z,user-del-1,del-105,bicycle,45.265073,19.814119,in_transit
geo_position,2026-06-01T11:10:50Z,user-del-1,del-105,bicycle,45.26474,19.81298,in_transit
geo_position,2026-06-01T11:11:00Z,user-del-1,del-105,bicycle,45.263645,19.812386,in_transit
geo_position,2026-06-01T11:11:10Z,user-del-1,del-105,bicycle,45.263992,19.811486,in_transit
geo_position,2026-06-01T11:11:20Z,user-del-1,del-105,bicycle,45.262882,19.810532,in_transit
geo_position,2026-06-01T11:11:30Z,user-del-1,del-105,bicycle,45.263346,19.81089,in_transit
geo_position,2026-06-01T11:11:40Z,user-del-1,del-105,bicycle,45.262752,19.811293,in_transit
geo_position,2026-06-01T11:11:50Z,user-del-1,del-105,bicycle,45.26221,19.811696,in_transit
geo_position,2026-06-01T11:12:00Z,user-del-1,del-105,bicycle,45.262313,19.81286,in_transit
geo_position,2026-06-01T11:12:10Z,user-del-1,del-105,bicycle,45.262447,19.812962,in_transit
geo_position,2026-06-01T11:12:20Z,user-del-1,del-105,bicycle,45.26307,19.8138,in_transit
geo_position,2026-06-01T11:12:30Z,user-del-1,del-105,bicycle,45.262893,19.813022,in_transit
geo_position,2026-06-01T11:12:40Z,user-del-1,del-105,bicycle,45.261723,19.812768,in_transit
geo_position,2026-06-01T11:12:50Z,user-del-1,del-105,bicycle,45.261921,19.813379,in_transit
geo_position,2026-06-01T11:13:00Z,user-del-1,del-105,bicycle,45.261427,19.813597,in_transit
geo_position,2026-06-01T11:13:10Z,user-del-1,del-105,bicycle,45.262489,19.813888,in_transit
geo_position,2026-06-01T11:13:20Z,user-del-1,del-105,bicycle,45.263192,19.814018,in_transit
geo_position,2026-06-01T11:13:30Z,user-del-1,del-105,bicycle,45.2625,19.814925,in_transit
geo_position,2026-06-01T11:13:40Z,user-del-1,del-105,bicycle,45.261394,19.815774,in_transit
geo_position,2026-06-01T11:13:50Z,user-del-1,del-105,bicycle,45.261536,19.815731,in_transit
geo_position,2026-06-01T11:14:00Z,user-del-1,del-105,bicycle,45.261672,19.81554,in_transit
geo_position,2026-06-01T11:14:10Z,user-del-1,del-105,bicycle,45.262008,19.814734,in_transit
geo_position,2026-06-01T11:14:20Z,user-del-1,del-105,bicycle,45.261501,19.814517,in_transit
geo_position,2026-06-01T11:14:30Z,user-del-1,del-105,bicycle,45.261438,19.813765,in_transit
geo_position,2026-06-01T11:14:40Z,user-del-1,del-105,bicycle,45.262326,19.813298,in_transit
geo_position,2026-06-01T11:14:50Z,user-del-1,del-105,bicycle,45.263489,19.812283,in_transit
geo_position,2026-06-01T11:15:00Z,user-del-1,del-105,bicycle,45.264628,19.812912,in_transit
geo_position,2026-06-01T11:15:10Z,user-del-1,del-105,bicycle,45.26565,19.812729,in_transit
geo_position,2026-06-01T11:15:20Z,user-del-1,del-105,bicycle,45.266671,19.812002,in_transit
geo_position,2026-06-01T11:15:30Z,user-del-1,del-105,bicycle,45.267013,19.811358,in_transit
geo_position,2026-06-01T11:15:40Z,user-del-1,del-105,bicycle,45.266146,19.812141,in_transit
geo_position,2026-06-01T11:15:50Z,user-del-1,del-105,bicycle,45.265235,19.811485,in_transit
geo_position,2026-06-01T11:16:00Z,user-del-1,del-105,bicycle,45.264367,19.810885,in_transit
geo_position,2026-06-01T11:16:10Z,user-del-1,del-105,bicycle,45.264905,19.810545,in_transit
geo_position,2026-06-01T11:16:20Z,user-del-1,del-105,bicycle,45.264247,19.809542,in_transit
geo_position,2026-06-01T11:16:30Z,user-del-1,del-105,bicycle,45.263305,19.810172,in_transit
geo_position,2026-06-01T11:16:40Z,user-del-1,del-105,bicycle,45.262369,19.809251,in_transit
geo_position,2026-06-01T11:16:50Z,user-del-1,del-105,bicycle,45.262124,19.808877,in_transit
geo_position,2026-06-01T11:17:00Z,user-del-1,del-105,bicycle,45.261573,19.808427,in_transit
geo_position,2026-06-01T11:17:10Z,user-del-1,del-105,bicycle,45.260762,19.807953,in_transit
geo_position,2026-06-01T11:17:20Z,user-del-1,del-105,bicycle,45.261914,19.808747,in_transit
geo_position,2026-06-01T11:17:30Z,user-del-1,del-105,bicycle,45.261095,19.808925,in_transit
geo_position,2026-06-01T11:17:40Z,user-del-1,del-105,bicycle,45.260431,19.809609,in_transit
geo_position,2026-06-01T11:17:50Z,user-del-1,del-105,bicycle,45.260756,19.808878,in_transit
geo_position,2026-06-01T11:18:00Z,user-del-1,del-105,bicycle,45.259642,19.808121,in_transit
geo_position,2026-06-01T11:18:10Z,user-del-1,del-105,bicycle,45.260662,19.809251,in_transit
geo_position,2026-06-01T11:18:20Z,user-del-1,del-105,bicycle,45.261807,19.808359,in_transit
geo_position,2026-06-01T11:18:30Z,user-del-1,del-105,bicycle,45.260906,19.807653,in_transit
geo_position,2026-06-01T11:18:40Z,user-del-1,del-105,bicycle,45.259739,19.807088,in_transit
geo_position,2026-06-01T11:18:50Z,user-del-1,del-105,bicycle,45.260443,19.806819,in_transit
geo_position,2026-06-01T11:19:00Z,user-del-1,del-105,bicycle,45.260208,19.806262,in_transit
geo_position,2026-06-01T11:19:10Z,user-del-1,del-105,bicycle,45.260685,19.806148,in_transit
geo_position,2026-06-01T11:19:20Z,user-del-1,del-105,bicycle,45.260502,19.805301,in_transit
geo_position,2026-06-01T11:19:30Z,user-del-1,del-105,bicycle,45.259417,19.804811,in_transit
geo_position,2026-06-01T11:19:40Z,user-del-1,del-105,bicycle,45.258931,19.803723,in_transit
geo_position,2026-06-01T11:19:50Z,user-del-1,del-105,bicycle,45.25846,19.802623,in_transit
geo_position,2026-06-01T11:20:00Z,user-del-1,del-105,bicycle,45.258503,19.802608,completed
geo_position,2026-06-01T11:20:10Z,user-del-1,del-105,bicycle,45.258439,19.802664,completed
geo_position,2026-06-01T11:20:20Z,user-del-1,del-105,bicycle,45.258357,19.802714,completed
geo_position,2026-06-01T11:20:30Z,user-del-1,del-105,bicycle,45.25841,19.802814,completed
geo_position,2026-06-01T11:20:40Z,user-del-1,del-105,bicycle,45.258394,19.802869,completed
geo_position,2026-06-01T11:20:50Z,user-del-1,del-105,bicycle,45.258313,19.802784,completed
geo_position,2026-06-01T08:00:00Z,user-del-2,del-106,scooter,45.253236,19.837914,accepted
geo_position,2026-06-01T08:00:10Z,user-del-2,del-106,scooter,45.2539,19.836794,accepted
geo_position,2026-06-01T08:00:20Z,user-del-2,del-106,scooter,45.255066,19.83716,accepted
geo_position,2026-06-01T08:00:30Z,user-del-2,del-106,scooter,45.254173,19.836513,accepted
geo_position,2026-06-01T08:00:40Z,user-del-2,del-106,scooter,45.254204,19.837472,accepted
geo_position,2026-06-01T08:00:50Z,user-del-2,del-106,scooter,45.25509,19.838059,accepted
geo_position,2026-06-01T08:01:00Z,user-del-2,del-106,scooter,45.255642,19.839247,accepted
geo_position,2026-06-01T08:01:10Z,user-del-2,del-106,scooter,45.25465,19.83821,accepted
geo_position,2026-06-01T08:01:20Z,user-del-2,del-106,scooter,45.253487,19.837972,accepted
geo_position,2026-06-01T08:01:30Z,user-del-2,del-106,scooter,45.252322,19.837593,accepted
geo_position,2026-06-01T08:01:40Z,user-del-2,del-106,scooter,45.251745,19.838187,accepted
geo_position,2026-06-01T08:01:50Z,user-del-2,del-106,scooter,45.251793,19.839165,accepted
geo_position,2026-06-01T08:02:00Z,user-del-2,del-106,scooter,45.252288,19.839496,accepted
geo_position,2026-06-01T08:02:10Z,user-del-2,del-106,scooter,45.25322,19.840537,accepted
geo_position,2026-06-01T08:02:20Z,user-del-2,del-106,scooter,45.254201,19.84006,accepted
geo_position,2026-06-01T08:02:30Z,user-del-2,del-106,scooter,45.253802,19.839275,accepted
geo_position,2026-06-01T08:02:40Z,user-del-2,del-106,scooter,45.253301,19.840341,accepted
geo_position,2026-06-01T08:02:50Z,user-del-2,del-106,scooter,45.254485,19.839145,accepted
geo_position,2026-06-01T08:03:00Z,user-del-2,del-106,scooter,45.255291,19.838932,in_transit
geo_position,2026-06-01T08:03:10Z,user-del-2,del-106,scooter,45.256044,19.839227,in_transit
geo_position,2026-06-01T08:03:20Z,user-del-2,del-106,scooter,45.256007,19.840215,in_transit
geo_position,2026-06-01T08:03:30Z,user-del-2,del-106,scooter,45.255013,19.840192,in_transit
geo_position,2026-06-01T08:03:40Z,user-del-2,del-106,scooter,45.255934,19.840226,in_transit
geo_position,2026-06-01T08:03:50Z,user-del-2,del-106,scooter,45.256454,19.841274,in_transit
geo_position,2026-06-01T08:04:00Z,user-del-2,del-106,scooter,45.257536,19.841904,in_transit
geo_position,2026-06-01T08:04:10Z,user-del-2,del-106,scooter,45.257153,19.842973,in_transit
geo_position,2026-06-01T08:04:20Z,user-del-2,del-106,scooter,45.256384,19.843379,in_transit
geo_position,2026-06-01T08:04:30Z,user-del-2,del-106,scooter,45.256583,19.844173,in_transit
geo_position,2026-06-01T08:04:40Z,user-del-2,del-106,scooter,45.255949,19.843051,in_transit
geo_position,2026-06-01T08:04:50Z,user-del-2,del-106,scooter,45.255945,19.84199,in_transit
geo_position,2026-06-01T08:05:00Z,user-del-2,del-106,scooter,45.254883,19.842926,in_transit
geo_position,2026-06-01T08:05:10Z,user-del-2,del-106,scooter,45.255401,19.842618,in_transit
geo_position,2026-06-01T08:05:20Z,user-del-2,del-106,scooter,45.254792,19.843339,in_transit
geo_position,2026-06-01T08:05:30Z,user-del-2,del-106,scooter,45.254007,19.844162,in_transit
geo_position,2026-06-01T08:05:40Z,user-del-2,del-106,scooter,45.253485,19.843762,in_transit
geo_position,2026-06-01T08:05:50Z,user-del-2,del-106,scooter,45.253837,19.844578,in_transit
geo_position,2026-06-01T08:06:00Z,user-del-2,del-106,scooter,45.254785,19.844069,in_transit
geo_position,2026-06-01T08:06:10Z,user-del-2,del-106,scooter,45.254722,19.843104,in_transit
geo_position,2026-06-01T08:06:20Z,user-del-2,del-106,scooter,45.25453,19.842859,in_transit
geo_position,2026-06-01T08:06:30Z,user-del-2,del-106,scooter,45.255281,19.843573,in_transit
geo_position,2026-06-01T08:06:40Z,user-del-2,del-106,scooter,45.256104,19.843992,in_transit
geo_position,2026-06-01T08:06:50Z,user-del-2,del-106,scooter,45.255241,19.842971,in_transit
geo_position,2026-06-01T08:07:00Z,user-del-2,del-106,scooter,45.254473,19.842072,in_transit
geo_position,2026-06-01T08:07:10Z,user-del-2,del-106,scooter,45.255635,19.841028,in_transit
geo_position,2026-06-01T08:07:20Z,user-del-2,del-106,scooter,45.256193,19.841779,in_transit
geo_position,2026-06-01T08:07:30Z,user-del-2,del-106,scooter,45.25625,19.840989,in_transit
geo_position,2026-06-01T08:07:40Z,user-del-2,del-106,scooter,45.256978,19.841428,in_transit
geo_position,2026-06-01T08:07:50Z,user-del-2,del-106,scooter,45.255809,19.84243,in_transit
geo_position,2026-06-01T08:08:00Z,user-del-2,del-106,scooter,45.255103,19.842855,in_transit
geo_position,2026-06-01T08:08:10Z,user-del-2,del-106,scooter,45.254028,19.842599,in_transit
geo_position,2026-06-01T08:08:20Z,user-del-2,del-106,scooter,45.255143,19.842946,in_transit
geo_position,2026-06-01T08:08:30Z,user-del-2,del-106,scooter,45.25476,19.842853,in_transit
geo_position,2026-06-01T08:08:40Z,user-del-2,del-106,scooter,45.255877,19.843395,in_transit
geo_position,2026-06-01T08:08:50Z,user-del-2,del-106,scooter,45.256917,19.843801,in_transit
geo_position,2026-06-01T08:09:00Z,user-del-2,del-106,scooter,45.257076,19.843467,in_transit
geo_position,2026-06-01T08:09:10Z,user-del-2,del-106,scooter,45.258162,19.844012,in_transit
geo_position,2026-06-01T08:09:20Z,user-del-2,del-106,scooter,45.259012,19.844263,in_transit
geo_position,2026-06-01T08:09:30Z,user-del-2,del-106,scooter,45.258957,19.843202,in_transit
geo_position,2026-06-01T08:09:40Z,user-del-2,del-106,scooter,45.258846,19.843878,in_transit
geo_position,2026-06-01T08:09:50Z,user-del-2,del-106,scooter,45.258466,19.843637,in_transit
geo_position,2026-06-01T08:10:00Z,user-del-2,del-106,scooter,45.257502,19.842642,in_transit
geo_position,2026-06-01T08:10:10Z,user-del-2,del-106,scooter,45.258392,19.843252,in_transit
geo_position,2026-06-01T08:10:20Z,user-del-2,del-106,scooter,45.258494,19.843049,in_transit
geo_position,2026-06-01T08:10:30Z,user-del-2,del-106,scooter,45.259164,19.843434,in_transit
geo_position,2026-06-01T08:10:40Z,user-del-2,del-106,scooter,45.259484,19.842416,in_transit
geo_position,2026-06-01T08:10:50Z,user-del-2,del-106,scooter,45.259065,19.842815,in_transit
geo_position,2026-06-01T08:11:00Z,user-del-2,del-106,scooter,45.259081,19.843672,in_transit
geo_position,2026-06-01T08:11:10Z,user-del-2,del-106,scooter,45.259587,19.84409,in_transit
geo_position,2026-06-01T08:11:20Z,user-del-2,del-106,scooter,45.259262,19.843733,in_transit
geo_position,2026-06-01T08:11:30Z,user-del-2,del-106,scooter,45.260003,19.844039,in_transit
geo_position,2026-06-01T08:11:40Z,user-del-2,del-106,scooter,45.259623,19.844444,in_transit
geo_position,2026-06-01T08:11:50Z,user-del-2,del-106,scooter,45.258445,19.845635,in_transit
geo_position,2026-06-01T08:12:00Z,user-del-2,del-106,scooter,45.259507,19.84467,in_transit
geo_position,2026-06-01T08:12:10Z,user-del-2,del-106,scooter,45.258344,19.844545,in_transit
geo_position,2026-06-01T08:12:20Z,user-del-2,del-106,scooter,45.259005,19.845446,in_transit
geo_position,2026-06-01T08:12:30Z,user-del-2,del-106,scooter,45.259022,19.846363,in_transit
geo_position,2026-06-01T08:12:40Z,user-del-2,del-106,scooter,45.258462,19.845959,in_transit
geo_position,2026-06-01T08:12:50Z,user-del-2,del-106,scooter,45.257535,19.845016,in_transit
geo_position,2026-06-01T08:13:00Z,user-del-2,del-106,scooter,45.257022,19.84612,in_transit
geo_position,2026-06-01T08:13:10Z,user-del-2,del-106,scooter,45.257321,19.846608,in_transit
geo_position,2026-06-01T08:13:20Z,user-del-2,del-106,scooter,45.258004,19.845702,in_transit
geo_position,2026-06-01T08:13:30Z,user-del-2,del-106,scooter,45.257775,19.844764,in_transit
geo_position,2026-06-01T08:13:40Z,user-del-2,del-106,scooter,45.258366,19.845022,in_transit
geo_position,2026-06-01T08:13:50Z,user-del-2,del-106,scooter,45.258902,19.846203,in_transit
geo_position,2026-06-01T08:14:00Z,user-del-2,del-106,scooter,45.258617,19.845572,in_transit
geo_position,2026-06-01T08:14:10Z,user-del-2,del-106,scooter,45.257886,19.845973,in_transit
geo_position,2026-06-01T08:14:20Z,user-del-2,del-106,scooter,45.258604,19.845551,in_transit
geo_position,2026-06-01T08:14:30Z,user-del-2,del-106,scooter,45.257731,19.845073,in_transit
geo_position,2026-06-01T08:14:40Z,user-del-2,del-106,scooter,45.257235,19.846097,in_transit
geo_position,2026-06-01T08:14:50Z,user-del-2,del-106,scooter,45.256142,19.84679,in_transit
geo_position,2026-06-01T08:15:00Z,user-del-2,del-106,scooter,45.257233,19.846991,in_transit
geo_position,2026-06-01T08:15:10Z,user-del-2,del-106,scooter,45.256499,19.847161,in_transit
geo_position,2026-06-01T08:15:20Z,user-del-2,del-106,scooter,45.256281,19.847791,in_transit
geo_position,2026-06-01T08:15:30Z,user-del-2,del-106,scooter,45.256062,19.848765,in_transit
geo_position,2026-06-01T08:15:40Z,user-del-2,del-106,scooter,45.257166,19.84937,in_transit
geo_position,2026-06-01T08:15:50Z,user-del-2,del-106,scooter,45.257517,19.849684,in_transit
geo_position,2026-06-01T08:16:00Z,user-del-2,del-106,scooter,45.258687,19.84954,in_transit
geo_position,2026-06-01T08:16:10Z,user-del-2,del-106,scooter,45.259709,19.848727,in_transit
geo_position,2026-06-01T08:16:20Z,user-del-2,del-106,scooter,45.260908,19.848158,in_transit
geo_position,2026-06-01T08:16:30Z,user-del-2,del-106,scooter,45.261985,19.847412,in_transit
geo_position,2026-06-01T08:16:40Z,user-del-2,del-106,scooter,45.261743,19.848609,in_transit
geo_position,2026-06-01T08:16:50Z,user-del-2,del-106,scooter,45.262925,19.849535,in_transit
geo_position,2026-06-01T08:17:00Z,user-del-2,del-106,scooter,45.262997,19.849566,completed
geo_position,2026-06-01T08:17:10Z,user-del-2,del-106,scooter,45.263051,19.849601,completed
geo_position,2026-06-01T08:17:20Z,user-del-2,del-106,scooter,45.263096,19.849516,completed
geo_position,2026-06-01T08:17:30Z,user-del-2,del-106,scooter,45.263054,19.849569,completed
geo_position,2026-06-01T08:17:40Z,user-del-2,del-106,scooter,45.26296,19.849619,completed
geo_position,2026-06-01T08:17:50Z,user-del-2,del-106,scooter,45.262924,19.849545,completed
geo_position,2026-06-01T08:18:00Z,user-del-2,del-106,scooter,45.26284,19.849574,completed
geo_position,2026-06-01T08:18:10Z,user-del-2,del-106,scooter,45.262906,19.849488,completed
geo_position,2026-06-01T08:18:20Z,user-del-2,del-106,scooter,45.262832,19.849548,completed
geo_position,2026-06-01T08:18:30Z,user-del-2,del-106,scooter,45.262855,19.849558,completed
geo_position,2026-06-01T08:18:40Z,user-del-2,del-106,scooter,45.26282,19.849574,completed
geo_position,2026-06-01T08:18:50Z,user-del-2,del-106,scooter,45.262818,19.849621,completed
geo_position,2026-06-01T08:30:00Z,user-del-2,del-107,scooter,45.263614,19.844776,accepted
geo_position,2026-06-01T08:30:10Z,user-del-2,del-107,scooter,45.264516,19.845193,accepted
geo_position,2026-06-01T08:30:20Z,user-del-2,del-107,scooter,45.264633,19.844271,accepted
geo_position,2026-06-01T08:30:30Z,user-del-2,del-107,scooter,45.264774,19.845406,accepted
geo_position,2026-06-01T08:30:40Z,user-del-2,del-107,scooter,45.264664,19.845841,accepted
geo_position,2026-06-01T08:30:50Z,user-del-2,del-107,scooter,45.263798,19.846583,accepted
geo_position,2026-06-01T08:31:00Z,user-del-2,del-107,scooter,45.264828,19.845723,accepted
geo_position,2026-06-01T08:31:10Z,user-del-2,del-107,scooter,45.264719,19.846684,accepted
geo_position,2026-06-01T08:31:20Z,user-del-2,del-107,scooter,45.264287,19.846563,accepted
geo_position,2026-06-01T08:31:30Z,user-del-2,del-107,scooter,45.264526,19.846973,accepted
geo_position,2026-06-01T08:31:40Z,user-del-2,del-107,scooter,45.265544,19.846975,accepted
geo_position,2026-06-01T08:31:50Z,user-del-2,del-107,scooter,45.264728,19.848127,accepted
geo_position,2026-06-01T08:32:00Z,user-del-2,del-107,scooter,45.265706,19.849102,accepted
geo_position,2026-06-01T08:32:10Z,user-del-2,del-107,scooter,45.265616,19.849407,accepted
geo_position,2026-06-01T08:32:20Z,user-del-2,del-107,scooter,45.264911,19.850558,accepted
geo_position,2026-06-01T08:32:30Z,user-del-2,del-107,scooter,45.264308,19.850922,accepted
geo_position,2026-06-01T08:32:40Z,user-del-2,del-107,scooter,45.263302,19.851295,accepted
geo_position,2026-06-01T08:32:50Z,user-del-2,del-107,scooter,45.264482,19.851217,accepted
geo_position,2026-06-01T08:33:00Z,user-del-2,del-107,scooter,45.264204,19.852283,accepted
geo_position,2026-06-01T08:33:10Z,user-del-2,del-107,scooter,45.265069,19.852891,accepted
geo_position,2026-06-01T08:33:20Z,user-del-2,del-107,scooter,45.26583,19.853615,accepted
geo_position,2026-06-01T08:33:30Z,user-del-2,del-107,scooter,45.265636,19.853756,accepted
geo_position,2026-06-01T08:33:40Z,user-del-2,del-107,scooter,45.266363,19.854566,accepted
geo_position,2026-06-01T08:33:50Z,user-del-2,del-107,scooter,45.266674,19.853781,accepted
geo_position,2026-06-01T08:34:00Z,user-del-2,del-107,scooter,45.266531,19.852713,accepted
geo_position,2026-06-01T08:34:10Z,user-del-2,del-107,scooter,45.265748,19.852193,accepted
geo_position,2026-06-01T08:34:20Z,user-del-2,del-107,scooter,45.264639,19.851452,accepted
geo_position,2026-06-01T08:34:30Z,user-del-2,del-107,scooter,45.263736,19.850989,accepted
geo_position,2026-06-01T08:34:40Z,user-del-2,del-107,scooter,45.264586,19.85175,accepted
geo_position,2026-06-01T08:34:50Z,user-del-2,del-107,scooter,45.264563,19.852717,accepted
geo_position,2026-06-01T08:35:00Z,user-del-2,del-107,scooter,45.26443,19.85254,accepted
geo_position,2026-06-01T08:35:10Z,user-del-2,del-107,scooter,45.264868,19.853379,accepted
geo_position,2026-06-01T08:35:20Z,user-del-2,del-107,scooter,45.266005,19.854024,accepted
geo_position,2026-06-01T08:35:30Z,user-del-2,del-107,scooter,45.266466,19.854663,accepted
geo_position,2026-06-01T08:35:40Z,user-del-2,del-107,scooter,45.267508,19.855425,accepted
geo_position,2026-06-01T08:35:50Z,user-del-2,del-107,scooter,45.267212,19.854903,accepted
geo_position,2026-06-01T08:36:00Z,user-del-2,del-107,scooter,45.26683,19.853773,in_transit
geo_position,2026-06-01T08:36:10Z,user-del-2,del-107,scooter,45.265706,19.854036,in_transit
geo_position,2026-06-01T08:36:20Z,user-del-2,del-107,scooter,45.265885,19.854653,in_transit
geo_position,2026-06-01T08:36:30Z,user-del-2,del-107,scooter,45.266302,19.855296,in_transit
geo_position,2026-06-01T08:36:40Z,user-del-2,del-107,scooter,45.265209,19.854378,in_transit
geo_position,2026-06-01T08:36:50Z,user-del-2,del-107,scooter,45.266233,19.854922,in_transit
geo_position,2026-06-01T08:37:00Z,user-del-2,del-107,scooter,45.266621,19.856076,in_transit
geo_position,2026-06-01T08:37:10Z,user-del-2,del-107,scooter,45.266425,19.857023,in_transit
geo_position,2026-06-01T08:37:20Z,user-del-2,del-107,scooter,45.267059,19.857039,in_transit
geo_position,2026-06-01T08:37:30Z,user-del-2,del-107,scooter,45.267312,19.857228,in_transit
geo_position,2026-06-01T08:37:40Z,user-del-2,del-107,scooter,45.266305,19.858152,in_transit
geo_position,2026-06-01T08:37:50Z,user-del-2,del-107,scooter,45.265317,19.858489,in_transit
geo_position,2026-06-01T08:38:00Z,user-del-2,del-107,scooter,45.265297,19.857437,in_transit
geo_position,2026-06-01T08:38:10Z,user-del-2,del-107,scooter,45.264912,19.85815,in_transit
geo_position,2026-06-01T08:38:20Z,user-del-2,del-107,scooter,45.265854,19.858163,in_transit
geo_position,2026-06-01T08:38:30Z,user-del-2,del-107,scooter,45.264831,19.857944,in_transit
geo_position,2026-06-01T08:38:40Z,user-del-2,del-107,scooter,45.263778,19.857219,in_transit
geo_position,2026-06-01T08:38:50Z,user-del-2,del-107,scooter,45.263365,19.857913,in_transit
geo_position,2026-06-01T08:39:00Z,user-del-2,del-107,scooter,45.262905,19.859035,in_transit
geo_position,2026-06-01T08:39:10Z,user-del-2,del-107,scooter,45.26193,19.858867,in_transit
geo_position,2026-06-01T08:39:20Z,user-del-2,del-107,scooter,45.262711,19.857866,in_transit
geo_position,2026-06-01T08:39:30Z,user-del-2,del-107,scooter,45.26363,19.857859,in_transit
geo_position,2026-06-01T08:39:40Z,user-del-2,del-107,scooter,45.264609,19.858715,in_transit
geo_position,2026-06-01T08:39:50Z,user-del-2,del-107,scooter,45.264248,19.858285,in_transit
geo_position,2026-06-01T08:40:00Z,user-del-2,del-107,scooter,45.265058,19.857296,in_transit
geo_position,2026-06-01T08:40:10Z,user-del-2,del-107,scooter,45.265285,19.858087,in_transit
geo_position,2026-06-01T08:40:20Z,user-del-2,del-107,scooter,45.264914,19.856893,in_transit
geo_position,2026-06-01T08:40:30Z,user-del-2,del-107,scooter,45.26601,19.857233,in_transit
geo_position,2026-06-01T08:40:40Z,user-del-2,del-107,scooter,45.264994,19.856224,in_transit
geo_position,2026-06-01T08:40:50Z,user-del-2,del-107,scooter,45.264998,19.856542,in_transit
geo_position,2026-06-01T08:41:00Z,user-del-2,del-107,scooter,45.26502,19.856831,in_transit
geo_position,2026-06-01T08:41:10Z,user-del-2,del-107,scooter,45.265672,19.857354,in_transit
geo_position,2026-06-01T08:41:20Z,user-del-2,del-107,scooter,45.264584,19.857073,in_transit
geo_position,2026-06-01T08:41:30Z,user-del-2,del-107,scooter,45.264918,19.858041,in_transit
geo_position,2026-06-01T08:41:40Z,user-del-2,del-107,scooter,45.265124,19.858956,in_transit
geo_position,2026-06-01T08:41:50Z,user-del-2,del-107,scooter,45.264812,19.858229,in_transit
geo_position,2026-06-01T08:42:00Z,user-del-2,del-107,scooter,45.265852,19.857444,in_transit
geo_position,2026-06-01T08:42:10Z,user-del-2,del-107,scooter,45.264929,19.85648,in_transit
geo_position,2026-06-01T08:42:20Z,user-del-2,del-107,scooter,45.264818,19.855662,in_transit
geo_position,2026-06-01T08:42:30Z,user-del-2,del-107,scooter,45.26418,19.856482,in_transit
geo_position,2026-06-01T08:42:40Z,user-del-2,del-107,scooter,45.264814,19.855311,in_transit
geo_position,2026-06-01T08:42:50Z,user-del-2,del-107,scooter,45.264805,19.855555,in_transit
geo_position,2026-06-01T08:43:00Z,user-del-2,del-107,scooter,45.265473,19.856706,in_transit
geo_position,2026-06-01T08:43:10Z,user-del-2,del-107,scooter,45.266178,19.857251,in_transit
geo_position,2026-06-01T08:43:20Z,user-del-2,del-107,scooter,45.266971,19.85622,in_transit
geo_position,2026-06-01T08:43:30Z,user-del-2,del-107,scooter,45.267767,19.855025,in_transit
geo_position,2026-06-01T08:43:40Z,user-del-2,del-107,scooter,45.268903,19.855021,in_transit
geo_position,2026-06-01T08:43:50Z,user-del-2,del-107,scooter,45.26986,19.854577,in_transit
geo_position,2026-06-01T08:44:00Z,user-del-2,del-107,scooter,45.270014,19.854966,in_transit
geo_position,2026-06-01T08:44:10Z,user-del-2,del-107,scooter,45.27063,19.854372,in_transit
geo_position,2026-06-01T08:44:20Z,user-del-2,del-107,scooter,45.26949,19.853194,in_transit
geo_position,2026-06-01T08:44:30Z,user-del-2,del-107,scooter,45.268669,19.85303,in_transit
geo_position,2026-06-01T08:44:40Z,user-del-2,del-107,scooter,45.269113,19.852833,in_transit
geo_position,2026-06-01T08:44:50Z,user-del-2,del-107,scooter,45.26823,19.851774,in_transit
geo_position,2026-06-01T08:45:00Z,user-del-2,del-107,scooter,45.267426,19.851247,in_transit
geo_position,2026-06-01T08:45:10Z,user-del-2,del-107,scooter,45.268461,19.851556,in_transit
geo_position,2026-06-01T08:45:20Z,user-del-2,del-107,scooter,45.269548,19.852141,in_transit
geo_position,2026-06-01T08:45:30Z,user-del-2,del-107,scooter,45.269793,19.853181,in_transit
geo_position,2026-06-01T08:45:40Z,user-del-2,del-107,scooter,45.269761,19.853561,in_transit
geo_position,2026-06-01T08:45:50Z,user-del-2,del-107,scooter,45.269691,19.85347,in_transit
geo_position,2026-06-01T08:46:00Z,user-del-2,del-107,scooter,45.269056,19.853233,in_transit
geo_position,2026-06-01T08:46:10Z,user-del-2,del-107,scooter,45.270198,19.85253,in_transit
geo_position,2026-06-01T08:46:20Z,user-del-2,del-107,scooter,45.269739,19.853333,in_transit
geo_position,2026-06-01T08:46:30Z,user-del-2,del-107,scooter,45.270434,19.853035,in_transit
geo_position,2026-06-01T08:46:40Z,user-del-2,del-107,scooter,45.271615,19.853297,in_transit
geo_position,2026-06-01T08:46:50Z,user-del-2,del-107,scooter,45.270581,19.853513,in_transit
geo_position,2026-06-01T08:47:00Z,user-del-2,del-107,scooter,45.269926,19.853719,in_transit
geo_position,2026-06-01T08:47:10Z,user-del-2,del-107,scooter,45.269916,19.8543,in_transit
geo_position,2026-06-01T08:47:20Z,user-del-2,del-107,scooter,45.268974,19.853328,in_transit
geo_position,2026-06-01T08:47:30Z,user-del-2,del-107,scooter,45.269495,19.853566,in_transit
geo_position,2026-06-01T08:47:40Z,user-del-2,del-107,scooter,45.269527,19.852945,in_transit
geo_position,2026-06-01T08:47:50Z,user-del-2,del-107,scooter,45.269782,19.853011,in_transit
geo_position,2026-06-01T08:48:00Z,user-del-2,del-107,scooter,45.269556,19.852898,in_transit
geo_position,2026-06-01T08:48:10Z,user-del-2,del-107,scooter,45.270143,19.852914,in_transit
geo_position,2026-06-01T08:48:20Z,user-del-2,del-107,scooter,45.269346,19.852426,in_transit
geo_position,2026-06-01T08:48:30Z,user-del-2,del-107,scooter,45.268764,19.851617,in_transit
geo_position,2026-06-01T08:48:40Z,user-del-2,del-107,scooter,45.267708,19.850629,in_transit
geo_position,2026-06-01T08:48:50Z,user-del-2,del-107,scooter,45.266745,19.850191,in_transit
geo_position,2026-06-01T08:49:00Z,user-del-2,del-107,scooter,45.267068,19.850957,in_transit
geo_position,2026-06-01T08:49:10Z,user-del-2,del-107,scooter,45.268055,19.849938,in_transit
geo_position,2026-06-01T08:49:20Z,user-del-2,del-107,scooter,45.268948,19.849976,in_transit
geo_position,2026-06-01T08:49:30Z,user-del-2,del-107,scooter,45.268101,19.849115,in_transit
geo_position,2026-06-01T08:49:40Z,user-del-2,del-107,scooter,45.267026,19.849871,in_transit
geo_position,2026-06-01T08:49:50Z,user-del-2,del-107,scooter,45.268028,19.849898,in_transit
geo_position,2026-06-01T08:50:00Z,user-del-2,del-107,scooter,45.268016,19.849806,completed
geo_position,2026-06-01T08:50:10Z,user-del-2,del-107,scooter,45.267925,19.849768,completed
geo_position,2026-06-01T08:50:20Z,user-del-2,del-107,scooter,45.267976,19.849805,completed
geo_position,2026-06-01T08:50:30Z,user-del-2,del-107,scooter,45.267951,19.849708,completed
geo_position,2026-06-01T08:50:40Z,user-del-2,del-107,scooter,45.267955,19.849769,completed
geo_position,2026-06-01T08:50:50Z,user-del-2,del-107,scooter,45.267922,19.849833,completed
geo_position,2026-06-01T08:51:00Z,user-del-2,del-107,scooter,45.267948,19.849842,completed
geo_position,2026-06-01T08:51:10Z,user-del-2,del-107,scooter,45.268007,19.849922,completed
geo_position,2026-06-01T08:51:20Z,user-del-2,del-107,scooter,45.267978,19.849974,completed
geo_position,2026-06-01T08:51:30Z,user-del-2,del-107,scooter,45.267943,19.849886,completed
geo_position,2026-06-01T08:51:40Z,user-del-2,del-107,scooter,45.267996,19.84985,completed
geo_position,2026-06-01T08:51:50Z,user-del-2,del-107,scooter,45.267951,19.849901,completed
geo_position,2026-06-01T09:04:00Z,user-del-2,del-108,scooter,45.265094,19.847569,accepted
geo_position,2026-06-01T09:04:10Z,user-del-2,del-108,scooter,45.266162,19.848132,accepted
geo_position,2026-06-01T09:04:20Z,user-del-2,del-108,scooter,45.266565,19.847679,accepted
geo_position,2026-06-01T09:04:30Z,user-del-2,del-108,scooter,45.267516,19.847053,accepted
geo_position,2026-06-01T09:04:40Z,user-del-2,del-108,scooter,45.268468,19.847768,accepted
geo_position,2026-06-01T09:04:50Z,user-del-2,del-108,scooter,45.267539,19.847606,accepted
geo_position,2026-06-01T09:05:00Z,user-del-2,del-108,scooter,45.26762,19.848765,accepted
geo_position,2026-06-01T09:05:10Z,user-del-2,del-108,scooter,45.267922,19.848644,accepted
geo_position,2026-06-01T09:05:20Z,user-del-2,del-108,scooter,45.267654,19.847813,accepted
geo_position,2026-06-01T09:05:30Z,user-del-2,del-108,scooter,45.266749,19.849003,accepted
geo_position,2026-06-01T09:05:40Z,user-del-2,del-108,scooter,45.266484,19.848286,accepted
geo_position,2026-06-01T09:05:50Z,user-del-2,del-108,scooter,45.266025,19.848078,accepted
geo_position,2026-06-01T09:06:00Z,user-del-2,del-108,scooter,45.266921,19.849093,accepted
geo_position,2026-06-01T09:06:10Z,user-del-2,del-108,scooter,45.267915,19.848236,accepted
geo_position,2026-06-01T09:06:20Z,user-del-2,del-108,scooter,45.268347,19.847106,accepted
geo_position,2026-06-01T09:06:30Z,user-del-2,del-108,scooter,45.268389,19.847754,accepted
geo_position,2026-06-01T09:06:40Z,user-del-2,del-108,scooter,45.26733,19.847182,accepted
geo_position,2026-06-01T09:06:50Z,user-del-2,del-108,scooter,45.267668,19.848016,accepted
geo_position,2026-06-01T09:07:00Z,user-del-2,del-108,scooter,45.268003,19.848066,in_transit
geo_position,2026-06-01T09:07:10Z,user-del-2,del-108,scooter,45.267764,19.847029,in_transit
geo_position,2026-06-01T09:07:20Z,user-del-2,del-108,scooter,45.267047,19.846839,in_transit
geo_position,2026-06-01T09:07:30Z,user-del-2,del-108,scooter,45.267963,19.846513,in_transit
geo_position,2026-06-01T09:07:40Z,user-del-2,del-108,scooter,45.267235,19.84612,in_transit
geo_position,2026-06-01T09:07:50Z,user-del-2,del-108,scooter,45.26775,19.846417,in_transit
geo_position,2026-06-01T09:08:00Z,user-del-2,del-108,scooter,45.267232,19.847402,in_transit
geo_position,2026-06-01T09:08:10Z,user-del-2,del-108,scooter,45.267713,19.848309,in_transit
geo_position,2026-06-01T09:08:20Z,user-del-2,del-108,scooter,45.266715,19.847651,in_transit
geo_position,2026-06-01T09:08:30Z,user-del-2,del-108,scooter,45.26665,19.848235,in_transit
geo_position,2026-06-01T09:08:40Z,user-del-2,del-108,scooter,45.265853,19.848502,in_transit
geo_position,2026-06-01T09:08:50Z,user-del-2,del-108,scooter,45.265306,19.848762,in_transit
geo_position,2026-06-01T09:09:00Z,user-del-2,del-108,scooter,45.266218,19.8481,in_transit
geo_position,2026-06-01T09:09:10Z,user-del-2,del-108,scooter,45.265638,19.847804,in_transit
geo_position,2026-06-01T09:09:20Z,user-del-2,del-108,scooter,45.26639,19.846743,in_transit
geo_position,2026-06-01T09:09:30Z,user-del-2,del-108,scooter,45.26721,19.845693,in_transit
geo_position,2026-06-01T09:09:40Z,user-del-2,del-108,scooter,45.267843,19.845873,in_transit
geo_position,2026-06-01T09:09:50Z,user-del-2,del-108,scooter,45.266663,19.846336,in_transit
geo_position,2026-06-01T09:10:00Z,user-del-2,del-108,scooter,45.26659,19.847028,in_transit
geo_position,2026-06-01T09:10:10Z,user-del-2,del-108,scooter,45.267412,19.848181,in_transit
geo_position,2026-06-01T09:10:20Z,user-del-2,del-108,scooter,45.2668,19.849158,in_transit
geo_position,2026-06-01T09:10:30Z,user-del-2,del-108,scooter,45.267957,19.848441,in_transit
geo_position,2026-06-01T09:10:40Z,user-del-2,del-108,scooter,45.269049,19.848006,in_transit
geo_position,2026-06-01T09:10:50Z,user-del-2,del-108,scooter,45.270124,19.848927,in_transit
geo_position,2026-06-01T09:11:00Z,user-del-2,del-108,scooter,45.270368,19.849096,in_transit
geo_position,2026-06-01T09:11:10Z,user-del-2,del-108,scooter,45.269373,19.84821,in_transit
geo_position,2026-06-01T09:11:20Z,user-del-2,del-108,scooter,45.26974,19.84739,in_transit
geo_position,2026-06-01T09:11:30Z,user-del-2,del-108,scooter,45.268902,19.847302,in_transit
geo_position,2026-06-01T09:11:40Z,user-del-2,del-108,scooter,45.26891,19.847976,in_transit
geo_position,2026-06-01T09:11:50Z,user-del-2,del-108,scooter,45.267779,19.847948,in_transit
geo_position,2026-06-01T09:12:00Z,user-del-2,del-108,scooter,45.26875,19.846835,in_transit
geo_position,2026-06-01T09:12:10Z,user-del-2,del-108,scooter,45.268399,19.846122,in_transit
geo_position,2026-06-01T09:12:20Z,user-del-2,del-108,scooter,45.268563,19.84539,in_transit
geo_position,2026-06-01T09:12:30Z,user-del-2,del-108,scooter,45.267717,19.845034,in_transit
geo_position,2026-06-01T09:12:40Z,user-del-2,del-108,scooter,45.268617,19.845962,in_transit
geo_position,2026-06-01T09:12:50Z,user-del-2,del-108,scooter,45.269094,19.845657,in_transit
geo_position,2026-06-01T09:13:00Z,user-del-2,del-108,scooter,45.267936,19.846344,in_transit
geo_position,2026-06-01T09:13:10Z,user-del-2,del-108,scooter,45.268694,19.845392,in_transit
geo_position,2026-06-01T09:13:20Z,user-del-2,del-108,scooter,45.267675,19.845242,in_transit
geo_position,2026-06-01T09:13:30Z,user-del-2,del-108,scooter,45.267127,19.845364,in_transit
geo_position,2026-06-01T09:13:40Z,user-del-2,del-108,scooter,45.266825,19.845957,in_transit
geo_position,2026-06-01T09:13:50Z,user-del-2,del-108,scooter,45.266031,19.846954,in_transit
geo_position,2026-06-01T09:14:00Z,user-del-2,del-108,scooter,45.26701,19.845819,in_transit
geo_position,2026-06-01T09:14:10Z,user-del-2,del-108,scooter,45.267813,19.84688,in_transit
geo_position,2026-06-01T09:14:20Z,user-del-2,del-108,scooter,45.267986,19.847354,in_transit
geo_position,2026-06-01T09:14:30Z,user-del-2,del-108,scooter,45.267365,19.847614,in_transit
geo_position,2026-06-01T09:14:40Z,user-del-2,del-108,scooter,45.266874,19.848039,in_transit
geo_position,2026-06-01T09:14:50Z,user-del-2,del-108,scooter,45.267953,19.848165,in_transit
geo_position,2026-06-01T09:15:00Z,user-del-2,del-108,scooter,45.268252,19.848551,in_transit
geo_position,2026-06-01T09:15:10Z,user-del-2,del-108,scooter,45.269126,19.848895,in_transit
geo_position,2026-06-01T09:15:20Z,user-del-2,del-108,scooter,45.269199,19.848066,in_transit
geo_position,2026-06-01T09:15:30Z,user-del-2,del-108,scooter,45.268176,19.847928,in_transit
geo_position,2026-06-01T09:15:40Z,user-del-2,del-108,scooter,45.269026,19.848311,in_transit
geo_position,2026-06-01T09:15:50Z,user-del-2,del-108,scooter,45.269896,19.849226,in_transit
geo_position,2026-06-01T09:16:00Z,user-del-2,del-108,scooter,45.269615,19.848458,in_transit
geo_position,2026-06-01T09:16:10Z,user-del-2,del-108,scooter,45.270683,19.848147,in_transit
geo_position,2026-06-01T09:16:20Z,user-del-2,del-108,scooter,45.270985,19.848218,in_transit
geo_position,2026-06-01T09:16:30Z,user-del-2,del-108,scooter,45.270985,19.847566,in_transit
geo_position,2026-06-01T09:16:40Z,user-del-2,del-108,scooter,45.270916,19.846431,in_transit
geo_position,2026-06-01T09:16:50Z,user-del-2,del-108,scooter,45.27166,19.84673,in_transit
geo_position,2026-06-01T09:17:00Z,user-del-2,del-108,scooter,45.272084,19.847636,in_transit
geo_position,2026-06-01T09:17:10Z,user-del-2,del-108,scooter,45.271089,19.847888,in_transit
geo_position,2026-06-01T09:17:20Z,user-del-2,del-108,scooter,45.271266,19.846822,in_transit
geo_position,2026-06-01T09:17:30Z,user-del-2,del-108,scooter,45.270543,19.846807,in_transit
geo_position,2026-06-01T09:17:40Z,user-del-2,del-108,scooter,45.271152,19.846619,in_transit
geo_position,2026-06-01T09:17:50Z,user-del-2,del-108,scooter,45.270332,19.846716,in_transit
geo_position,2026-06-01T09:18:00Z,user-del-2,del-108,scooter,45.271324,19.846755,in_transit
geo_position,2026-06-01T09:18:10Z,user-del-2,del-108,scooter,45.271524,19.846725,in_transit
geo_position,2026-06-01T09:18:20Z,user-del-2,del-108,scooter,45.272167,19.846101,in_transit
geo_position,2026-06-01T09:18:30Z,user-del-2,del-108,scooter,45.272424,19.846519,in_transit
geo_position,2026-06-01T09:18:40Z,user-del-2,del-108,scooter,45.272367,19.845945,in_transit
geo_position,2026-06-01T09:18:50Z,user-del-2,del-108,scooter,45.27343,19.846001,in_transit
geo_position,2026-06-01T09:19:00Z,user-del-2,del-108,scooter,45.273535,19.84648,in_transit
geo_position,2026-06-01T09:19:10Z,user-del-2,del-108,scooter,45.274548,19.846623,in_transit
geo_position,2026-06-01T09:19:20Z,user-del-2,del-108,scooter,45.274896,19.847436,in_transit
geo_position,2026-06-01T09:19:30Z,user-del-2,del-108,scooter,45.275259,19.84854,in_transit
geo_position,2026-06-01T09:19:40Z,user-del-2,del-108,scooter,45.275014,19.849548,in_transit
geo_position,2026-06-01T09:19:50Z,user-del-2,del-108,scooter,45.275122,19.848756,in_transit
geo_position,2026-06-01T09:20:00Z,user-del-2,del-108,scooter,45.274926,19.849875,in_transit
geo_position,2026-06-01T09:20:10Z,user-del-2,del-108,scooter,45.275037,19.849847,in_transit
geo_position,2026-06-01T09:20:20Z,user-del-2,del-108,scooter,45.275228,19.850102,in_transit
geo_position,2026-06-01T09:20:30Z,user-del-2,del-108,scooter,45.274954,19.849121,in_transit
geo_position,2026-06-01T09:20:40Z,user-del-2,del-108,scooter,45.275873,19.848822,in_transit
geo_position,2026-06-01T09:20:50Z,user-del-2,del-108,scooter,45.275283,19.849648,in_transit
geo_position,2026-06-01T09:21:00Z,user-del-2,del-108,scooter,45.275104,19.849879,in_transit
geo_position,2026-06-01T09:21:10Z,user-del-2,del-108,scooter,45.275752,19.851019,in_transit
geo_position,2026-06-01T09:21:20Z,user-del-2,del-108,scooter,45.276609,19.850424,in_transit
geo_position,2026-06-01T09:21:30Z,user-del-2,del-108,scooter,45.276209,19.849521,in_transit
geo_position,2026-06-01T09:21:40Z,user-del-2,del-108,scooter,45.275071,19.848543,in_transit
geo_position,2026-06-01T09:21:50Z,user-del-2,del-108,scooter,45.275572,19.849255,in_transit
geo_position,2026-06-01T09:22:00Z,user-del-2,del-108,scooter,45.274985,19.850301,in_transit
geo_position,2026-06-01T09:22:10Z,user-del-2,del-108,scooter,45.274369,19.851323,in_transit
geo_position,2026-06-01T09:22:20Z,user-del-2,del-108,scooter,45.274075,19.850973,in_transit
geo_position,2026-06-01T09:22:30Z,user-del-2,del-108,scooter,45.274025,19.850472,in_transit
geo_position,2026-06-01T09:22:40Z,user-del-2,del-108,scooter,45.274197,19.850645,in_transit
geo_position,2026-06-01T09:22:50Z,user-del-2,del-108,scooter,45.273105,19.849835,in_transit
geo_position,2026-06-01T09:23:00Z,user-del-2,del-108,scooter,45.273908,19.849835,in_transit
geo_position,2026-06-01T09:23:10Z,user-del-2,del-108,scooter,45.274594,19.849651,in_transit
geo_position,2026-06-01T09:23:20Z,user-del-2,del-108,scooter,45.27457,19.850213,in_transit
geo_position,2026-06-01T09:23:30Z,user-del-2,del-108,scooter,45.274891,19.851356,in_transit
geo_position,2026-06-01T09:23:40Z,user-del-2,del-108,scooter,45.275096,19.851432,in_transit
geo_position,2026-06-01T09:23:50Z,user-del-2,del-108,scooter,45.27434,19.850932,in_transit
geo_position,2026-06-01T09:24:00Z,user-del-2,del-108,scooter,45.273509,19.850029,in_transit
geo_position,2026-06-01T09:24:10Z,user-del-2,del-108,scooter,45.273757,19.84956,in_transit
geo_position,2026-06-01T09:24:20Z,user-del-2,del-108,scooter,45.27388,19.850119,in_transit
geo_position,2026-06-01T09:24:30Z,user-del-2,del-108,scooter,45.273594,19.84947,in_transit
geo_position,2026-06-01T09:24:40Z,user-del-2,del-108,scooter,45.273706,19.849322,in_transit
geo_position,2026-06-01T09:24:50Z,user-del-2,del-108,scooter,45.274763,19.849711,in_transit
geo_position,2026-06-01T09:25:00Z,user-del-2,del-108,scooter,45.275367,19.850633,in_transit
geo_position,2026-06-01T09:25:10Z,user-del-2,del-108,scooter,45.276378,19.851762,in_transit
geo_position,2026-06-01T09:25:20Z,user-del-2,del-108,scooter,45.276583,19.851608,in_transit
geo_position,2026-06-01T09:25:30Z,user-del-2,del-108,scooter,45.275406,19.85104,in_transit
geo_position,2026-06-01T09:25:40Z,user-del-2,del-108,scooter,45.275926,19.850828,in_transit
geo_position,2026-06-01T09:25:50Z,user-del-2,del-108,scooter,45.275761,19.851406,in_transit
geo_position,2026-06-01T09:26:00Z,user-del-2,del-108,scooter,45.276579,19.850454,in_transit
geo_position,2026-06-01T09:26:10Z,user-del-2,del-108,scooter,45.275797,19.849503,in_transit
geo_position,2026-06-01T09:26:20Z,user-del-2,del-108,scooter,45.276719,19.849457,in_transit
geo_position,2026-06-01T09:26:30Z,user-del-2,del-108,scooter,45.277871,19.849504,in_transit
geo_position,2026-06-01T09:26:40Z,user-del-2,del-108,scooter,45.278477,19.8493,in_transit
geo_position,2026-06-01T09:26:50Z,user-del-2,del-108,scooter,45.279636,19.850225,in_transit
geo_position,2026-06-01T09:27:00Z,user-del-2,del-108,scooter,45.279616,19.85022,completed
geo_position,2026-06-01T09:27:10Z,user-del-2,del-108,scooter,45.279584,19.850248,completed
geo_position,2026-06-01T09:27:20Z,user-del-2,del-108,scooter,45.27949,19.850213,completed
geo_position,2026-06-01T09:27:30Z,user-del-2,del-108,scooter,45.279449,19.850184,completed
geo_position,2026-06-01T09:27:40Z,user-del-2,del-108,scooter,45.279455,19.850142,completed
geo_position,2026-06-01T09:27:50Z,user-del-2,del-108,scooter,45.279487,19.850231,completed
geo_position,2026-06-01T09:38:00Z,user-del-2,del-109,scooter,45.27536,19.854834,accepted
geo_position,2026-06-01T09:38:10Z,user-del-2,del-109,scooter,45.275916,19.854925,accepted
geo_position,2026-06-01T09:38:20Z,user-del-2,del-109,scooter,45.276582,19.855448,accepted
geo_position,2026-06-01T09:38:30Z,user-del-2,del-109,scooter,45.276805,19.855214,accepted
geo_position,2026-06-01T09:38:40Z,user-del-2,del-109,scooter,45.275773,19.855832,accepted
geo_position,2026-06-01T09:38:50Z,user-del-2,del-109,scooter,45.276146,19.855233,accepted
geo_position,2026-06-01T09:39:00Z,user-del-2,del-109,scooter,45.27655,19.855458,accepted
geo_position,2026-06-01T09:39:10Z,user-del-2,del-109,scooter,45.276183,19.855079,accepted
geo_position,2026-06-01T09:39:20Z,user-del-2,del-109,scooter,45.276259,19.855359,accepted
geo_position,2026-06-01T09:39:30Z,user-del-2,del-109,scooter,45.27695,19.856309,accepted
geo_position,2026-06-01T09:39:40Z,user-del-2,del-109,scooter,45.277099,19.855544,accepted
geo_position,2026-06-01T09:39:50Z,user-del-2,del-109,scooter,45.277502,19.85508,accepted
geo_position,2026-06-01T09:40:00Z,user-del-2,del-109,scooter,45.276592,19.855921,accepted
geo_position,2026-06-01T09:40:10Z,user-del-2,del-109,scooter,45.277628,19.85698,accepted
geo_position,2026-06-01T09:40:20Z,user-del-2,del-109,scooter,45.277047,19.856946,accepted
geo_position,2026-06-01T09:40:30Z,user-del-2,del-109,scooter,45.276692,19.857719,accepted
geo_position,2026-06-01T09:40:40Z,user-del-2,del-109,scooter,45.276776,19.856736,accepted
geo_position,2026-06-01T09:40:50Z,user-del-2,del-109,scooter,45.275736,19.857404,accepted
geo_position,2026-06-01T09:41:00Z,user-del-2,del-109,scooter,45.275013,19.856752,accepted
geo_position,2026-06-01T09:41:10Z,user-del-2,del-109,scooter,45.275581,19.856202,accepted
geo_position,2026-06-01T09:41:20Z,user-del-2,del-109,scooter,45.274696,19.855264,accepted
geo_position,2026-06-01T09:41:30Z,user-del-2,del-109,scooter,45.274502,19.855257,accepted
geo_position,2026-06-01T09:41:40Z,user-del-2,del-109,scooter,45.274036,19.854807,accepted
geo_position,2026-06-01T09:41:50Z,user-del-2,del-109,scooter,45.274326,19.853776,accepted
geo_position,2026-06-01T09:42:00Z,user-del-2,del-109,scooter,45.27468,19.853303,in_transit
geo_position,2026-06-01T09:42:10Z,user-del-2,del-109,scooter,45.27518,19.853333,in_transit
geo_position,2026-06-01T09:42:20Z,user-del-2,del-109,scooter,45.274769,19.852311,in_transit
geo_position,2026-06-01T09:42:30Z,user-del-2,del-109,scooter,45.274629,19.852224,in_transit
geo_position,2026-06-01T09:42:40Z,user-del-2,del-109,scooter,45.275821,19.852287,in_transit
geo_position,2026-06-01T09:42:50Z,user-del-2,del-109,scooter,45.27525,19.852041,in_transit
geo_position,2026-06-01T09:43:00Z,user-del-2,del-109,scooter,45.275674,19.852539,in_transit
geo_position,2026-06-01T09:43:10Z,user-del-2,del-109,scooter,45.275238,19.85234,in_transit
geo_position,2026-06-01T09:43:20Z,user-del-2,del-109,scooter,45.275475,19.851454,in_transit
geo_position,2026-06-01T09:43:30Z,user-del-2,del-109,scooter,45.276219,19.852221,in_transit
geo_position,2026-06-01T09:43:40Z,user-del-2,del-109,scooter,45.277075,19.851639,in_transit
geo_position,2026-06-01T09:43:50Z,user-del-2,del-109,scooter,45.277617,19.851378,in_transit
geo_position,2026-06-01T09:44:00Z,user-del-2,del-109,scooter,45.277984,19.850579,in_transit
geo_position,2026-06-01T09:44:10Z,user-del-2,del-109,scooter,45.277713,19.850493,in_transit
geo_position,2026-06-01T09:44:20Z,user-del-2,del-109,scooter,45.277257,19.850029,in_transit
geo_position,2026-06-01T09:44:30Z,user-del-2,del-109,scooter,45.278267,19.849046,in_transit
geo_position,2026-06-01T09:44:40Z,user-del-2,del-109,scooter,45.279392,19.848283,in_transit
geo_position,2026-06-01T09:44:50Z,user-del-2,del-109,scooter,45.279713,19.847225,in_transit
geo_position,2026-06-01T09:45:00Z,user-del-2,del-109,scooter,45.279509,19.847413,in_transit
geo_position,2026-06-01T09:45:10Z,user-del-2,del-109,scooter,45.279202,19.846418,in_transit
geo_position,2026-06-01T09:45:20Z,user-del-2,del-109,scooter,45.279548,19.845789,in_transit
geo_position,2026-06-01T09:45:30Z,user-del-2,del-109,scooter,45.279669,19.844891,in_transit
geo_position,2026-06-01T09:45:40Z,user-del-2,del-109,scooter,45.280283,19.845147,in_transit
geo_position,2026-06-01T09:45:50Z,user-del-2,del-109,scooter,45.279808,19.845297,in_transit
geo_position,2026-06-01T09:46:00Z,user-del-2,del-109,scooter,45.279385,19.845454,in_transit
geo_position,2026-06-01T09:46:10Z,user-del-2,del-109,scooter,45.278481,19.844634,in_transit
geo_position,2026-06-01T09:46:20Z,user-del-2,del-109,scooter,45.278876,19.843464,in_transit
geo_position,2026-06-01T09:46:30Z,user-del-2,del-109,scooter,45.279289,19.842394,in_transit
geo_position,2026-06-01T09:46:40Z,user-del-2,del-109,scooter,45.280373,19.842694,in_transit
geo_position,2026-06-01T09:46:50Z,user-del-2,del-109,scooter,45.281243,19.843656,in_transit
geo_position,2026-06-01T09:47:00Z,user-del-2,del-109,scooter,45.280438,19.842983,in_transit
geo_position,2026-06-01T09:47:10Z,user-del-2,del-109,scooter,45.28066,19.842172,in_transit
geo_position,2026-06-01T09:47:20Z,user-del-2,del-109,scooter,45.280006,19.84275,in_transit
geo_position,2026-06-01T09:47:30Z,user-del-2,del-109,scooter,45.279013,19.842588,in_transit
geo_position,2026-06-01T09:47:40Z,user-del-2,del-109,scooter,45.279241,19.842167,in_transit
geo_position,2026-06-01T09:47:50Z,user-del-2,del-109,scooter,45.280254,19.841967,in_transit
geo_position,2026-06-01T09:48:00Z,user-del-2,del-109,scooter,45.2794,19.841232,in_transit
geo_position,2026-06-01T09:48:10Z,user-del-2,del-109,scooter,45.27909,19.840381,in_transit
geo_position,2026-06-01T09:48:20Z,user-del-2,del-109,scooter,45.280059,19.841342,in_transit
geo_position,2026-06-01T09:48:30Z,user-del-2,del-109,scooter,45.279191,19.840183,in_transit
geo_position,2026-06-01T09:48:40Z,user-del-2,del-109,scooter,45.278995,19.839493,in_transit
geo_position,2026-06-01T09:48:50Z,user-del-2,del-109,scooter,45.278479,19.839765,in_transit
geo_position,2026-06-01T09:49:00Z,user-del-2,del-109,scooter,45.279667,19.840213,in_transit
geo_position,2026-06-01T09:49:10Z,user-del-2,del-109,scooter,45.280295,19.840353,in_transit
geo_position,2026-06-01T09:49:20Z,user-del-2,del-109,scooter,45.280604,19.840136,in_transit
geo_position,2026-06-01T09:49:30Z,user-del-2,del-109,scooter,45.279967,19.840645,in_transit
geo_position,2026-06-01T09:49:40Z,user-del-2,del-109,scooter,45.280651,19.841574,in_transit
geo_position,2026-06-01T09:49:50Z,user-del-2,del-109,scooter,45.281333,19.842032,in_transit
geo_position,2026-06-01T09:50:00Z,user-del-2,del-109,scooter,45.28031,19.841012,in_transit
geo_position,2026-06-01T09:50:10Z,user-del-2,del-109,scooter,45.281111,19.841259,in_transit
geo_position,2026-06-01T09:50:20Z,user-del-2,del-109,scooter,45.280353,19.840171,in_transit
geo_position,2026-06-01T09:50:30Z,user-del-2,del-109,scooter,45.280243,19.839218,in_transit
geo_position,2026-06-01T09:50:40Z,user-del-2,del-109,scooter,45.279457,19.838229,in_transit
geo_position,2026-06-01T09:50:50Z,user-del-2,del-109,scooter,45.279514,19.83771,in_transit
geo_position,2026-06-01T09:51:00Z,user-del-2,del-109,scooter,45.279252,19.838868,in_transit
geo_position,2026-06-01T09:51:10Z,user-del-2,del-109,scooter,45.278771,19.839081,in_transit
geo_position,2026-06-01T09:51:20Z,user-del-2,del-109,scooter,45.278855,19.838361,in_transit
geo_position,2026-06-01T09:51:30Z,user-del-2,del-109,scooter,45.278963,19.837736,in_transit
geo_position,2026-06-01T09:51:40Z,user-del-2,del-109,scooter,45.278843,19.838714,in_transit
geo_position,2026-06-01T09:51:50Z,user-del-2,del-109,scooter,45.279836,19.837618,in_transit
geo_position,2026-06-01T09:52:00Z,user-del-2,del-109,scooter,45.279029,19.83804,in_transit
geo_position,2026-06-01T09:52:10Z,user-del-2,del-109,scooter,45.278628,19.837279,in_transit
geo_position,2026-06-01T09:52:20Z,user-del-2,del-109,scooter,45.277661,19.837579,in_transit
geo_position,2026-06-01T09:52:30Z,user-del-2,del-109,scooter,45.277538,19.838523,in_transit
geo_position,2026-06-01T09:52:40Z,user-del-2,del-109,scooter,45.276373,19.838207,in_transit
geo_position,2026-06-01T09:52:50Z,user-del-2,del-109,scooter,45.27593,19.838363,in_transit
geo_position,2026-06-01T09:53:00Z,user-del-2,del-109,scooter,45.27596,19.837674,in_transit
geo_position,2026-06-01T09:53:10Z,user-del-2,del-109,scooter,45.276444,19.838414,in_transit
geo_position,2026-06-01T09:53:20Z,user-del-2,del-109,scooter,45.276205,19.837586,in_transit
geo_position,2026-06-01T09:53:30Z,user-del-2,del-109,scooter,45.275935,19.838645,in_transit
geo_position,2026-06-01T09:53:40Z,user-del-2,del-109,scooter,45.275655,19.838958,in_transit
geo_position,2026-06-01T09:53:50Z,user-del-2,del-109,scooter,45.276009,19.839918,in_transit
geo_position,2026-06-01T09:54:00Z,user-del-2,del-109,scooter,45.276059,19.839913,completed
geo_position,2026-06-01T09:54:10Z,user-del-2,del-109,scooter,45.27612,19.839883,completed
geo_position,2026-06-01T09:54:20Z,user-del-2,del-109,scooter,45.276022,19.839953,completed
geo_position,2026-06-01T09:54:30Z,user-del-2,del-109,scooter,45.275967,19.839921,completed
geo_position,2026-06-01T09:54:40Z,user-del-2,del-109,scooter,45.275896,19.839891,completed
geo_position,2026-06-01T09:54:50Z,user-del-2,del-109,scooter,45.275855,19.839879,completed
geo_position,2026-06-01T09:55:00Z,user-del-2,del-109,scooter,45.275889,19.839897,completed
geo_position,2026-06-01T09:55:10Z,user-del-2,del-109,scooter,45.275882,19.83981,completed
geo_position,2026-06-01T09:55:20Z,user-del-2,del-109,scooter,45.275878,19.8398,completed
geo_position,2026-06-01T09:55:30Z,user-del-2,del-109,scooter,45.275781,19.839804,completed
geo_position,2026-06-01T09:55:40Z,user-del-2,del-109,scooter,45.27585,19.839758,completed
geo_position,2026-06-01T09:55:50Z,user-del-2,del-109,scooter,45.27577,19.839752,completed
geo_position,2026-06-01T10:13:00Z,user-del-2,del-110,scooter,45.280273,19.84316,accepted
geo_position,2026-06-01T10:13:10Z,user-del-2,del-110,scooter,45.279683,19.843906,accepted
geo_position,2026-06-01T10:13:20Z,user-del-2,del-110,scooter,45.280484,19.84325,accepted
geo_position,2026-06-01T10:13:30Z,user-del-2,del-110,scooter,45.279603,19.842185,accepted
geo_position,2026-06-01T10:13:40Z,user-del-2,del-110,scooter,45.280562,19.841678,accepted
geo_position,2026-06-01T10:13:50Z,user-del-2,del-110,scooter,45.281182,19.841236,accepted
geo_position,2026-06-01T10:14:00Z,user-del-2,del-110,scooter,45.28151,19.840336,accepted
geo_position,2026-06-01T10:14:10Z,user-del-2,del-110,scooter,45.282532,19.841247,accepted
geo_position,2026-06-01T10:14:20Z,user-del-2,del-110,scooter,45.282571,19.840297,accepted
geo_position,2026-06-01T10:14:30Z,user-del-2,del-110,scooter,45.28172,19.841139,accepted
geo_position,2026-06-01T10:14:40Z,user-del-2,del-110,scooter,45.281429,19.840112,accepted
geo_position,2026-06-01T10:14:50Z,user-del-2,del-110,scooter,45.281057,19.83997,accepted
geo_position,2026-06-01T10:15:00Z,user-del-2,del-110,scooter,45.28169,19.840007,accepted
geo_position,2026-06-01T10:15:10Z,user-del-2,del-110,scooter,45.282686,19.839643,accepted
geo_position,2026-06-01T10:15:20Z,user-del-2,del-110,scooter,45.283275,19.838914,accepted
geo_position,2026-06-01T10:15:30Z,user-del-2,del-110,scooter,45.283,19.83998,accepted
geo_position,2026-06-01T10:15:40Z,user-del-2,del-110,scooter,45.282891,19.840012,accepted
geo_position,2026-06-01T10:15:50Z,user-del-2,del-110,scooter,45.282203,19.839145,accepted
geo_position,2026-06-01T10:16:00Z,user-del-2,del-110,scooter,45.28182,19.838953,accepted
geo_position,2026-06-01T10:16:10Z,user-del-2,del-110,scooter,45.281349,19.839364,accepted
geo_position,2026-06-01T10:16:20Z,user-del-2,del-110,scooter,45.280473,19.839078,accepted
geo_position,2026-06-01T10:16:30Z,user-del-2,del-110,scooter,45.280313,19.839312,accepted
geo_position,2026-06-01T10:16:40Z,user-del-2,del-110,scooter,45.280668,19.840163,accepted
geo_position,2026-06-01T10:16:50Z,user-del-2,del-110,scooter,45.280959,19.841091,accepted
geo_position,2026-06-01T10:17:00Z,user-del-2,del-110,scooter,45.280494,19.840581,accepted
geo_position,2026-06-01T10:17:10Z,user-del-2,del-110,scooter,45.280347,19.840874,accepted
geo_position,2026-06-01T10:17:20Z,user-del-2,del-110,scooter,45.281013,19.840135,accepted
geo_position,2026-06-01T10:17:30Z,user-del-2,del-110,scooter,45.279948,19.840361,accepted
geo_position,2026-06-01T10:17:40Z,user-del-2,del-110,scooter,45.279503,19.83966,accepted
geo_position,2026-06-01T10:17:50Z,user-del-2,del-110,scooter,45.279894,19.839448,accepted
geo_position,2026-06-01T10:18:00Z,user-del-2,del-110,scooter,45.27985,19.838513,in_transit
geo_position,2026-06-01T10:18:10Z,user-del-2,del-110,scooter,45.279249,19.838288,in_transit
geo_position,2026-06-01T10:18:20Z,user-del-2,del-110,scooter,45.27925,19.838921,in_transit
geo_position,2026-06-01T10:18:30Z,user-del-2,del-110,scooter,45.279351,19.839686,in_transit
geo_position,2026-06-01T10:18:40Z,user-del-2,del-110,scooter,45.278152,19.840317,in_transit
geo_position,2026-06-01T10:18:50Z,user-del-2,del-110,scooter,45.277005,19.839846,in_transit
geo_position,2026-06-01T10:19:00Z,user-del-2,del-110,scooter,45.278085,19.840352,in_transit
geo_position,2026-06-01T10:19:10Z,user-del-2,del-110,scooter,45.277392,19.839522,in_transit
geo_position,2026-06-01T10:19:20Z,user-del-2,del-110,scooter,45.276613,19.839549,in_transit
geo_position,2026-06-01T10:19:30Z,user-del-2,del-110,scooter,45.275545,19.839515,in_transit
geo_position,2026-06-01T10:19:40Z,user-del-2,del-110,scooter,45.274775,19.840333,in_transit
geo_position,2026-06-01T10:19:50Z,user-del-2,del-110,scooter,45.275075,19.840396,in_transit
geo_position,2026-06-01T10:20:00Z,user-del-2,del-110,scooter,45.273922,19.839785,in_transit
geo_position,2026-06-01T10:20:10Z,user-del-2,del-110,scooter,45.274058,19.838982,in_transit
geo_position,2026-06-01T10:20:20Z,user-del-2,del-110,scooter,45.273806,19.839618,in_transit
geo_position,2026-06-01T10:20:30Z,user-del-2,del-110,scooter,45.273524,19.838566,in_transit
geo_position,2026-06-01T10:20:40Z,user-del-2,del-110,scooter,45.273205,19.837447,in_transit
geo_position,2026-06-01T10:20:50Z,user-del-2,del-110,scooter,45.273199,19.836768,in_transit
geo_position,2026-06-01T10:21:00Z,user-del-2,del-110,scooter,45.273418,19.836626,in_transit
geo_position,2026-06-01T10:21:10Z,user-del-2,del-110,scooter,45.272489,19.835513,in_transit
geo_position,2026-06-01T10:21:20Z,user-del-2,del-110,scooter,45.27144,19.835778,in_transit
geo_position,2026-06-01T10:21:30Z,user-del-2,del-110,scooter,45.270439,19.834714,in_transit
geo_position,2026-06-01T10:21:40Z,user-del-2,del-110,scooter,45.269958,19.834116,in_transit
geo_position,2026-06-01T10:21:50Z,user-del-2,del-110,scooter,45.270693,19.834248,in_transit
geo_position,2026-06-01T10:22:00Z,user-del-2,del-110,scooter,45.270336,19.833728,in_transit
geo_position,2026-06-01T10:22:10Z,user-del-2,del-110,scooter,45.27056,19.832994,in_transit
geo_position,2026-06-01T10:22:20Z,user-del-2,del-110,scooter,45.270196,19.833082,in_transit
geo_position,2026-06-01T10:22:30Z,user-del-2,del-110,scooter,45.271197,19.833728,in_transit
geo_position,2026-06-01T10:22:40Z,user-del-2,del-110,scooter,45.270264,19.833827,in_transit
geo_position,2026-06-01T10:22:50Z,user-del-2,del-110,scooter,45.270273,19.834244,in_transit
geo_position,2026-06-01T10:23:00Z,user-del-2,del-110,scooter,45.270908,19.835082,in_transit
geo_position,2026-06-01T10:23:10Z,user-del-2,del-110,scooter,45.271233,19.834503,in_transit
geo_position,2026-06-01T10:23:20Z,user-del-2,del-110,scooter,45.27239,19.834281,in_transit
geo_position,2026-06-01T10:23:30Z,user-del-2,del-110,scooter,45.27253,19.835064,in_transit
geo_position,2026-06-01T10:23:40Z,user-del-2,del-110,scooter,45.271477,19.835341,in_transit
geo_position,2026-06-01T10:23:50Z,user-del-2,del-110,scooter,45.271549,19.836478,in_transit
geo_position,2026-06-01T10:24:00Z,user-del-2,del-110,scooter,45.271733,19.836514,in_transit
geo_position,2026-06-01T10:24:10Z,user-del-2,del-110,scooter,45.272591,19.835813,in_transit
geo_position,2026-06-01T10:24:20Z,user-del-2,del-110,scooter,45.272137,19.836878,in_transit
geo_position,2026-06-01T10:24:30Z,user-del-2,del-110,scooter,45.272919,19.837632,in_transit
geo_position,2026-06-01T10:24:40Z,user-del-2,del-110,scooter,45.272562,19.838673,in_transit
geo_position,2026-06-01T10:24:50Z,user-del-2,del-110,scooter,45.272257,19.838881,in_transit
geo_position,2026-06-01T10:25:00Z,user-del-2,del-110,scooter,45.272953,19.840014,in_transit
geo_position,2026-06-01T10:25:10Z,user-del-2,del-110,scooter,45.273442,19.839594,in_transit
geo_position,2026-06-01T10:25:20Z,user-del-2,del-110,scooter,45.272508,19.838828,in_transit
geo_position,2026-06-01T10:25:30Z,user-del-2,del-110,scooter,45.272277,19.839634,in_transit
geo_position,2026-06-01T10:25:40Z,user-del-2,del-110,scooter,45.273108,19.83943,in_transit
geo_position,2026-06-01T10:25:50Z,user-del-2,del-110,scooter,45.273376,19.839434,in_transit
geo_position,2026-06-01T10:26:00Z,user-del-2,del-110,scooter,45.272525,19.840071,in_transit
geo_position,2026-06-01T10:26:10Z,user-del-2,del-110,scooter,45.27267,19.840902,in_transit
geo_position,2026-06-01T10:26:20Z,user-del-2,del-110,scooter,45.271898,19.841319,in_transit
geo_position,2026-06-01T10:26:30Z,user-del-2,del-110,scooter,45.272826,19.841955,in_transit
geo_position,2026-06-01T10:26:40Z,user-del-2,del-110,scooter,45.273211,19.842733,in_transit
geo_position,2026-06-01T10:26:50Z,user-del-2,del-110,scooter,45.273937,19.843159,in_transit
geo_position,2026-06-01T10:27:00Z,user-del-2,del-110,scooter,45.27421,19.842895,in_transit
geo_position,2026-06-01T10:27:10Z,user-del-2,del-110,scooter,45.273317,19.842104,in_transit
geo_position,2026-06-01T10:27:20Z,user-del-2,del-110,scooter,45.273795,19.841477,in_transit
geo_position,2026-06-01T10:27:30Z,user-del-2,del-110,scooter,45.273772,19.84097,in_transit
geo_position,2026-06-01T10:27:40Z,user-del-2,del-110,scooter,45.274146,19.840326,in_transit
geo_position,2026-06-01T10:27:50Z,user-del-2,del-110,scooter,45.275118,19.839273,in_transit
geo_position,2026-06-01T10:28:00Z,user-del-2,del-110,scooter,45.274096,19.838239,in_transit
geo_position,2026-06-01T10:28:10Z,user-del-2,del-110,scooter,45.273587,19.839207,in_transit
geo_position,2026-06-01T10:28:20Z,user-del-2,del-110,scooter,45.273809,19.839404,in_transit
geo_position,2026-06-01T10:28:30Z,user-del-2,del-110,scooter,45.272923,19.838944,in_transit
geo_position,2026-06-01T10:28:40Z,user-del-2,del-110,scooter,45.272688,19.838507,in_transit
geo_position,2026-06-01T10:28:50Z,user-del-2,del-110,scooter,45.272064,19.837754,in_transit
geo_position,2026-06-01T10:29:00Z,user-del-2,del-110,scooter,45.272979,19.836598,in_transit
geo_position,2026-06-01T10:29:10Z,user-del-2,del-110,scooter,45.271793,19.836854,in_transit
geo_position,2026-06-01T10:29:20Z,user-del-2,del-110,scooter,45.272067,19.83799,in_transit
geo_position,2026-06-01T10:29:30Z,user-del-2,del-110,scooter,45.273034,19.838151,in_transit
geo_position,2026-06-01T10:29:40Z,user-del-2,del-110,scooter,45.273961,19.838589,in_transit
geo_position,2026-06-01T10:29:50Z,user-del-2,del-110,scooter,45.273499,19.837614,in_transit
geo_position,2026-06-01T10:30:00Z,user-del-2,del-110,scooter,45.272329,19.838335,in_transit
geo_position,2026-06-01T10:30:10Z,user-del-2,del-110,scooter,45.272879,19.838707,in_transit
geo_position,2026-06-01T10:30:20Z,user-del-2,del-110,scooter,45.272348,19.837689,in_transit
geo_position,2026-06-01T10:30:30Z,user-del-2,del-110,scooter,45.27172,19.837975,in_transit
geo_position,2026-06-01T10:30:40Z,user-del-2,del-110,scooter,45.272646,19.839029,in_transit
geo_position,2026-06-01T10:30:50Z,user-del-2,del-110,scooter,45.271589,19.838345,in_transit
geo_position,2026-06-01T10:31:00Z,user-del-2,del-110,scooter,45.270445,19.838877,in_transit
geo_position,2026-06-01T10:31:10Z,user-del-2,del-110,scooter,45.270025,19.838394,in_transit
geo_position,2026-06-01T10:31:20Z,user-del-2,del-110,scooter,45.270061,19.838588,in_transit
geo_position,2026-06-01T10:31:30Z,user-del-2,del-110,scooter,45.269483,19.837517,in_transit
geo_position,2026-06-01T10:31:40Z,user-del-2,del-110,scooter,45.269584,19.836379,in_transit
geo_position,2026-06-01T10:31:50Z,user-del-2,del-110,scooter,45.268426,19.836918,in_transit
geo_position,2026-06-01T10:32:00Z,user-del-2,del-110,scooter,45.267577,19.835814,in_transit
geo_position,2026-06-01T10:32:10Z,user-del-2,del-110,scooter,45.267071,19.835717,in_transit
geo_position,2026-06-01T10:32:20Z,user-del-2,del-110,scooter,45.266168,19.835057,in_transit
geo_position,2026-06-01T10:32:30Z,user-del-2,del-110,scooter,45.265786,19.836076,in_transit
geo_position,2026-06-01T10:32:40Z,user-del-2,del-110,scooter,45.266936,19.836568,in_transit
geo_position,2026-06-01T10:32:50Z,user-del-2,del-110,scooter,45.268107,19.836544,in_transit
geo_position,2026-06-01T10:33:00Z,user-del-2,del-110,scooter,45.268638,19.836716,in_transit
geo_position,2026-06-01T10:33:10Z,user-del-2,del-110,scooter,45.26751,19.836092,in_transit
geo_position,2026-06-01T10:33:20Z,user-del-2,del-110,scooter,45.26693,19.835423,in_transit
geo_position,2026-06-01T10:33:30Z,user-del-2,del-110,scooter,45.265745,19.835062,in_transit
geo_position,2026-06-01T10:33:40Z,user-del-2,del-110,scooter,45.266073,19.834819,in_transit
geo_position,2026-06-01T10:33:50Z,user-del-2,del-110,scooter,45.266959,19.834576,in_transit
geo_position,2026-06-01T10:34:00Z,user-del-2,del-110,scooter,45.26792,19.83441,in_transit
geo_position,2026-06-01T10:34:10Z,user-del-2,del-110,scooter,45.26874,19.833881,in_transit
geo_position,2026-06-01T10:34:20Z,user-del-2,del-110,scooter,45.269213,19.833341,in_transit
geo_position,2026-06-01T10:34:30Z,user-del-2,del-110,scooter,45.269459,19.834527,in_transit
geo_position,2026-06-01T10:34:40Z,user-del-2,del-110,scooter,45.2694,19.833676,in_transit
geo_position,2026-06-01T10:34:50Z,user-del-2,del-110,scooter,45.268867,19.833138,in_transit
geo_position,2026-06-01T10:35:00Z,user-del-2,del-110,scooter,45.268819,19.83323,in_transit
geo_position,2026-06-01T10:35:10Z,user-del-2,del-110,scooter,45.267766,19.833136,in_transit
geo_position,2026-06-01T10:35:20Z,user-del-2,del-110,scooter,45.267934,19.833044,in_transit
geo_position,2026-06-01T10:35:30Z,user-del-2,del-110,scooter,45.26799,19.832826,in_transit
geo_position,2026-06-01T10:35:40Z,user-del-2,del-110,scooter,45.267712,19.833001,in_transit
geo_position,2026-06-01T10:35:50Z,user-del-2,del-110,scooter,45.268645,19.83294,in_transit
geo_position,2026-06-01T10:36:00Z,user-del-2,del-110,scooter,45.26794,19.833138,in_transit
geo_position,2026-06-01T10:36:10Z,user-del-2,del-110,scooter,45.268394,19.832863,in_transit
geo_position,2026-06-01T10:36:20Z,user-del-2,del-110,scooter,45.267757,19.83367,in_transit
geo_position,2026-06-01T10:36:30Z,user-del-2,del-110,scooter,45.268402,19.832778,in_transit
geo_position,2026-06-01T10:36:40Z,user-del-2,del-110,scooter,45.268085,19.832448,in_transit
geo_position,2026-06-01T10:36:50Z,user-del-2,del-110,scooter,45.269057,19.832754,in_transit
geo_position,2026-06-01T10:37:00Z,user-del-2,del-110,scooter,45.268973,19.832734,completed
geo_position,2026-06-01T10:37:10Z,user-del-2,del-110,scooter,45.269035,19.832733,completed
geo_position,2026-06-01T10:37:20Z,user-del-2,del-110,scooter,45.268939,19.83273,completed
geo_position,2026-06-01T10:37:30Z,user-del-2,del-110,scooter,45.26893,19.832636,completed
geo_position,2026-06-01T10:37:40Z,user-del-2,del-110,scooter,45.268882,19.832627,completed
geo_position,2026-06-01T10:37:50Z,user-del-2,del-110,scooter,45.268912,19.832542,completed
geo_position,2026-06-01T10:54:00Z,user-del-2,del-111,scooter,45.264633,19.833129,accepted
geo_position,2026-06-01T10:54:10Z,user-del-2,del-111,scooter,45.26345,19.832987,accepted
geo_position,2026-06-01T10:54:20Z,user-del-2,del-111,scooter,45.263534,19.832426,accepted
geo_position,2026-06-01T10:54:30Z,user-del-2,del-111,scooter,45.263708,19.832166,accepted
geo_position,2026-06-01T10:54:40Z,user-del-2,del-111,scooter,45.264758,19.832265,accepted
geo_position,2026-06-01T10:54:50Z,user-del-2,del-111,scooter,45.265366,19.831152,accepted
geo_position,2026-06-01T10:55:00Z,user-del-2,del-111,scooter,45.265232,19.830167,accepted
geo_position,2026-06-01T10:55:10Z,user-del-2,del-111,scooter,45.264698,19.831267,accepted
geo_position,2026-06-01T10:55:20Z,user-del-2,del-111,scooter,45.263534,19.83177,accepted
geo_position,2026-06-01T10:55:30Z,user-del-2,del-111,scooter,45.263715,19.832919,accepted
geo_position,2026-06-01T10:55:40Z,user-del-2,del-111,scooter,45.264248,19.832233,accepted
geo_position,2026-06-01T10:55:50Z,user-del-2,del-111,scooter,45.264931,19.833421,accepted
geo_position,2026-06-01T10:56:00Z,user-del-2,del-111,scooter,45.264961,19.834369,accepted
geo_position,2026-06-01T10:56:10Z,user-del-2,del-111,scooter,45.264859,19.83341,accepted
geo_position,2026-06-01T10:56:20Z,user-del-2,del-111,scooter,45.263933,19.832475,accepted
geo_position,2026-06-01T10:56:30Z,user-del-2,del-111,scooter,45.263595,19.833281,accepted
geo_position,2026-06-01T10:56:40Z,user-del-2,del-111,scooter,45.263196,19.832947,accepted
geo_position,2026-06-01T10:56:50Z,user-del-2,del-111,scooter,45.263925,19.832229,accepted
geo_position,2026-06-01T10:57:00Z,user-del-2,del-111,scooter,45.263921,19.832596,accepted
geo_position,2026-06-01T10:57:10Z,user-del-2,del-111,scooter,45.263739,19.833144,accepted
geo_position,2026-06-01T10:57:20Z,user-del-2,del-111,scooter,45.263601,19.833315,accepted
geo_position,2026-06-01T10:57:30Z,user-del-2,del-111,scooter,45.262456,19.83336,accepted
geo_position,2026-06-01T10:57:40Z,user-del-2,del-111,scooter,45.26357,19.833658,accepted
geo_position,2026-06-01T10:57:50Z,user-del-2,del-111,scooter,45.264233,19.833374,accepted
geo_position,2026-06-01T10:58:00Z,user-del-2,del-111,scooter,45.263137,19.833762,in_transit
geo_position,2026-06-01T10:58:10Z,user-del-2,del-111,scooter,45.263538,19.834624,in_transit
geo_position,2026-06-01T10:58:20Z,user-del-2,del-111,scooter,45.263973,19.835665,in_transit
geo_position,2026-06-01T10:58:30Z,user-del-2,del-111,scooter,45.263059,19.836399,in_transit
geo_position,2026-06-01T10:58:40Z,user-del-2,del-111,scooter,45.26215,19.837561,in_transit
geo_position,2026-06-01T10:58:50Z,user-del-2,del-111,scooter,45.261844,19.837663,in_transit
geo_position,2026-06-01T10:59:00Z,user-del-2,del-111,scooter,45.262314,19.83864,in_transit
geo_position,2026-06-01T10:59:10Z,user-del-2,del-111,scooter,45.261334,19.839512,in_transit
geo_position,2026-06-01T10:59:20Z,user-del-2,del-111,scooter,45.260426,19.840482,in_transit
geo_position,2026-06-01T10:59:30Z,user-del-2,del-111,scooter,45.259433,19.840109,in_transit
geo_position,2026-06-01T10:59:40Z,user-del-2,del-111,scooter,45.26049,19.839775,in_transit
geo_position,2026-06-01T10:59:50Z,user-del-2,del-111,scooter,45.259889,19.83961,in_transit
geo_position,2026-06-01T11:00:00Z,user-del-2,del-111,scooter,45.260594,19.838434,in_transit
geo_position,2026-06-01T11:00:10Z,user-del-2,del-111,scooter,45.259921,19.838375,in_transit
geo_position,2026-06-01T11:00:20Z,user-del-2,del-111,scooter,45.258861,19.839361,in_transit
geo_position,2026-06-01T11:00:30Z,user-del-2,del-111,scooter,45.258845,19.838206,in_transit
geo_position,2026-06-01T11:00:40Z,user-del-2,del-111,scooter,45.259785,19.838209,in_transit
geo_position,2026-06-01T11:00:50Z,user-del-2,del-111,scooter,45.260938,19.837893,in_transit
geo_position,2026-06-01T11:01:00Z,user-del-2,del-111,scooter,45.260799,19.837336,in_transit
geo_position,2026-06-01T11:01:10Z,user-del-2,del-111,scooter,45.261403,19.836254,in_transit
geo_position,2026-06-01T11:01:20Z,user-del-2,del-111,scooter,45.261135,19.835468,in_transit
geo_position,2026-06-01T11:01:30Z,user-del-2,del-111,scooter,45.260792,19.835362,in_transit
geo_position,2026-06-01T11:01:40Z,user-del-2,del-111,scooter,45.260816,19.836451,in_transit
geo_position,2026-06-01T11:01:50Z,user-del-2,del-111,scooter,45.259978,19.836308,in_transit
geo_position,2026-06-01T11:02:00Z,user-del-2,del-111,scooter,45.259523,19.836654,in_transit
geo_position,2026-06-01T11:02:10Z,user-del-2,del-111,scooter,45.260216,19.835886,in_transit
geo_position,2026-06-01T11:02:20Z,user-del-2,del-111,scooter,45.259505,19.835533,in_transit
geo_position,2026-06-01T11:02:30Z,user-del-2,del-111,scooter,45.259326,19.834693,in_transit
geo_position,2026-06-01T11:02:40Z,user-del-2,del-111,scooter,45.259983,19.835798,in_transit
geo_position,2026-06-01T11:02:50Z,user-del-2,del-111,scooter,45.259174,19.835807,in_transit
geo_position,2026-06-01T11:03:00Z,user-del-2,del-111,scooter,45.260368,19.834982,in_transit
geo_position,2026-06-01T11:03:10Z,user-del-2,del-111,scooter,45.260773,19.834101,in_transit
geo_position,2026-06-01T11:03:20Z,user-del-2,del-111,scooter,45.261212,19.834559,in_transit
geo_position,2026-06-01T11:03:30Z,user-del-2,del-111,scooter,45.261732,19.833968,in_transit
geo_position,2026-06-01T11:03:40Z,user-del-2,del-111,scooter,45.26246,19.834197,in_transit
geo_position,2026-06-01T11:03:50Z,user-del-2,del-111,scooter,45.263311,19.83468,in_transit
geo_position,2026-06-01T11:04:00Z,user-del-2,del-111,scooter,45.262417,19.835532,in_transit
geo_position,2026-06-01T11:04:10Z,user-del-2,del-111,scooter,45.2614,19.835839,in_transit
geo_position,2026-06-01T11:04:20Z,user-del-2,del-111,scooter,45.260834,19.83498,in_transit
geo_position,2026-06-01T11:04:30Z,user-del-2,del-111,scooter,45.261889,19.83609,in_transit
geo_position,2026-06-01T11:04:40Z,user-del-2,del-111,scooter,45.262141,19.837246,in_transit
geo_position,2026-06-01T11:04:50Z,user-del-2,del-111,scooter,45.261625,19.837021,in_transit
geo_position,2026-06-01T11:05:00Z,user-del-2,del-111,scooter,45.26135,19.8376,in_transit
geo_position,2026-06-01T11:05:10Z,user-del-2,del-111,scooter,45.261287,19.837547,in_transit
geo_position,2026-06-01T11:05:20Z,user-del-2,del-111,scooter,45.262295,19.837777,in_transit
geo_position,2026-06-01T11:05:30Z,user-del-2,del-111,scooter,45.263108,19.838799,in_transit
geo_position,2026-06-01T11:05:40Z,user-del-2,del-111,scooter,45.262273,19.838189,in_transit
geo_position,2026-06-01T11:05:50Z,user-del-2,del-111,scooter,45.263376,19.838123,in_transit
geo_position,2026-06-01T11:06:00Z,user-del-2,del-111,scooter,45.263975,19.838747,in_transit
geo_position,2026-06-01T11:06:10Z,user-del-2,del-111,scooter,45.264972,19.838356,in_transit
geo_position,2026-06-01T11:06:20Z,user-del-2,del-111,scooter,45.265053,19.838656,in_transit
geo_position,2026-06-01T11:06:30Z,user-del-2,del-111,scooter,45.264516,19.837652,in_transit
geo_position,2026-06-01T11:06:40Z,user-del-2,del-111,scooter,45.263869,19.837162,in_transit
geo_position,2026-06-01T11:06:50Z,user-del-2,del-111,scooter,45.263776,19.836265,in_transit
geo_position,2026-06-01T11:07:00Z,user-del-2,del-111,scooter,45.26395,19.835169,in_transit
geo_position,2026-06-01T11:07:10Z,user-del-2,del-111,scooter,45.263062,19.836294,in_transit
geo_position,2026-06-01T11:07:20Z,user-del-2,del-111,scooter,45.262609,19.837192,in_transit
geo_position,2026-06-01T11:07:30Z,user-del-2,del-111,scooter,45.262544,19.837198,in_transit
geo_position,2026-06-01T11:07:40Z,user-del-2,del-111,scooter,45.263611,19.838389,in_transit
geo_position,2026-06-01T11:07:50Z,user-del-2,del-111,scooter,45.262731,19.839364,in_transit
geo_position,2026-06-01T11:08:00Z,user-del-2,del-111,scooter,45.263398,19.839387,in_transit
geo_position,2026-06-01T11:08:10Z,user-del-2,del-111,scooter,45.264059,19.838868,in_transit
geo_position,2026-06-01T11:08:20Z,user-del-2,del-111,scooter,45.264899,19.840035,in_transit
geo_position,2026-06-01T11:08:30Z,user-del-2,del-111,scooter,45.264486,19.840733,in_transit
geo_position,2026-06-01T11:08:40Z,user-del-2,del-111,scooter,45.265137,19.841264,in_transit
geo_position,2026-06-01T11:08:50Z,user-del-2,del-111,scooter,45.266046,19.842058,in_transit
geo_position,2026-06-01T11:09:00Z,user-del-2,del-111,scooter,45.265965,19.842556,in_transit
geo_position,2026-06-01T11:09:10Z,user-del-2,del-111,scooter,45.266654,19.842552,in_transit
geo_position,2026-06-01T11:09:20Z,user-del-2,del-111,scooter,45.267317,19.84341,in_transit
geo_position,2026-06-01T11:09:30Z,user-del-2,del-111,scooter,45.267735,19.842234,in_transit
geo_position,2026-06-01T11:09:40Z,user-del-2,del-111,scooter,45.266648,19.841262,in_transit
geo_position,2026-06-01T11:09:50Z,user-del-2,del-111,scooter,45.266135,19.841504,in_transit
geo_position,2026-06-01T11:10:00Z,user-del-2,del-111,scooter,45.266845,19.842125,in_transit
geo_position,2026-06-01T11:10:10Z,user-del-2,del-111,scooter,45.265958,19.842124,in_transit
geo_position,2026-06-01T11:10:20Z,user-del-2,del-111,scooter,45.26607,19.842614,in_transit
geo_position,2026-06-01T11:10:30Z,user-del-2,del-111,scooter,45.264985,19.841835,in_transit
geo_position,2026-06-01T11:10:40Z,user-del-2,del-111,scooter,45.265963,19.840974,in_transit
geo_position,2026-06-01T11:10:50Z,user-del-2,del-111,scooter,45.26703,19.840207,in_transit
geo_position,2026-06-01T11:11:00Z,user-del-2,del-111,scooter,45.267851,19.840642,in_transit
geo_position,2026-06-01T11:11:10Z,user-del-2,del-111,scooter,45.267195,19.840273,in_transit
geo_position,2026-06-01T11:11:20Z,user-del-2,del-111,scooter,45.267717,19.841277,in_transit
geo_position,2026-06-01T11:11:30Z,user-del-2,del-111,scooter,45.267169,19.84238,in_transit
geo_position,2026-06-01T11:11:40Z,user-del-2,del-111,scooter,45.266356,19.843549,in_transit
geo_position,2026-06-01T11:11:50Z,user-del-2,del-111,scooter,45.265327,19.844746,in_transit
geo_position,2026-06-01T11:12:00Z,user-del-2,del-111,scooter,45.265336,19.843548,in_transit
geo_position,2026-06-01T11:12:10Z,user-del-2,del-111,scooter,45.26498,19.842553,in_transit
geo_position,2026-06-01T11:12:20Z,user-del-2,del-111,scooter,45.264516,19.841706,in_transit
geo_position,2026-06-01T11:12:30Z,user-del-2,del-111,scooter,45.265301,19.840896,in_transit
geo_position,2026-06-01T11:12:40Z,user-del-2,del-111,scooter,45.264222,19.841978,in_transit
geo_position,2026-06-01T11:12:50Z,user-del-2,del-111,scooter,45.264623,19.841384,in_transit
geo_position,2026-06-01T11:13:00Z,user-del-2,del-111,scooter,45.264524,19.841382,completed
geo_position,2026-06-01T11:13:10Z,user-del-2,del-111,scooter,45.264479,19.841311,completed
geo_position,2026-06-01T11:13:20Z,user-del-2,del-111,scooter,45.26455,19.841365,completed
geo_position,2026-06-01T11:13:30Z,user-del-2,del-111,scooter,45.264588,19.8413,completed
geo_position,2026-06-01T11:13:40Z,user-del-2,del-111,scooter,45.26453,19.841254,completed
geo_position,2026-06-01T11:13:50Z,user-del-2,del-111,scooter,45.264468,19.841353,completed
geo_position,2026-06-01T08:00:00Z,user-del-3,del-112,car,45.259761,19.827136,accepted
geo_position,2026-06-01T08:00:10Z,user-del-3,del-112,car,45.259902,19.827351,accepted
geo_position,2026-06-01T08:00:20Z,user-del-3,del-112,car,45.259536,19.827694,accepted
geo_position,2026-06-01T08:00:30Z,user-del-3,del-112,car,45.259909,19.827765,accepted
geo_position,2026-06-01T08:00:40Z,user-del-3,del-112,car,45.260487,19.828252,accepted
geo_position,2026-06-01T08:00:50Z,user-del-3,del-112,car,45.261288,19.829111,accepted
geo_position,2026-06-01T08:01:00Z,user-del-3,del-112,car,45.260733,19.829793,accepted
geo_position,2026-06-01T08:01:10Z,user-del-3,del-112,car,45.26173,19.830345,accepted
geo_position,2026-06-01T08:01:20Z,user-del-3,del-112,car,45.261417,19.829939,accepted
geo_position,2026-06-01T08:01:30Z,user-del-3,del-112,car,45.261884,19.830014,accepted
geo_position,2026-06-01T08:01:40Z,user-del-3,del-112,car,45.262293,19.830594,accepted
geo_position,2026-06-01T08:01:50Z,user-del-3,del-112,car,45.262224,19.829691,accepted
geo_position,2026-06-01T08:02:00Z,user-del-3,del-112,car,45.261198,19.828566,accepted
geo_position,2026-06-01T08:02:10Z,user-del-3,del-112,car,45.262305,19.829423,accepted
geo_position,2026-06-01T08:02:20Z,user-del-3,del-112,car,45.263125,19.829863,accepted
geo_position,2026-06-01T08:02:30Z,user-del-3,del-112,car,45.26292,19.829915,accepted
geo_position,2026-06-01T08:02:40Z,user-del-3,del-112,car,45.261828,19.830025,accepted
geo_position,2026-06-01T08:02:50Z,user-del-3,del-112,car,45.261596,19.830148,accepted
geo_position,2026-06-01T08:03:00Z,user-del-3,del-112,car,45.262438,19.829526,accepted
geo_position,2026-06-01T08:03:10Z,user-del-3,del-112,car,45.26312,19.828738,accepted
geo_position,2026-06-01T08:03:20Z,user-del-3,del-112,car,45.262149,19.828654,accepted
geo_position,2026-06-01T08:03:30Z,user-del-3,del-112,car,45.263293,19.827594,accepted
geo_position,2026-06-01T08:03:40Z,user-del-3,del-112,car,45.262719,19.827211,accepted
geo_position,2026-06-01T08:03:50Z,user-del-3,del-112,car,45.261935,19.826336,accepted
geo_position,2026-06-01T08:04:00Z,user-del-3,del-112,car,45.260784,19.825324,accepted
geo_position,2026-06-01T08:04:10Z,user-del-3,del-112,car,45.259823,19.826472,accepted
geo_position,2026-06-01T08:04:20Z,user-del-3,del-112,car,45.260547,19.827559,accepted
geo_position,2026-06-01T08:04:30Z,user-del-3,del-112,car,45.260568,19.828123,accepted
geo_position,2026-06-01T08:04:40Z,user-del-3,del-112,car,45.261289,19.828447,accepted
geo_position,2026-06-01T08:04:50Z,user-del-3,del-112,car,45.26208,19.82894,accepted
geo_position,2026-06-01T08:05:00Z,user-del-3,del-112,car,45.261112,19.827962,accepted
geo_position,2026-06-01T08:05:10Z,user-del-3,del-112,car,45.261552,19.827021,accepted
geo_position,2026-06-01T08:05:20Z,user-del-3,del-112,car,45.260918,19.82736,accepted
geo_position,2026-06-01T08:05:30Z,user-del-3,del-112,car,45.262007,19.828242,accepted
geo_position,2026-06-01T08:05:40Z,user-del-3,del-112,car,45.261898,19.828043,accepted
geo_position,2026-06-01T08:05:50Z,user-del-3,del-112,car,45.262399,19.827364,accepted
geo_position,2026-06-01T08:06:00Z,user-del-3,del-112,car,45.262973,19.826287,in_transit
geo_position,2026-06-01T08:06:10Z,user-del-3,del-112,car,45.263149,19.827139,in_transit
geo_position,2026-06-01T08:06:20Z,user-del-3,del-112,car,45.263545,19.82736,in_transit
geo_position,2026-06-01T08:06:30Z,user-del-3,del-112,car,45.264618,19.826344,in_transit
geo_position,2026-06-01T08:06:40Z,user-del-3,del-112,car,45.264965,19.826436,in_transit
geo_position,2026-06-01T08:06:50Z,user-del-3,del-112,car,45.265255,19.826068,in_transit
geo_position,2026-06-01T08:07:00Z,user-del-3,del-112,car,45.265863,19.825776,in_transit
geo_position,2026-06-01T08:07:10Z,user-del-3,del-112,car,45.265095,19.824799,in_transit
geo_position,2026-06-01T08:07:20Z,user-del-3,del-112,car,45.265847,19.824481,in_transit
geo_position,2026-06-01T08:07:30Z,user-del-3,del-112,car,45.266323,19.823877,in_transit
geo_position,2026-06-01T08:07:40Z,user-del-3,del-112,car,45.266411,19.824633,in_transit
geo_position,2026-06-01T08:07:50Z,user-del-3,del-112,car,45.266201,19.823901,in_transit
geo_position,2026-06-01T08:08:00Z,user-del-3,del-112,car,45.265051,19.823122,in_transit
geo_position,2026-06-01T08:08:10Z,user-del-3,del-112,car,45.264622,19.824013,in_transit
geo_position,2026-06-01T08:08:20Z,user-del-3,del-112,car,45.263912,19.823723,in_transit
geo_position,2026-06-01T08:08:30Z,user-del-3,del-112,car,45.264195,19.823582,in_transit
geo_position,2026-06-01T08:08:40Z,user-del-3,del-112,car,45.263619,19.823745,in_transit
geo_position,2026-06-01T08:08:50Z,user-del-3,del-112,car,45.263551,19.823381,in_transit
geo_position,2026-06-01T08:09:00Z,user-del-3,del-112,car,45.264021,19.822894,in_transit
geo_position,2026-06-01T08:09:10Z,user-del-3,del-112,car,45.262916,19.821944,in_transit
geo_position,2026-06-01T08:09:20Z,user-del-3,del-112,car,45.262652,19.82179,in_transit
geo_position,2026-06-01T08:09:30Z,user-del-3,del-112,car,45.263531,19.821036,in_transit
geo_position,2026-06-01T08:09:40Z,user-del-3,del-112,car,45.26254,19.821427,in_transit
geo_position,2026-06-01T08:09:50Z,user-del-3,del-112,car,45.262813,19.822042,in_transit
geo_position,2026-06-01T08:10:00Z,user-del-3,del-112,car,45.263034,19.821519,in_transit
geo_position,2026-06-01T08:10:10Z,user-del-3,del-112,car,45.263505,19.82198,in_transit
geo_position,2026-06-01T08:10:20Z,user-del-3,del-112,car,45.262873,19.822563,in_transit
geo_position,2026-06-01T08:10:30Z,user-del-3,del-112,car,45.261784,19.822188,in_transit
geo_position,2026-06-01T08:10:40Z,user-del-3,del-112,car,45.262578,19.821435,in_transit
geo_position,2026-06-01T08:10:50Z,user-del-3,del-112,car,45.263017,19.821606,in_transit
geo_position,2026-06-01T08:11:00Z,user-del-3,del-112,car,45.262302,19.820958,in_transit
geo_position,2026-06-01T08:11:10Z,user-del-3,del-112,car,45.263404,19.821081,in_transit
geo_position,2026-06-01T08:11:20Z,user-del-3,del-112,car,45.263067,19.820422,in_transit
geo_position,2026-06-01T08:11:30Z,user-del-3,del-112,car,45.26399,19.820967,in_transit
geo_position,2026-06-01T08:11:40Z,user-del-3,del-112,car,45.264492,19.820806,in_transit
geo_position,2026-06-01T08:11:50Z,user-del-3,del-112,car,45.265404,19.820719,in_transit
geo_position,2026-06-01T08:12:00Z,user-del-3,del-112,car,45.265353,19.820896,in_transit
geo_position,2026-06-01T08:12:10Z,user-del-3,del-112,car,45.265826,19.821516,in_transit
geo_position,2026-06-01T08:12:20Z,user-del-3,del-112,car,45.266451,19.820725,in_transit
geo_position,2026-06-01T08:12:30Z,user-del-3,del-112,car,45.267345,19.82102,in_transit
geo_position,2026-06-01T08:12:40Z,user-del-3,del-112,car,45.266889,19.820048,in_transit
geo_position,2026-06-01T08:12:50Z,user-del-3,del-112,car,45.266981,19.820718,in_transit
geo_position,2026-06-01T08:13:00Z,user-del-3,del-112,car,45.26694,19.821635,in_transit
geo_position,2026-06-01T08:13:10Z,user-del-3,del-112,car,45.266754,19.821342,in_transit
geo_position,2026-06-01T08:13:20Z,user-del-3,del-112,car,45.265559,19.822263,in_transit
geo_position,2026-06-01T08:13:30Z,user-del-3,del-112,car,45.265844,19.822785,in_transit
geo_position,2026-06-01T08:13:40Z,user-del-3,del-112,car,45.26584,19.823913,in_transit
geo_position,2026-06-01T08:13:50Z,user-del-3,del-112,car,45.264661,19.824017,in_transit
geo_position,2026-06-01T08:14:00Z,user-del-3,del-112,car,45.264516,19.823771,in_transit
geo_position,2026-06-01T08:14:10Z,user-del-3,del-112,car,45.265279,19.82473,in_transit
geo_position,2026-06-01T08:14:20Z,user-del-3,del-112,car,45.264236,19.82562,in_transit
geo_position,2026-06-01T08:14:30Z,user-del-3,del-112,car,45.263368,19.826632,in_transit
geo_position,2026-06-01T08:14:40Z,user-del-3,del-112,car,45.263029,19.826757,in_transit
geo_position,2026-06-01T08:14:50Z,user-del-3,del-112,car,45.2633,19.826339,in_transit
geo_position,2026-06-01T08:15:00Z,user-del-3,del-112,car,45.263434,19.8258,in_transit
geo_position,2026-06-01T08:15:10Z,user-del-3,del-112,car,45.263194,19.825561,in_transit
geo_position,2026-06-01T08:15:20Z,user-del-3,del-112,car,45.262558,19.824856,in_transit
geo_position,2026-06-01T08:15:30Z,user-del-3,del-112,car,45.262928,19.825837,in_transit
geo_position,2026-06-01T08:15:40Z,user-del-3,del-112,car,45.262073,19.825727,in_transit
geo_position,2026-06-01T08:15:50Z,user-del-3,del-112,car,45.261889,19.824756,in_transit
geo_position,2026-06-01T08:16:00Z,user-del-3,del-112,car,45.261932,19.825219,in_transit
geo_position,2026-06-01T08:16:10Z,user-del-3,del-112,car,45.262374,19.826267,in_transit
geo_position,2026-06-01T08:16:20Z,user-del-3,del-112,car,45.261655,19.826177,in_transit
geo_position,2026-06-01T08:16:30Z,user-del-3,del-112,car,45.262408,19.825268,in_transit
geo_position,2026-06-01T08:16:40Z,user-del-3,del-112,car,45.262729,19.824377,in_transit
geo_position,2026-06-01T08:16:50Z,user-del-3,del-112,car,45.261994,19.823545,in_transit
geo_position,2026-06-01T08:17:00Z,user-del-3,del-112,car,45.262477,19.823227,in_transit
geo_position,2026-06-01T08:17:10Z,user-del-3,del-112,car,45.262175,19.822979,in_transit
geo_position,2026-06-01T08:17:20Z,user-del-3,del-112,car,45.262964,19.823963,in_transit
geo_position,2026-06-01T08:17:30Z,user-del-3,del-112,car,45.261767,19.823774,in_transit
geo_position,2026-06-01T08:17:40Z,user-del-3,del-112,car,45.262536,19.824252,in_transit
geo_position,2026-06-01T08:17:50Z,user-del-3,del-112,car,45.262407,19.823058,in_transit
geo_position,2026-06-01T08:18:00Z,user-del-3,del-112,car,45.26344,19.823795,in_transit
geo_position,2026-06-01T08:18:10Z,user-del-3,del-112,car,45.263963,19.823098,in_transit
geo_position,2026-06-01T08:18:20Z,user-del-3,del-112,car,45.263402,19.823556,in_transit
geo_position,2026-06-01T08:18:30Z,user-del-3,del-112,car,45.263778,19.823347,in_transit
geo_position,2026-06-01T08:18:40Z,user-del-3,del-112,car,45.264928,19.823269,in_transit
geo_position,2026-06-01T08:18:50Z,user-del-3,del-112,car,45.264274,19.822083,in_transit
geo_position,2026-06-01T08:19:00Z,user-del-3,del-112,car,45.263561,19.822063,in_transit
geo_position,2026-06-01T08:19:10Z,user-del-3,del-112,car,45.263831,19.823173,in_transit
geo_position,2026-06-01T08:19:20Z,user-del-3,del-112,car,45.264576,19.823819,in_transit
geo_position,2026-06-01T08:19:30Z,user-del-3,del-112,car,45.265636,19.8233,in_transit
geo_position,2026-06-01T08:19:40Z,user-del-3,del-112,car,45.265383,19.822975,in_transit
geo_position,2026-06-01T08:19:50Z,user-del-3,del-112,car,45.264561,19.823079,in_transit
geo_position,2026-06-01T08:20:00Z,user-del-3,del-112,car,45.265054,19.823894,in_transit
geo_position,2026-06-01T08:20:10Z,user-del-3,del-112,car,45.26421,19.825004,in_transit
geo_position,2026-06-01T08:20:20Z,user-del-3,del-112,car,45.265189,19.825123,in_transit
geo_position,2026-06-01T08:20:30Z,user-del-3,del-112,car,45.264707,19.824072,in_transit
geo_position,2026-06-01T08:20:40Z,user-del-3,del-112,car,45.265266,19.825008,in_transit
geo_position,2026-06-01T08:20:50Z,user-del-3,del-112,car,45.266272,19.825587,in_transit
geo_position,2026-06-01T08:21:00Z,user-del-3,del-112,car,45.26594,19.825077,in_transit
geo_position,2026-06-01T08:21:10Z,user-del-3,del-112,car,45.265368,19.824418,in_transit
geo_position,2026-06-01T08:21:20Z,user-del-3,del-112,car,45.265932,19.824667,in_transit
geo_position,2026-06-01T08:21:30Z,user-del-3,del-112,car,45.267019,19.823535,in_transit
geo_position,2026-06-01T08:21:40Z,user-del-3,del-112,car,45.267625,19.822393,in_transit
geo_position,2026-06-01T08:21:50Z,user-del-3,del-112,car,45.266757,19.822769,in_transit
geo_position,2026-06-01T08:22:00Z,user-del-3,del-112,car,45.266676,19.822789,in_transit
geo_position,2026-06-01T08:22:10Z,user-del-3,del-112,car,45.26578,19.822601,in_transit
geo_position,2026-06-01T08:22:20Z,user-del-3,del-112,car,45.265156,19.823541,in_transit
geo_position,2026-06-01T08:22:30Z,user-del-3,del-112,car,45.266234,19.823,in_transit
geo_position,2026-06-01T08:22:40Z,user-del-3,del-112,car,45.267134,19.823083,in_transit
geo_position,2026-06-01T08:22:50Z,user-del-3,del-112,car,45.267341,19.822469,in_transit
geo_position,2026-06-01T08:23:00Z,user-del-3,del-112,car,45.267369,19.822436,completed
geo_position,2026-06-01T08:23:10Z,user-del-3,del-112,car,45.267423,19.822411,completed
geo_position,2026-06-01T08:23:20Z,user-del-3,del-112,car,45.267381,19.822495,completed
geo_position,2026-06-01T08:23:30Z,user-del-3,del-112,car,45.267286,19.82242,completed
geo_position,2026-06-01T08:23:40Z,user-del-3,del-112,car,45.267231,19.822511,completed
geo_position,2026-06-01T08:23:50Z,user-del-3,del-112,car,45.267224,19.822429,completed
geo_position,2026-06-01T08:39:00Z,user-del-3,del-113,car,45.268454,19.822561,accepted
geo_position,2026-06-01T08:39:10Z,user-del-3,del-113,car,45.268575,19.822077,accepted
geo_position,2026-06-01T08:39:20Z,user-del-3,del-113,car,45.268249,19.822953,accepted
geo_position,2026-06-01T08:39:30Z,user-del-3,del-113,car,45.268191,19.822581,accepted
geo_position,2026-06-01T08:39:40Z,user-del-3,del-113,car,45.268802,19.821429,accepted
geo_position,2026-06-01T08:39:50Z,user-del-3,del-113,car,45.269869,19.821262,accepted
geo_position,2026-06-01T08:40:00Z,user-del-3,del-113,car,45.268942,19.821995,accepted
geo_position,2026-06-01T08:40:10Z,user-del-3,del-113,car,45.269918,19.822665,accepted
geo_position,2026-06-01T08:40:20Z,user-del-3,del-113,car,45.270393,19.822296,accepted
geo_position,2026-06-01T08:40:30Z,user-del-3,del-113,car,45.269838,19.823368,accepted
geo_position,2026-06-01T08:40:40Z,user-del-3,del-113,car,45.269546,19.822888,accepted
geo_position,2026-06-01T08:40:50Z,user-del-3,del-113,car,45.270526,19.821926,accepted
geo_position,2026-06-01T08:41:00Z,user-del-3,del-113,car,45.270251,19.821732,accepted
geo_position,2026-06-01T08:41:10Z,user-del-3,del-113,car,45.271301,19.822668,accepted
geo_position,2026-06-01T08:41:20Z,user-del-3,del-113,car,45.271818,19.82207,accepted
geo_position,2026-06-01T08:41:30Z,user-del-3,del-113,car,45.271214,19.822074,accepted
geo_position,2026-06-01T08:41:40Z,user-del-3,del-113,car,45.270691,19.822161,accepted
geo_position,2026-06-01T08:41:50Z,user-del-3,del-113,car,45.270512,19.821306,accepted
geo_position,2026-06-01T08:42:00Z,user-del-3,del-113,car,45.270016,19.822069,in_transit
geo_position,2026-06-01T08:42:10Z,user-del-3,del-113,car,45.26915,19.822157,in_transit
geo_position,2026-06-01T08:42:20Z,user-del-3,del-113,car,45.268084,19.821878,in_transit
geo_position,2026-06-01T08:42:30Z,user-del-3,del-113,car,45.269116,19.822927,in_transit
geo_position,2026-06-01T08:42:40Z,user-del-3,del-113,car,45.269921,19.82382,in_transit
geo_position,2026-06-01T08:42:50Z,user-del-3,del-113,car,45.270343,19.824608,in_transit
geo_position,2026-06-01T08:43:00Z,user-del-3,del-113,car,45.270409,19.825325,in_transit
geo_position,2026-06-01T08:43:10Z,user-del-3,del-113,car,45.269962,19.826438,in_transit
geo_position,2026-06-01T08:43:20Z,user-del-3,del-113,car,45.269896,19.827344,in_transit
geo_position,2026-06-01T08:43:30Z,user-del-3,del-113,car,45.2704,19.827367,in_transit
geo_position,2026-06-01T08:43:40Z,user-del-3,del-113,car,45.270539,19.827631,in_transit
geo_position,2026-06-01T08:43:50Z,user-del-3,del-113,car,45.271176,19.826835,in_transit
geo_position,2026-06-01T08:44:00Z,user-del-3,del-113,car,45.270553,19.825769,in_transit
geo_position,2026-06-01T08:44:10Z,user-del-3,del-113,car,45.269913,19.82513,in_transit
geo_position,2026-06-01T08:44:20Z,user-del-3,del-113,car,45.270684,19.825525,in_transit
geo_position,2026-06-01T08:44:30Z,user-del-3,del-113,car,45.269872,19.826286,in_transit
geo_position,2026-06-01T08:44:40Z,user-del-3,del-113,car,45.269559,19.826717,in_transit
geo_position,2026-06-01T08:44:50Z,user-del-3,del-113,car,45.268613,19.827314,in_transit
geo_position,2026-06-01T08:45:00Z,user-del-3,del-113,car,45.268774,19.828202,in_transit
geo_position,2026-06-01T08:45:10Z,user-del-3,del-113,car,45.268864,19.82805,in_transit
geo_position,2026-06-01T08:45:20Z,user-del-3,del-113,car,45.269302,19.828331,in_transit
geo_position,2026-06-01T08:45:30Z,user-del-3,del-113,car,45.268749,19.827503,in_transit
geo_position,2026-06-01T08:45:40Z,user-del-3,del-113,car,45.267907,19.827037,in_transit
geo_position,2026-06-01T08:45:50Z,user-del-3,del-113,car,45.268782,19.826537,in_transit
geo_position,2026-06-01T08:46:00Z,user-del-3,del-113,car,45.268724,19.826083,in_transit
geo_position,2026-06-01T08:46:10Z,user-del-3,del-113,car,45.267576,19.825411,in_transit
geo_position,2026-06-01T08:46:20Z,user-del-3,del-113,car,45.266847,19.825748,in_transit
geo_position,2026-06-01T08:46:30Z,user-del-3,del-113,car,45.267338,19.82478,in_transit
geo_position,2026-06-01T08:46:40Z,user-del-3,del-113,car,45.266251,19.824903,in_transit
geo_position,2026-06-01T08:46:50Z,user-del-3,del-113,car,45.267253,19.825322,in_transit
geo_position,2026-06-01T08:47:00Z,user-del-3,del-113,car,45.268354,19.825788,in_transit
geo_position,2026-06-01T08:47:10Z,user-del-3,del-113,car,45.267431,19.824852,in_transit
geo_position,2026-06-01T08:47:20Z,user-del-3,del-113,car,45.266367,19.824446,in_transit
geo_position,2026-06-01T08:47:30Z,user-del-3,del-113,car,45.267278,19.824409,in_transit
geo_position,2026-06-01T08:47:40Z,user-del-3,del-113,car,45.26826,19.825112,in_transit
geo_position,2026-06-01T08:47:50Z,user-del-3,del-113,car,45.268298,19.824851,in_transit
geo_position,2026-06-01T08:48:00Z,user-del-3,del-113,car,45.268079,19.825482,in_transit
geo_position,2026-06-01T08:48:10Z,user-del-3,del-113,car,45.267853,19.826624,in_transit
geo_position,2026-06-01T08:48:20Z,user-del-3,del-113,car,45.268181,19.826736,in_transit
geo_position,2026-06-01T08:48:30Z,user-del-3,del-113,car,45.268759,19.82769,in_transit
geo_position,2026-06-01T08:48:40Z,user-del-3,del-113,car,45.269504,19.828604,in_transit
geo_position,2026-06-01T08:48:50Z,user-del-3,del-113,car,45.268806,19.829302,in_transit
geo_position,2026-06-01T08:49:00Z,user-del-3,del-113,car,45.267704,19.829321,in_transit
geo_position,2026-06-01T08:49:10Z,user-del-3,del-113,car,45.2669,19.830383,in_transit
geo_position,2026-06-01T08:49:20Z,user-del-3,del-113,car,45.268005,19.829969,in_transit
geo_position,2026-06-01T08:49:30Z,user-del-3,del-113,car,45.268633,19.830878,in_transit
geo_position,2026-06-01T08:49:40Z,user-del-3,del-113,car,45.26885,19.830468,in_transit
geo_position,2026-06-01T08:49:50Z,user-del-3,del-113,car,45.269993,19.829565,in_transit
geo_position,2026-06-01T08:50:00Z,user-del-3,del-113,car,45.270786,19.82859,in_transit
geo_position,2026-06-01T08:50:10Z,user-del-3,del-113,car,45.271062,19.829011,in_transit
geo_position,2026-06-01T08:50:20Z,user-del-3,del-113,car,45.271617,19.828039,in_transit
geo_position,2026-06-01T08:50:30Z,user-del-3,del-113,car,45.271203,19.828769,in_transit
geo_position,2026-06-01T08:50:40Z,user-del-3,del-113,car,45.270263,19.82987,in_transit
geo_position,2026-06-01T08:50:50Z,user-del-3,del-113,car,45.269682,19.829512,in_transit
geo_position,2026-06-01T08:51:00Z,user-del-3,del-113,car,45.269251,19.8303,in_transit
geo_position,2026-06-01T08:51:10Z,user-del-3,del-113,car,45.269744,19.830289,in_transit
geo_position,2026-06-01T08:51:20Z,user-del-3,del-113,car,45.270752,19.830134,in_transit
geo_position,2026-06-01T08:51:30Z,user-del-3,del-113,car,45.271288,19.830612,in_transit
geo_position,2026-06-01T08:51:40Z,user-del-3,del-113,car,45.272452,19.831791,in_transit
geo_position,2026-06-01T08:51:50Z,user-del-3,del-113,car,45.273298,19.831556,in_transit
geo_position,2026-06-01T08:52:00Z,user-del-3,del-113,car,45.274388,19.831065,in_transit
geo_position,2026-06-01T08:52:10Z,user-del-3,del-113,car,45.273975,19.830443,in_transit
geo_position,2026-06-01T08:52:20Z,user-del-3,del-113,car,45.273935,19.830841,in_transit
geo_position,2026-06-01T08:52:30Z,user-del-3,del-113,car,45.272881,19.830512,in_transit
geo_position,2026-06-01T08:52:40Z,user-del-3,del-113,car,45.27314,19.829978,in_transit
geo_position,2026-06-01T08:52:50Z,user-del-3,del-113,car,45.272738,19.828968,in_transit
geo_position,2026-06-01T08:53:00Z,user-del-3,del-113,car,45.273633,19.829571,in_transit
geo_position,2026-06-01T08:53:10Z,user-del-3,del-113,car,45.274686,19.829048,in_transit
geo_position,2026-06-01T08:53:20Z,user-del-3,del-113,car,45.274459,19.828729,in_transit
geo_position,2026-06-01T08:53:30Z,user-del-3,del-113,car,45.274342,19.829678,in_transit
geo_position,2026-06-01T08:53:40Z,user-del-3,del-113,car,45.27478,19.830369,in_transit
geo_position,2026-06-01T08:53:50Z,user-del-3,del-113,car,45.275167,19.831188,in_transit
geo_position,2026-06-01T08:54:00Z,user-del-3,del-113,car,45.275172,19.831568,in_transit
geo_position,2026-06-01T08:54:10Z,user-del-3,del-113,car,45.274639,19.832136,in_transit
geo_position,2026-06-01T08:54:20Z,user-del-3,del-113,car,45.273578,19.831113,in_transit
geo_position,2026-06-01T08:54:30Z,user-del-3,del-113,car,45.272653,19.830933,in_transit
geo_position,2026-06-01T08:54:40Z,user-del-3,del-113,car,45.272795,19.831863,in_transit
geo_position,2026-06-01T08:54:50Z,user-del-3,del-113,car,45.272982,19.831382,in_transit
geo_position,2026-06-01T08:55:00Z,user-del-3,del-113,car,45.27202,19.832057,in_transit
geo_position,2026-06-01T08:55:10Z,user-del-3,del-113,car,45.271067,19.831594,in_transit
geo_position,2026-06-01T08:55:20Z,user-del-3,del-113,car,45.270004,19.830604,in_transit
geo_position,2026-06-01T08:55:30Z,user-del-3,del-113,car,45.269088,19.831472,in_transit
geo_position,2026-06-01T08:55:40Z,user-del-3,del-113,car,45.267923,19.832386,in_transit
geo_position,2026-06-01T08:55:50Z,user-del-3,del-113,car,45.26715,19.832384,in_transit
geo_position,2026-06-01T08:56:00Z,user-del-3,del-113,car,45.26623,19.831793,in_transit
geo_position,2026-06-01T08:56:10Z,user-del-3,del-113,car,45.266592,19.830666,in_transit
geo_position,2026-06-01T08:56:20Z,user-del-3,del-113,car,45.266112,19.831363,in_transit
geo_position,2026-06-01T08:56:30Z,user-del-3,del-113,car,45.265669,19.832345,in_transit
geo_position,2026-06-01T08:56:40Z,user-del-3,del-113,car,45.266685,19.83171,in_transit
geo_position,2026-06-01T08:56:50Z,user-del-3,del-113,car,45.267752,19.831834,in_transit
geo_position,2026-06-01T08:57:00Z,user-del-3,del-113,car,45.267847,19.831788,completed
geo_position,2026-06-01T08:57:10Z,user-del-3,del-113,car,45.267792,19.831746,completed
geo_position,2026-06-01T08:57:20Z,user-del-3,del-113,car,45.267777,19.831651,completed
geo_position,2026-06-01T08:57:30Z,user-del-3,del-113,car,45.2677,19.831682,completed
geo_position,2026-06-01T08:57:40Z,user-del-3,del-113,car,45.267709,19.831668,completed
geo_position,2026-06-01T08:57:50Z,user-del-3,del-113,car,45.267684,19.831665,completed
geo_position,2026-06-01T08:58:00Z,user-del-3,del-113,car,45.267611,19.831761,completed
geo_position,2026-06-01T08:58:10Z,user-del-3,del-113,car,45.267565,19.831772,completed
geo_position,2026-06-01T08:58:20Z,user-del-3,del-113,car,45.267611,19.831858,completed
geo_position,2026-06-01T08:58:30Z,user-del-3,del-113,car,45.267545,19.831916,completed
geo_position,2026-06-01T08:58:40Z,user-del-3,del-113,car,45.267454,19.831839,completed
geo_position,2026-06-01T08:58:50Z,user-del-3,del-113,car,45.267473,19.831778,completed
geo_position,2026-06-01T09:17:00Z,user-del-3,del-114,car,45.272047,19.83366,accepted
geo_position,2026-06-01T09:17:10Z,user-del-3,del-114,car,45.270893,19.832819,accepted
geo_position,2026-06-01T09:17:20Z,user-del-3,del-114,car,45.271803,19.83316,accepted
geo_position,2026-06-01T09:17:30Z,user-del-3,del-114,car,45.272358,19.832166,accepted
geo_position,2026-06-01T09:17:40Z,user-del-3,del-114,car,45.272903,19.831616,accepted
geo_position,2026-06-01T09:17:50Z,user-del-3,del-114,car,45.273598,19.830608,accepted
geo_position,2026-06-01T09:18:00Z,user-del-3,del-114,car,45.273704,19.830864,accepted
geo_position,2026-06-01T09:18:10Z,user-del-3,del-114,car,45.274788,19.832045,accepted
geo_position,2026-06-01T09:18:20Z,user-del-3,del-114,car,45.275959,19.831674,accepted
geo_position,2026-06-01T09:18:30Z,user-del-3,del-114,car,45.275765,19.830567,accepted
geo_position,2026-06-01T09:18:40Z,user-del-3,del-114,car,45.274728,19.829621,accepted
geo_position,2026-06-01T09:18:50Z,user-del-3,del-114,car,45.273653,19.830017,accepted
geo_position,2026-06-01T09:19:00Z,user-del-3,del-114,car,45.274692,19.829974,accepted
geo_position,2026-06-01T09:19:10Z,user-del-3,del-114,car,45.274627,19.829372,accepted
geo_position,2026-06-01T09:19:20Z,user-del-3,del-114,car,45.275405,19.830547,accepted
geo_position,2026-06-01T09:19:30Z,user-del-3,del-114,car,45.275733,19.831152,accepted
geo_position,2026-06-01T09:19:40Z,user-del-3,del-114,car,45.275996,19.830563,accepted
geo_position,2026-06-01T09:19:50Z,user-del-3,del-114,car,45.27658,19.83023,accepted
geo_position,2026-06-01T09:20:00Z,user-del-3,del-114,car,45.275808,19.829263,in_transit
geo_position,2026-06-01T09:20:10Z,user-del-3,del-114,car,45.274655,19.828581,in_transit
geo_position,2026-06-01T09:20:20Z,user-del-3,del-114,car,45.27442,19.828738,in_transit
geo_position,2026-06-01T09:20:30Z,user-del-3,del-114,car,45.27389,19.828865,in_transit
geo_position,2026-06-01T09:20:40Z,user-del-3,del-114,car,45.27467,19.828869,in_transit
geo_position,2026-06-01T09:20:50Z,user-del-3,del-114,car,45.274733,19.829252,in_transit
geo_position,2026-06-01T09:21:00Z,user-del-3,del-114,car,45.273588,19.828198,in_transit
geo_position,2026-06-01T09:21:10Z,user-del-3,del-114,car,45.274293,19.827013,in_transit
geo_position,2026-06-01T09:21:20Z,user-del-3,del-114,car,45.274607,19.827028,in_transit
geo_position,2026-06-01T09:21:30Z,user-del-3,del-114,car,45.275695,19.827127,in_transit
geo_position,2026-06-01T09:21:40Z,user-del-3,del-114,car,45.2748,19.827314,in_transit
geo_position,2026-06-01T09:21:50Z,user-del-3,del-114,car,45.273674,19.827382,in_transit
geo_position,2026-06-01T09:22:00Z,user-del-3,del-114,car,45.274199,19.827508,in_transit
geo_position,2026-06-01T09:22:10Z,user-del-3,del-114,car,45.275113,19.826381,in_transit
geo_position,2026-06-01T09:22:20Z,user-del-3,del-114,car,45.275086,19.826712,in_transit
geo_position,2026-06-01T09:22:30Z,user-del-3,del-114,car,45.276007,19.827826,in_transit
geo_position,2026-06-01T09:22:40Z,user-del-3,del-114,car,45.275982,19.827954,in_transit
geo_position,2026-06-01T09:22:50Z,user-del-3,del-114,car,45.276399,19.828221,in_transit
geo_position,2026-06-01T09:23:00Z,user-del-3,del-114,car,45.277174,19.827828,in_transit
geo_position,2026-06-01T09:23:10Z,user-del-3,del-114,car,45.27639,19.828208,in_transit
geo_position,2026-06-01T09:23:20Z,user-del-3,del-114,car,45.276596,19.828557,in_transit
geo_position,2026-06-01T09:23:30Z,user-del-3,del-114,car,45.277647,19.82751,in_transit
geo_position,2026-06-01T09:23:40Z,user-del-3,del-114,car,45.277631,19.826769,in_transit
geo_position,2026-06-01T09:23:50Z,user-del-3,del-114,car,45.277031,19.827072,in_transit
geo_position,2026-06-01T09:24:00Z,user-del-3,del-114,car,45.277963,19.826619,in_transit
geo_position,2026-06-01T09:24:10Z,user-del-3,del-114,car,45.278722,19.827402,in_transit
geo_position,2026-06-01T09:24:20Z,user-del-3,del-114,car,45.278578,19.82681,in_transit
geo_position,2026-06-01T09:24:30Z,user-del-3,del-114,car,45.279364,19.826404,in_transit
geo_position,2026-06-01T09:24:40Z,user-del-3,del-114,car,45.278989,19.826862,in_transit
geo_position,2026-06-01T09:24:50Z,user-del-3,del-114,car,45.278125,19.826589,in_transit
geo_position,2026-06-01T09:25:00Z,user-del-3,del-114,car,45.277423,19.825718,in_transit
geo_position,2026-06-01T09:25:10Z,user-del-3,del-114,car,45.277552,19.826078,in_transit
geo_position,2026-06-01T09:25:20Z,user-del-3,del-114,car,45.277671,19.825708,in_transit
geo_position,2026-06-01T09:25:30Z,user-del-3,del-114,car,45.277736,19.826153,in_transit
geo_position,2026-06-01T09:25:40Z,user-del-3,del-114,car,45.277447,19.827187,in_transit
geo_position,2026-06-01T09:25:50Z,user-del-3,del-114,car,45.27683,19.826487,in_transit
geo_position,2026-06-01T09:26:00Z,user-del-3,del-114,car,45.277504,19.826432,in_transit
geo_position,2026-06-01T09:26:10Z,user-del-3,del-114,car,45.278489,19.82688,in_transit
geo_position,2026-06-01T09:26:20Z,user-del-3,del-114,car,45.279371,19.825903,in_transit
geo_position,2026-06-01T09:26:30Z,user-del-3,del-114,car,45.280441,19.825838,in_transit
geo_position,2026-06-01T09:26:40Z,user-del-3,del-114,car,45.280529,19.824923,in_transit
geo_position,2026-06-01T09:26:50Z,user-del-3,del-114,car,45.280037,19.824473,in_transit
geo_position,2026-06-01T09:27:00Z,user-del-3,del-114,car,45.279036,19.823787,in_transit
geo_position,2026-06-01T09:27:10Z,user-del-3,del-114,car,45.278299,19.824885,in_transit
geo_position,2026-06-01T09:27:20Z,user-del-3,del-114,car,45.277848,19.825604,in_transit
geo_position,2026-06-01T09:27:30Z,user-del-3,del-114,car,45.278754,19.826422,in_transit
geo_position,2026-06-01T09:27:40Z,user-del-3,del-114,car,45.277884,19.827116,in_transit
geo_position,2026-06-01T09:27:50Z,user-del-3,del-114,car,45.278935,19.826305,in_transit
geo_position,2026-06-01T09:28:00Z,user-del-3,del-114,car,45.277802,19.82633,in_transit
geo_position,2026-06-01T09:28:10Z,user-del-3,del-114,car,45.278764,19.825705,in_transit
geo_position,2026-06-01T09:28:20Z,user-del-3,del-114,car,45.279152,19.824537,in_transit
geo_position,2026-06-01T09:28:30Z,user-del-3,del-114,car,45.278582,19.823921,in_transit
geo_position,2026-06-01T09:28:40Z,user-del-3,del-114,car,45.279603,19.82378,in_transit
geo_position,2026-06-01T09:28:50Z,user-del-3,del-114,car,45.279238,19.822812,in_transit
geo_position,2026-06-01T09:29:00Z,user-del-3,del-114,car,45.279403,19.822402,in_transit
geo_position,2026-06-01T09:29:10Z,user-del-3,del-114,car,45.280041,19.823439,in_transit
geo_position,2026-06-01T09:29:20Z,user-del-3,del-114,car,45.28063,19.823323,in_transit
geo_position,2026-06-01T09:29:30Z,user-del-3,del-114,car,45.280762,19.823387,in_transit
geo_position,2026-06-01T09:29:40Z,user-del-3,del-114,car,45.280342,19.823496,in_transit
geo_position,2026-06-01T09:29:50Z,user-del-3,del-114,car,45.281019,19.823662,in_transit
geo_position,2026-06-01T09:30:00Z,user-del-3,del-114,car,45.281507,19.824596,in_transit
geo_position,2026-06-01T09:30:10Z,user-del-3,del-114,car,45.280512,19.825778,in_transit
geo_position,2026-06-01T09:30:20Z,user-del-3,del-114,car,45.279577,19.82669,in_transit
geo_position,2026-06-01T09:30:30Z,user-del-3,del-114,car,45.280725,19.825779,in_transit
geo_position,2026-06-01T09:30:40Z,user-del-3,del-114,car,45.280133,19.825985,in_transit
geo_position,2026-06-01T09:30:50Z,user-del-3,del-114,car,45.279271,19.825746,in_transit
geo_position,2026-06-01T09:31:00Z,user-del-3,del-114,car,45.279341,19.826832,in_transit
geo_position,2026-06-01T09:31:10Z,user-del-3,del-114,car,45.279211,19.827578,in_transit
geo_position,2026-06-01T09:31:20Z,user-del-3,del-114,car,45.279086,19.828414,in_transit
geo_position,2026-06-01T09:31:30Z,user-del-3,del-114,car,45.280224,19.827495,in_transit
geo_position,2026-06-01T09:31:40Z,user-del-3,del-114,car,45.280152,19.828235,in_transit
geo_position,2026-06-01T09:31:50Z,user-del-3,del-114,car,45.278962,19.828889,in_transit
geo_position,2026-06-01T09:32:00Z,user-del-3,del-114,car,45.279483,19.828821,in_transit
geo_position,2026-06-01T09:32:10Z,user-del-3,del-114,car,45.278577,19.829362,in_transit
geo_position,2026-06-01T09:32:20Z,user-del-3,del-114,car,45.27881,19.828713,in_transit
geo_position,2026-06-01T09:32:30Z,user-del-3,del-114,car,45.279312,19.828457,in_transit
geo_position,2026-06-01T09:32:40Z,user-del-3,del-114,car,45.278839,19.829283,in_transit
geo_position,2026-06-01T09:32:50Z,user-del-3,del-114,car,45.279469,19.830189,in_transit
geo_position,2026-06-01T09:33:00Z,user-del-3,del-114,car,45.280414,19.830652,in_transit
geo_position,2026-06-01T09:33:10Z,user-del-3,del-114,car,45.280543,19.829493,in_transit
geo_position,2026-06-01T09:33:20Z,user-del-3,del-114,car,45.279711,19.829398,in_transit
geo_position,2026-06-01T09:33:30Z,user-del-3,del-114,car,45.279421,19.829211,in_transit
geo_position,2026-06-01T09:33:40Z,user-del-3,del-114,car,45.279908,19.829332,in_transit
geo_position,2026-06-01T09:33:50Z,user-del-3,del-114,car,45.279979,19.829558,in_transit
geo_position,2026-06-01T09:34:00Z,user-del-3,del-114,car,45.279486,19.828667,in_transit
geo_position,2026-06-01T09:34:10Z,user-del-3,del-114,car,45.27874,19.829503,in_transit
geo_position,2026-06-01T09:34:20Z,user-del-3,del-114,car,45.278366,19.830405,in_transit
geo_position,2026-06-01T09:34:30Z,user-del-3,del-114,car,45.279415,19.830211,in_transit
geo_position,2026-06-01T09:34:40Z,user-del-3,del-114,car,45.27939,19.831093,in_transit
geo_position,2026-06-01T09:34:50Z,user-del-3,del-114,car,45.279655,19.831466,in_transit
geo_position,2026-06-01T09:35:00Z,user-del-3,del-114,car,45.280286,19.830338,in_transit
geo_position,2026-06-01T09:35:10Z,user-del-3,del-114,car,45.281109,19.831315,in_transit
geo_position,2026-06-01T09:35:20Z,user-del-3,del-114,car,45.28216,19.831947,in_transit
geo_position,2026-06-01T09:35:30Z,user-del-3,del-114,car,45.281244,19.830887,in_transit
geo_position,2026-06-01T09:35:40Z,user-del-3,del-114,car,45.281027,19.829996,in_transit
geo_position,2026-06-01T09:35:50Z,user-del-3,del-114,car,45.280018,19.830615,in_transit
geo_position,2026-06-01T09:36:00Z,user-del-3,del-114,car,45.279937,19.83052,completed
geo_position,2026-06-01T09:36:10Z,user-del-3,del-114,car,45.280009,19.830612,completed
geo_position,2026-06-01T09:36:20Z,user-del-3,del-114,car,45.279971,19.830706,completed
geo_position,2026-06-01T09:36:30Z,user-del-3,del-114,car,45.279885,19.830805,completed
geo_position,2026-06-01T09:36:40Z,user-del-3,del-114,car,45.279972,19.830843,completed
geo_position,2026-06-01T09:36:50Z,user-del-3,del-114,car,45.279949,19.830842,completed
geo_position,2026-06-01T09:37:00Z,user-del-3,del-114,car,45.27989,19.830833,completed
geo_position,2026-06-01T09:37:10Z,user-del-3,del-114,car,45.279819,19.830917,completed
geo_position,2026-06-01T09:37:20Z,user-del-3,del-114,car,45.279825,19.830876,completed
geo_position,2026-06-01T09:37:30Z,user-del-3,del-114,car,45.279899,19.830952,completed
geo_position,2026-06-01T09:37:40Z,user-del-3,del-114,car,45.27986,19.831027,completed
geo_position,2026-06-01T09:37:50Z,user-del-3,del-114,car,45.27991,19.831077,completed
geo_position,2026-06-01T09:57:00Z,user-del-3,del-115,car,45.282418,19.830221,accepted
geo_position,2026-06-01T09:57:10Z,user-del-3,del-115,car,45.281942,19.831016,accepted
geo_position,2026-06-01T09:57:20Z,user-del-3,del-115,car,45.282335,19.83138,accepted
geo_position,2026-06-01T09:57:30Z,user-del-3,del-115,car,45.283378,19.831412,accepted
geo_position,2026-06-01T09:57:40Z,user-del-3,del-115,car,45.284363,19.830508,accepted
geo_position,2026-06-01T09:57:50Z,user-del-3,del-115,car,45.283693,19.830002,accepted
geo_position,2026-06-01T09:58:00Z,user-del-3,del-115,car,45.282859,19.830415,accepted
geo_position,2026-06-01T09:58:10Z,user-del-3,del-115,car,45.283251,19.829344,accepted
geo_position,2026-06-01T09:58:20Z,user-del-3,del-115,car,45.282831,19.828951,accepted
geo_position,2026-06-01T09:58:30Z,user-del-3,del-115,car,45.281797,19.830016,accepted
geo_position,2026-06-01T09:58:40Z,user-del-3,del-115,car,45.280723,19.829995,accepted
geo_position,2026-06-01T09:58:50Z,user-del-3,del-115,car,45.280604,19.829882,accepted
geo_position,2026-06-01T09:59:00Z,user-del-3,del-115,car,45.27972,19.83029,accepted
geo_position,2026-06-01T09:59:10Z,user-del-3,del-115,car,45.280007,19.82997,accepted
geo_position,2026-06-01T09:59:20Z,user-del-3,del-115,car,45.27989,19.830154,accepted
geo_position,2026-06-01T09:59:30Z,user-del-3,del-115,car,45.280697,19.830806,accepted
geo_position,2026-06-01T09:59:40Z,user-del-3,del-115,car,45.281103,19.830841,accepted
geo_position,2026-06-01T09:59:50Z,user-del-3,del-115,car,45.280505,19.831706,accepted
geo_position,2026-06-01T10:00:00Z,user-del-3,del-115,car,45.279515,19.832621,accepted
geo_position,2026-06-01T10:00:10Z,user-del-3,del-115,car,45.280182,19.8321,accepted
geo_position,2026-06-01T10:00:20Z,user-del-3,del-115,car,45.279386,19.831115,accepted
geo_position,2026-06-01T10:00:30Z,user-del-3,del-115,car,45.279176,19.830164,accepted
geo_position,2026-06-01T10:00:40Z,user-del-3,del-115,car,45.280317,19.830367,accepted
geo_position,2026-06-01T10:00:50Z,user-del-3,del-115,car,45.279864,19.831152,accepted
geo_position,2026-06-01T10:01:00Z,user-del-3,del-115,car,45.279965,19.832112,accepted
geo_position,2026-06-01T10:01:10Z,user-del-3,del-115,car,45.281135,19.831468,accepted
geo_position,2026-06-01T10:01:20Z,user-del-3,del-115,car,45.280314,19.83152,accepted
geo_position,2026-06-01T10:01:30Z,user-del-3,del-115,car,45.280094,19.830734,accepted
geo_position,2026-06-01T10:01:40Z,user-del-3,del-115,car,45.281237,19.829613,accepted
geo_position,2026-06-01T10:01:50Z,user-del-3,del-115,car,45.281508,19.828568,accepted
geo_position,2026-06-01T10:02:00Z,user-del-3,del-115,car,45.281431,19.828085,in_transit
geo_position,2026-06-01T10:02:10Z,user-del-3,del-115,car,45.282402,19.828732,in_transit
geo_position,2026-06-01T10:02:20Z,user-del-3,del-115,car,45.282114,19.829859,in_transit
geo_position,2026-06-01T10:02:30Z,user-del-3,del-115,car,45.282584,19.830327,in_transit
geo_position,2026-06-01T10:02:40Z,user-del-3,del-115,car,45.283439,19.829551,in_transit
geo_position,2026-06-01T10:02:50Z,user-del-3,del-115,car,45.284309,19.829371,in_transit
geo_position,2026-06-01T10:03:00Z,user-del-3,del-115,car,45.285286,19.828488,in_transit
geo_position,2026-06-01T10:03:10Z,user-del-3,del-115,car,45.28456,19.828697,in_transit
geo_position,2026-06-01T10:03:20Z,user-del-3,del-115,car,45.284181,19.827582,in_transit
geo_position,2026-06-01T10:03:30Z,user-del-3,del-115,car,45.285001,19.827424,in_transit
geo_position,2026-06-01T10:03:40Z,user-del-3,del-115,car,45.28387,19.82804,in_transit
geo_position,2026-06-01T10:03:50Z,user-del-3,del-115,car,45.284804,19.827145,in_transit
geo_position,2026-06-01T10:04:00Z,user-del-3,del-115,car,45.284966,19.826991,in_transit
geo_position,2026-06-01T10:04:10Z,user-del-3,del-115,car,45.284496,19.825872,in_transit
geo_position,2026-06-01T10:04:20Z,user-del-3,del-115,car,45.285378,19.824877,in_transit
geo_position,2026-06-01T10:04:30Z,user-del-3,del-115,car,45.286495,19.825558,in_transit
geo_position,2026-06-01T10:04:40Z,user-del-3,del-115,car,45.287532,19.824807,in_transit
geo_position,2026-06-01T10:04:50Z,user-del-3,del-115,car,45.288629,19.824269,in_transit
geo_position,2026-06-01T10:05:00Z,user-del-3,del-115,car,45.288283,19.824519,in_transit
geo_position,2026-06-01T10:05:10Z,user-del-3,del-115,car,45.287738,19.823731,in_transit
geo_position,2026-06-01T10:05:20Z,user-del-3,del-115,car,45.287244,19.824324,in_transit
geo_position,2026-06-01T10:05:30Z,user-del-3,del-115,car,45.287127,19.825275,in_transit
geo_position,2026-06-01T10:05:40Z,user-del-3,del-115,car,45.288217,19.824371,in_transit
geo_position,2026-06-01T10:05:50Z,user-del-3,del-115,car,45.287846,19.824169,in_transit
geo_position,2026-06-01T10:06:00Z,user-del-3,del-115,car,45.288431,19.824597,in_transit
geo_position,2026-06-01T10:06:10Z,user-del-3,del-115,car,45.287603,19.825485,in_transit
geo_position,2026-06-01T10:06:20Z,user-del-3,del-115,car,45.287408,19.826376,in_transit
geo_position,2026-06-01T10:06:30Z,user-del-3,del-115,car,45.287713,19.82627,in_transit
geo_position,2026-06-01T10:06:40Z,user-del-3,del-115,car,45.287854,19.82698,in_transit
geo_position,2026-06-01T10:06:50Z,user-del-3,del-115,car,45.288339,19.825943,in_transit
geo_position,2026-06-01T10:07:00Z,user-del-3,del-115,car,45.288657,19.826023,in_transit
geo_position,2026-06-01T10:07:10Z,user-del-3,del-115,car,45.287879,19.827111,in_transit
geo_position,2026-06-01T10:07:20Z,user-del-3,del-115,car,45.287502,19.827454,in_transit
geo_position,2026-06-01T10:07:30Z,user-del-3,del-115,car,45.286585,19.82663,in_transit
geo_position,2026-06-01T10:07:40Z,user-del-3,del-115,car,45.287165,19.827065,in_transit
geo_position,2026-06-01T10:07:50Z,user-del-3,del-115,car,45.288229,19.826072,in_transit
geo_position,2026-06-01T10:08:00Z,user-del-3,del-115,car,45.287471,19.826122,in_transit
geo_position,2026-06-01T10:08:10Z,user-del-3,del-115,car,45.287559,19.826542,in_transit
geo_position,2026-06-01T10:08:20Z,user-del-3,del-115,car,45.287907,19.826504,in_transit
geo_position,2026-06-01T10:08:30Z,user-del-3,del-115,car,45.288816,19.825323,in_transit
geo_position,2026-06-01T10:08:40Z,user-del-3,del-115,car,45.28961,19.825553,in_transit
geo_position,2026-06-01T10:08:50Z,user-del-3,del-115,car,45.289363,19.825629,in_transit
geo_position,2026-06-01T10:09:00Z,user-del-3,del-115,car,45.288495,19.825332,in_transit
geo_position,2026-06-01T10:09:10Z,user-del-3,del-115,car,45.28955,19.825303,in_transit
geo_position,2026-06-01T10:09:20Z,user-del-3,del-115,car,45.288913,19.825267,in_transit
geo_position,2026-06-01T10:09:30Z,user-del-3,del-115,car,45.288313,19.824361,in_transit
geo_position,2026-06-01T10:09:40Z,user-del-3,del-115,car,45.288257,19.825295,in_transit
geo_position,2026-06-01T10:09:50Z,user-del-3,del-115,car,45.287396,19.824978,in_transit
geo_position,2026-06-01T10:10:00Z,user-del-3,del-115,car,45.287475,19.824644,in_transit
geo_position,2026-06-01T10:10:10Z,user-del-3,del-115,car,45.28745,19.824295,in_transit
geo_position,2026-06-01T10:10:20Z,user-del-3,del-115,car,45.286555,19.824906,in_transit
geo_position,2026-06-01T10:10:30Z,user-del-3,del-115,car,45.286189,19.825015,in_transit
geo_position,2026-06-01T10:10:40Z,user-del-3,del-115,car,45.286302,19.825541,in_transit
geo_position,2026-06-01T10:10:50Z,user-del-3,del-115,car,45.285513,19.826124,in_transit
geo_position,2026-06-01T10:11:00Z,user-del-3,del-115,car,45.28507,19.826729,in_transit
geo_position,2026-06-01T10:11:10Z,user-del-3,del-115,car,45.284333,19.82614,in_transit
geo_position,2026-06-01T10:11:20Z,user-del-3,del-115,car,45.283203,19.825392,in_transit
geo_position,2026-06-01T10:11:30Z,user-del-3,del-115,car,45.283219,19.825846,in_transit
geo_position,2026-06-01T10:11:40Z,user-del-3,del-115,car,45.284404,19.825466,in_transit
geo_position,2026-06-01T10:11:50Z,user-del-3,del-115,car,45.285019,19.824495,in_transit
geo_position,2026-06-01T10:12:00Z,user-del-3,del-115,car,45.284224,19.824674,in_transit
geo_position,2026-06-01T10:12:10Z,user-del-3,del-115,car,45.285327,19.825774,in_transit
geo_position,2026-06-01T10:12:20Z,user-del-3,del-115,car,45.285495,19.825786,in_transit
geo_position,2026-06-01T10:12:30Z,user-del-3,del-115,car,45.286003,19.82612,in_transit
geo_position,2026-06-01T10:12:40Z,user-del-3,del-115,car,45.284896,19.826895,in_transit
geo_position,2026-06-01T10:12:50Z,user-del-3,del-115,car,45.285422,19.826325,in_transit
geo_position,2026-06-01T10:13:00Z,user-del-3,del-115,car,45.286183,19.826787,in_transit
geo_position,2026-06-01T10:13:10Z,user-del-3,del-115,car,45.286486,19.826196,in_transit
geo_position,2026-06-01T10:13:20Z,user-del-3,del-115,car,45.286714,19.825394,in_transit
geo_position,2026-06-01T10:13:30Z,user-del-3,del-115,car,45.28688,19.82602,in_transit
geo_position,2026-06-01T10:13:40Z,user-del-3,del-115,car,45.287447,19.825817,in_transit
geo_position,2026-06-01T10:13:50Z,user-del-3,del-115,car,45.287755,19.826416,in_transit
geo_position,2026-06-01T10:14:00Z,user-del-3,del-115,car,45.286743,19.826593,in_transit
geo_position,2026-06-01T10:14:10Z,user-del-3,del-115,car,45.286201,19.827283,in_transit
geo_position,2026-06-01T10:14:20Z,user-del-3,del-115,car,45.285034,19.826797,in_transit
geo_position,2026-06-01T10:14:30Z,user-del-3,del-115,car,45.28451,19.827849,in_transit
geo_position,2026-06-01T10:14:40Z,user-del-3,del-115,car,45.283898,19.827461,in_transit
geo_position,2026-06-01T10:14:50Z,user-del-3,del-115,car,45.283971,19.827555,in_transit
geo_position,2026-06-01T10:15:00Z,user-del-3,del-115,car,45.284216,19.827049,in_transit
geo_position,2026-06-01T10:15:10Z,user-del-3,del-115,car,45.284341,19.826064,in_transit
geo_position,2026-06-01T10:15:20Z,user-del-3,del-115,car,45.285488,19.827019,in_transit
geo_position,2026-06-01T10:15:30Z,user-del-3,del-115,car,45.284739,19.826063,in_transit
geo_position,2026-06-01T10:15:40Z,user-del-3,del-115,car,45.284916,19.825151,in_transit
geo_position,2026-06-01T10:15:50Z,user-del-3,del-115,car,45.284134,19.825508,in_transit
geo_position,2026-06-01T10:16:00Z,user-del-3,del-115,car,45.284281,19.824623,in_transit
geo_position,2026-06-01T10:16:10Z,user-del-3,del-115,car,45.283723,19.824551,in_transit
geo_position,2026-06-01T10:16:20Z,user-del-3,del-115,car,45.284162,19.824436,in_transit
geo_position,2026-06-01T10:16:30Z,user-del-3,del-115,car,45.284631,19.823843,in_transit
geo_position,2026-06-01T10:16:40Z,user-del-3,del-115,car,45.284023,19.824556,in_transit
geo_position,2026-06-01T10:16:50Z,user-del-3,del-115,car,45.284539,19.825421,in_transit
geo_position,2026-06-01T10:17:00Z,user-del-3,del-115,car,45.284559,19.826438,in_transit
geo_position,2026-06-01T10:17:10Z,user-del-3,del-115,car,45.283539,19.825467,in_transit
geo_position,2026-06-01T10:17:20Z,user-del-3,del-115,car,45.284052,19.826355,in_transit
geo_position,2026-06-01T10:17:30Z,user-del-3,del-115,car,45.283111,19.826676,in_transit
geo_position,2026-06-01T10:17:40Z,user-del-3,del-115,car,45.283429,19.826352,in_transit
geo_position,2026-06-01T10:17:50Z,user-del-3,del-115,car,45.282557,19.826608,in_transit
geo_position,2026-06-01T10:18:00Z,user-del-3,del-115,car,45.28153,19.825652,in_transit
geo_position,2026-06-01T10:18:10Z,user-del-3,del-115,car,45.282066,19.826304,in_transit
geo_position,2026-06-01T10:18:20Z,user-del-3,del-115,car,45.281225,19.826801,in_transit
geo_position,2026-06-01T10:18:30Z,user-del-3,del-115,car,45.280146,19.827706,in_transit
geo_position,2026-06-01T10:18:40Z,user-del-3,del-115,car,45.279577,19.827325,in_transit
geo_position,2026-06-01T10:18:50Z,user-del-3,del-115,car,45.280059,19.827704,in_transit
geo_position,2026-06-01T10:19:00Z,user-del-3,del-115,car,45.280822,19.827079,in_transit
geo_position,2026-06-01T10:19:10Z,user-del-3,del-115,car,45.281936,19.826466,in_transit
geo_position,2026-06-01T10:19:20Z,user-del-3,del-115,car,45.281504,19.825707,in_transit
geo_position,2026-06-01T10:19:30Z,user-del-3,del-115,car,45.280581,19.825684,in_transit
geo_position,2026-06-01T10:19:40Z,user-del-3,del-115,car,45.280184,19.824714,in_transit
geo_position,2026-06-01T10:19:50Z,user-del-3,del-115,car,45.279047,19.825016,in_transit
geo_position,2026-06-01T10:20:00Z,user-del-3,del-115,car,45.278619,19.824322,in_transit
geo_position,2026-06-01T10:20:10Z,user-del-3,del-115,car,45.277592,19.823338,in_transit
geo_position,2026-06-01T10:20:20Z,user-del-3,del-115,car,45.277901,19.823541,in_transit
geo_position,2026-06-01T10:20:30Z,user-del-3,del-115,car,45.277728,19.824249,in_transit
geo_position,2026-06-01T10:20:40Z,user-del-3,del-115,car,45.278294,19.824515,in_transit
geo_position,2026-06-01T10:20:50Z,user-del-3,del-115,car,45.278805,19.824239,in_transit
geo_position,2026-06-01T10:21:00Z,user-del-3,del-115,car,45.279382,19.825422,in_transit
geo_position,2026-06-01T10:21:10Z,user-del-3,del-115,car,45.280236,19.82562,in_transit
geo_position,2026-06-01T10:21:20Z,user-del-3,del-115,car,45.279807,19.825652,in_transit
geo_position,2026-06-01T10:21:30Z,user-del-3,del-115,car,45.279949,19.825374,in_transit
geo_position,2026-06-01T10:21:40Z,user-del-3,del-115,car,45.280745,19.825077,in_transit
geo_position,2026-06-01T10:21:50Z,user-del-3,del-115,car,45.281253,19.825844,in_transit
geo_position,2026-06-01T10:22:00Z,user-del-3,del-115,car,45.281243,19.825908,completed
geo_position,2026-06-01T10:22:10Z,user-del-3,del-115,car,45.281193,19.825901,completed
geo_position,2026-06-01T10:22:20Z,user-del-3,del-115,car,45.281208,19.825969,completed
geo_position,2026-06-01T10:22:30Z,user-del-3,del-115,car,45.2812,19.826005,completed
geo_position,2026-06-01T10:22:40Z,user-del-3,del-115,car,45.281212,19.825988,completed
geo_position,2026-06-01T10:22:50Z,user-del-3,del-115,car,45.281172,19.825967,completed
geo_position,2026-06-01T10:23:00Z,user-del-3,del-115,car,45.281233,19.825993,completed
geo_position,2026-06-01T10:23:10Z,user-del-3,del-115,car,45.281141,19.825947,completed
geo_position,2026-06-01T10:23:20Z,user-del-3,del-115,car,45.281172,19.825944,completed
geo_position,2026-06-01T10:23:30Z,user-del-3,del-115,car,45.281255,19.825963,completed
geo_position,2026-06-01T10:23:40Z,user-del-3,del-115,car,45.281219,19.825931,completed
geo_position,2026-06-01T10:23:50Z,user-del-3,del-115,car,45.281271,19.825919,completed
geo_position,2026-06-01T10:38:00Z,user-del-3,del-116,car,45.277923,19.827763,accepted
geo_position,2026-06-01T10:38:10Z,user-del-3,del-116,car,45.276798,19.828551,accepted
geo_position,2026-06-01T10:38:20Z,user-del-3,del-116,car,45.275794,19.829557,accepted
geo_position,2026-06-01T10:38:30Z,user-del-3,del-116,car,45.274714,19.828451,accepted
geo_position,2026-06-01T10:38:40Z,user-del-3,del-116,car,45.273944,19.829043,accepted
geo_position,2026-06-01T10:38:50Z,user-del-3,del-116,car,45.274766,19.829978,accepted
geo_position,2026-06-01T10:39:00Z,user-del-3,del-116,car,45.275414,19.830212,accepted
geo_position,2026-06-01T10:39:10Z,user-del-3,del-116,car,45.275114,19.830271,accepted
geo_position,2026-06-01T10:39:20Z,user-del-3,del-116,car,45.274694,19.829664,accepted
geo_position,2026-06-01T10:39:30Z,user-del-3,del-116,car,45.275407,19.829242,accepted
geo_position,2026-06-01T10:39:40Z,user-del-3,del-116,car,45.275312,19.829063,accepted
geo_position,2026-06-01T10:39:50Z,user-del-3,del-116,car,45.275359,19.829552,accepted
geo_position,2026-06-01T10:40:00Z,user-del-3,del-116,car,45.274399,19.830194,accepted
geo_position,2026-06-01T10:40:10Z,user-del-3,del-116,car,45.273231,19.831237,accepted
geo_position,2026-06-01T10:40:20Z,user-del-3,del-116,car,45.27416,19.831071,accepted
geo_position,2026-06-01T10:40:30Z,user-del-3,del-116,car,45.274682,19.830696,accepted
geo_position,2026-06-01T10:40:40Z,user-del-3,del-116,car,45.274526,19.830841,accepted
geo_position,2026-06-01T10:40:50Z,user-del-3,del-116,car,45.273541,19.831519,accepted
geo_position,2026-06-01T10:41:00Z,user-del-3,del-116,car,45.272521,19.831394,accepted
geo_position,2026-06-01T10:41:10Z,user-del-3,del-116,car,45.272915,19.830502,accepted
geo_position,2026-06-01T10:41:20Z,user-del-3,del-116,car,45.272578,19.830723,accepted
geo_position,2026-06-01T10:41:30Z,user-del-3,del-116,car,45.27199,19.831133,accepted
geo_position,2026-06-01T10:41:40Z,user-del-3,del-116,car,45.271004,19.830492,accepted
geo_position,2026-06-01T10:41:50Z,user-del-3,del-116,car,45.271975,19.831403,accepted
geo_position,2026-06-01T10:42:00Z,user-del-3,del-116,car,45.271983,19.831991,accepted
geo_position,2026-06-01T10:42:10Z,user-del-3,del-116,car,45.271908,19.831112,accepted
geo_position,2026-06-01T10:42:20Z,user-del-3,del-116,car,45.270907,19.830153,accepted
geo_position,2026-06-01T10:42:30Z,user-del-3,del-116,car,45.270094,19.831298,accepted
geo_position,2026-06-01T10:42:40Z,user-del-3,del-116,car,45.269305,19.830797,accepted
geo_position,2026-06-01T10:42:50Z,user-del-3,del-116,car,45.268336,19.831247,accepted
geo_position,2026-06-01T10:43:00Z,user-del-3,del-116,car,45.267768,19.831254,accepted
geo_position,2026-06-01T10:43:10Z,user-del-3,del-116,car,45.266858,19.831934,accepted
geo_position,2026-06-01T10:43:20Z,user-del-3,del-116,car,45.266364,19.831766,accepted
geo_position,2026-06-01T10:43:30Z,user-del-3,del-116,car,45.267011,19.83072,accepted
geo_position,2026-06-01T10:43:40Z,user-del-3,del-116,car,45.267292,19.830068,accepted
geo_position,2026-06-01T10:43:50Z,user-del-3,del-116,car,45.266344,19.830894,accepted
geo_position,2026-06-01T10:44:00Z,user-del-3,del-116,car,45.266569,19.829844,in_transit
geo_position,2026-06-01T10:44:10Z,user-del-3,del-116,car,45.265659,19.828752,in_transit
geo_position,2026-06-01T10:44:20Z,user-del-3,del-116,car,45.266408,19.829037,in_transit
geo_position,2026-06-01T10:44:30Z,user-del-3,del-116,car,45.266535,19.828072,in_transit
geo_position,2026-06-01T10:44:40Z,user-del-3,del-116,car,45.267129,19.827549,in_transit
geo_position,2026-06-01T10:44:50Z,user-del-3,del-116,car,45.268305,19.827793,in_transit
geo_position,2026-06-01T10:45:00Z,user-del-3,del-116,car,45.268383,19.827086,in_transit
geo_position,2026-06-01T10:45:10Z,user-del-3,del-116,car,45.268056,19.827567,in_transit
geo_position,2026-06-01T10:45:20Z,user-del-3,del-116,car,45.267291,19.827884,in_transit
geo_position,2026-06-01T10:45:30Z,user-del-3,del-116,car,45.26767,19.827373,in_transit
geo_position,2026-06-01T10:45:40Z,user-del-3,del-116,car,45.268223,19.826838,in_transit
geo_position,2026-06-01T10:45:50Z,user-del-3,del-116,car,45.267939,19.827659,in_transit
geo_position,2026-06-01T10:46:00Z,user-del-3,del-116,car,45.267384,19.827393,in_transit
geo_position,2026-06-01T10:46:10Z,user-del-3,del-116,car,45.267958,19.827049,in_transit
geo_position,2026-06-01T10:46:20Z,user-del-3,del-116,car,45.26746,19.825863,in_transit
geo_position,2026-06-01T10:46:30Z,user-del-3,del-116,car,45.267147,19.824848,in_transit
geo_position,2026-06-01T10:46:40Z,user-del-3,del-116,car,45.266688,19.824572,in_transit
geo_position,2026-06-01T10:46:50Z,user-del-3,del-116,car,45.266837,19.825188,in_transit
geo_position,2026-06-01T10:47:00Z,user-del-3,del-116,car,45.267644,19.824891,in_transit
geo_position,2026-06-01T10:47:10Z,user-del-3,del-116,car,45.267777,19.824058,in_transit
geo_position,2026-06-01T10:47:20Z,user-del-3,del-116,car,45.26877,19.824517,in_transit
geo_position,2026-06-01T10:47:30Z,user-del-3,del-116,car,45.269921,19.824014,in_transit
geo_position,2026-06-01T10:47:40Z,user-del-3,del-116,car,45.269617,19.823698,in_transit
geo_position,2026-06-01T10:47:50Z,user-del-3,del-116,car,45.268765,19.824771,in_transit
geo_position,2026-06-01T10:48:00Z,user-del-3,del-116,car,45.26982,19.824871,in_transit
geo_position,2026-06-01T10:48:10Z,user-del-3,del-116,car,45.270114,19.825075,in_transit
geo_position,2026-06-01T10:48:20Z,user-del-3,del-116,car,45.269857,19.82388,in_transit
geo_position,2026-06-01T10:48:30Z,user-del-3,del-116,car,45.269072,19.823669,in_transit
geo_position,2026-06-01T10:48:40Z,user-del-3,del-116,car,45.269486,19.824713,in_transit
geo_position,2026-06-01T10:48:50Z,user-del-3,del-116,car,45.26914,19.82475,in_transit
geo_position,2026-06-01T10:49:00Z,user-del-3,del-116,car,45.269502,19.825226,in_transit
geo_position,2026-06-01T10:49:10Z,user-del-3,del-116,car,45.270646,19.824086,in_transit
geo_position,2026-06-01T10:49:20Z,user-del-3,del-116,car,45.270615,19.823036,in_transit
geo_position,2026-06-01T10:49:30Z,user-del-3,del-116,car,45.270494,19.822835,in_transit
geo_position,2026-06-01T10:49:40Z,user-del-3,del-116,car,45.270932,19.822993,in_transit
geo_position,2026-06-01T10:49:50Z,user-del-3,del-116,car,45.271026,19.822243,in_transit
geo_position,2026-06-01T10:50:00Z,user-del-3,del-116,car,45.271741,19.822175,in_transit
geo_position,2026-06-01T10:50:10Z,user-del-3,del-116,car,45.27251,19.822528,in_transit
geo_position,2026-06-01T10:50:20Z,user-del-3,del-116,car,45.272443,19.822354,in_transit
geo_position,2026-06-01T10:50:30Z,user-del-3,del-116,car,45.272372,19.823372,in_transit
geo_position,2026-06-01T10:50:40Z,user-del-3,del-116,car,45.272042,19.822405,in_transit
geo_position,2026-06-01T10:50:50Z,user-del-3,del-116,car,45.272966,19.822287,in_transit
geo_position,2026-06-01T10:51:00Z,user-del-3,del-116,car,45.272957,19.821723,in_transit
geo_position,2026-06-01T10:51:10Z,user-del-3,del-116,car,45.272743,19.821255,in_transit
geo_position,2026-06-01T10:51:20Z,user-del-3,del-116,car,45.272196,19.821242,in_transit
geo_position,2026-06-01T10:51:30Z,user-del-3,del-116,car,45.272784,19.821597,in_transit
geo_position,2026-06-01T10:51:40Z,user-del-3,del-116,car,45.27174,19.822228,in_transit
geo_position,2026-06-01T10:51:50Z,user-del-3,del-116,car,45.27128,19.822795,in_transit
geo_position,2026-06-01T10:52:00Z,user-del-3,del-116,car,45.270305,19.82248,in_transit
geo_position,2026-06-01T10:52:10Z,user-del-3,del-116,car,45.271123,19.82131,in_transit
geo_position,2026-06-01T10:52:20Z,user-del-3,del-116,car,45.270511,19.821024,in_transit
geo_position,2026-06-01T10:52:30Z,user-del-3,del-116,car,45.270392,19.8213,in_transit
geo_position,2026-06-01T10:52:40Z,user-del-3,del-116,car,45.269547,19.821705,in_transit
geo_position,2026-06-01T10:52:50Z,user-del-3,del-116,car,45.269677,19.820756,in_transit
geo_position,2026-06-01T10:53:00Z,user-del-3,del-116,car,45.270777,19.820426,in_transit
geo_position,2026-06-01T10:53:10Z,user-del-3,del-116,car,45.270577,19.820022,in_transit
geo_position,2026-06-01T10:53:20Z,user-del-3,del-116,car,45.270811,19.819164,in_transit
geo_position,2026-06-01T10:53:30Z,user-del-3,del-116,car,45.271106,19.818881,in_transit
geo_position,2026-06-01T10:53:40Z,user-del-3,del-116,car,45.271652,19.819067,in_transit
geo_position,2026-06-01T10:53:50Z,user-del-3,del-116,car,45.271814,19.819633,in_transit
geo_position,2026-06-01T10:54:00Z,user-del-3,del-116,car,45.272573,19.818939,in_transit
geo_position,2026-06-01T10:54:10Z,user-del-3,del-116,car,45.271619,19.81837,in_transit
geo_position,2026-06-01T10:54:20Z,user-del-3,del-116,car,45.27251,19.819492,in_transit
geo_position,2026-06-01T10:54:30Z,user-del-3,del-116,car,45.272482,19.818705,in_transit
geo_position,2026-06-01T10:54:40Z,user-del-3,del-116,car,45.27219,19.818853,in_transit
geo_position,2026-06-01T10:54:50Z,user-del-3,del-116,car,45.271058,19.819658,in_transit
geo_position,2026-06-01T10:55:00Z,user-del-3,del-116,car,45.271678,19.819395,in_transit
geo_position,2026-06-01T10:55:10Z,user-del-3,del-116,car,45.270644,19.818347,in_transit
geo_position,2026-06-01T10:55:20Z,user-del-3,del-116,car,45.271039,19.819022,in_transit
geo_position,2026-06-01T10:55:30Z,user-del-3,del-116,car,45.270799,19.820134,in_transit
geo_position,2026-06-01T10:55:40Z,user-del-3,del-116,car,45.27096,19.818999,in_transit
geo_position,2026-06-01T10:55:50Z,user-del-3,del-116,car,45.271062,19.817993,in_transit
geo_position,2026-06-01T10:56:00Z,user-del-3,del-116,car,45.270934,19.818797,in_transit
geo_position,2026-06-01T10:56:10Z,user-del-3,del-116,car,45.270231,19.819043,in_transit
geo_position,2026-06-01T10:56:20Z,user-del-3,del-116,car,45.270914,19.818993,in_transit
geo_position,2026-06-01T10:56:30Z,user-del-3,del-116,car,45.271563,19.819041,in_transit
geo_position,2026-06-01T10:56:40Z,user-del-3,del-116,car,45.270378,19.820106,in_transit
geo_position,2026-06-01T10:56:50Z,user-del-3,del-116,car,45.271025,19.819685,in_transit
geo_position,2026-06-01T10:57:00Z,user-del-3,del-116,car,45.271694,19.819078,in_transit
geo_position,2026-06-01T10:57:10Z,user-del-3,del-116,car,45.272203,19.81838,in_transit
geo_position,2026-06-01T10:57:20Z,user-del-3,del-116,car,45.271075,19.819195,in_transit
geo_position,2026-06-01T10:57:30Z,user-del-3,del-116,car,45.271537,19.818625,in_transit
geo_position,2026-06-01T10:57:40Z,user-del-3,del-116,car,45.270475,19.819088,in_transit
geo_position,2026-06-01T10:57:50Z,user-del-3,del-116,car,45.271008,19.817957,in_transit
geo_position,2026-06-01T10:58:00Z,user-del-3,del-116,car,45.2701,19.817417,in_transit
geo_position,2026-06-01T10:58:10Z,user-del-3,del-116,car,45.270959,19.817078,in_transit
geo_position,2026-06-01T10:58:20Z,user-del-3,del-116,car,45.270853,19.817784,in_transit
geo_position,2026-06-01T10:58:30Z,user-del-3,del-116,car,45.270305,19.816788,in_transit
geo_position,2026-06-01T10:58:40Z,user-del-3,del-116,car,45.270216,19.817938,in_transit
geo_position,2026-06-01T10:58:50Z,user-del-3,del-116,car,45.269125,19.817885,in_transit
geo_position,2026-06-01T10:59:00Z,user-del-3,del-116,car,45.269181,19.819027,in_transit
geo_position,2026-06-01T10:59:10Z,user-del-3,del-116,car,45.270359,19.819402,in_transit
geo_position,2026-06-01T10:59:20Z,user-del-3,del-116,car,45.269207,19.81826,in_transit
geo_position,2026-06-01T10:59:30Z,user-del-3,del-116,car,45.269012,19.818028,in_transit
geo_position,2026-06-01T10:59:40Z,user-del-3,del-116,car,45.26903,19.817532,in_transit
geo_position,2026-06-01T10:59:50Z,user-del-3,del-116,car,45.269711,19.818215,in_transit
geo_position,2026-06-01T11:00:00Z,user-del-3,del-116,car,45.269764,19.818223,completed
geo_position,2026-06-01T11:00:10Z,user-del-3,del-116,car,45.269801,19.818214,completed
geo_position,2026-06-01T11:00:20Z,user-del-3,del-116,car,45.26981,19.818166,completed
geo_position,2026-06-01T11:00:30Z,user-del-3,del-116,car,45.269738,19.818208,completed
geo_position,2026-06-01T11:00:40Z,user-del-3,del-116,car,45.269743,19.818174,completed
geo_position,2026-06-01T11:00:50Z,user-del-3,del-116,car,45.269665,19.818084,completed
geo_position,2026-06-01T11:01:00Z,user-del-3,del-116,car,45.269608,19.818048,completed
geo_position,2026-06-01T11:01:10Z,user-del-3,del-116,car,45.269603,19.81795,completed
geo_position,2026-06-01T11:01:20Z,user-del-3,del-116,car,45.269669,19.817995,completed
geo_position,2026-06-01T11:01:30Z,user-del-3,del-116,car,45.269628,19.818075,completed
geo_position,2026-06-01T11:01:40Z,user-del-3,del-116,car,45.269646,19.81801,completed
geo_position,2026-06-01T11:01:50Z,user-del-3,del-116,car,45.269657,19.81807,completed
geo_position,2026-06-01T11:16:00Z,user-del-3,del-117,car,45.271011,19.818121,accepted
geo_position,2026-06-01T11:16:10Z,user-del-3,del-117,car,45.271184,19.817169,accepted
geo_position,2026-06-01T11:16:20Z,user-del-3,del-117,car,45.270336,19.817375,accepted
geo_position,2026-06-01T11:16:30Z,user-del-3,del-117,car,45.269739,19.818389,accepted
geo_position,2026-06-01T11:16:40Z,user-del-3,del-117,car,45.26981,19.819153,accepted
geo_position,2026-06-01T11:16:50Z,user-del-3,del-117,car,45.27007,19.818708,accepted
geo_position,2026-06-01T11:17:00Z,user-del-3,del-117,car,45.268979,19.819197,accepted
geo_position,2026-06-01T11:17:10Z,user-del-3,del-117,car,45.269396,19.818664,accepted
geo_position,2026-06-01T11:17:20Z,user-del-3,del-117,car,45.269352,19.818244,accepted
geo_position,2026-06-01T11:17:30Z,user-del-3,del-117,car,45.269925,19.81831,accepted
geo_position,2026-06-01T11:17:40Z,user-del-3,del-117,car,45.269563,19.817789,accepted
geo_position,2026-06-01T11:17:50Z,user-del-3,del-117,car,45.268891,19.817623,accepted
geo_position,2026-06-01T11:18:00Z,user-del-3,del-117,car,45.267693,19.818141,accepted
geo_position,2026-06-01T11:18:10Z,user-del-3,del-117,car,45.268679,19.818312,accepted
geo_position,2026-06-01T11:18:20Z,user-del-3,del-117,car,45.269571,19.817659,accepted
geo_position,2026-06-01T11:18:30Z,user-del-3,del-117,car,45.268824,19.816777,accepted
geo_position,2026-06-01T11:18:40Z,user-del-3,del-117,car,45.269294,19.81604,accepted
geo_position,2026-06-01T11:18:50Z,user-del-3,del-117,car,45.268582,19.815345,accepted
geo_position,2026-06-01T11:19:00Z,user-del-3,del-117,car,45.267977,19.814671,accepted
geo_position,2026-06-01T11:19:10Z,user-del-3,del-117,car,45.266977,19.813806,accepted
geo_position,2026-06-01T11:19:20Z,user-del-3,del-117,car,45.267359,19.81351,accepted
geo_position,2026-06-01T11:19:30Z,user-del-3,del-117,car,45.266189,19.812684,accepted
geo_position,2026-06-01T11:19:40Z,user-del-3,del-117,car,45.265771,19.813839,accepted
geo_position,2026-06-01T11:19:50Z,user-del-3,del-117,car,45.266626,19.813132,accepted
geo_position,2026-06-01T11:20:00Z,user-del-3,del-117,car,45.266417,19.814286,accepted
geo_position,2026-06-01T11:20:10Z,user-del-3,del-117,car,45.266156,19.813541,accepted
geo_position,2026-06-01T11:20:20Z,user-del-3,del-117,car,45.266533,19.812815,accepted
geo_position,2026-06-01T11:20:30Z,user-del-3,del-117,car,45.267692,19.811811,accepted
geo_position,2026-06-01T11:20:40Z,user-del-3,del-117,car,45.267831,19.812284,accepted
geo_position,2026-06-01T11:20:50Z,user-del-3,del-117,car,45.268706,19.813464,accepted
geo_position,2026-06-01T11:21:00Z,user-del-3,del-117,car,45.267687,19.813278,accepted
geo_position,2026-06-01T11:21:10Z,user-del-3,del-117,car,45.2687,19.813792,accepted
geo_position,2026-06-01T11:21:20Z,user-del-3,del-117,car,45.268054,19.814626,accepted
geo_position,2026-06-01T11:21:30Z,user-del-3,del-117,car,45.267319,19.814476,accepted
geo_position,2026-06-01T11:21:40Z,user-del-3,del-117,car,45.267897,19.814811,accepted
geo_position,2026-06-01T11:21:50Z,user-del-3,del-117,car,45.267636,19.813863,accepted
geo_position,2026-06-01T11:22:00Z,user-del-3,del-117,car,45.267711,19.814678,in_transit
geo_position,2026-06-01T11:22:10Z,user-del-3,del-117,car,45.267767,19.814925,in_transit
geo_position,2026-06-01T11:22:20Z,user-del-3,del-117,car,45.268249,19.815303,in_transit
geo_position,2026-06-01T11:22:30Z,user-del-3,del-117,car,45.269008,19.815804,in_transit
geo_position,2026-06-01T11:22:40Z,user-del-3,del-117,car,45.269828,19.816018,in_transit
geo_position,2026-06-01T11:22:50Z,user-del-3,del-117,car,45.269386,19.815099,in_transit
geo_position,2026-06-01T11:23:00Z,user-del-3,del-117,car,45.268733,19.814218,in_transit
geo_position,2026-06-01T11:23:10Z,user-del-3,del-117,car,45.269475,19.813313,in_transit
geo_position,2026-06-01T11:23:20Z,user-del-3,del-117,car,45.27067,19.813615,in_transit
geo_position,2026-06-01T11:23:30Z,user-del-3,del-117,car,45.270706,19.813992,in_transit
geo_position,2026-06-01T11:23:40Z,user-del-3,del-117,car,45.270401,19.81336,in_transit
geo_position,2026-06-01T11:23:50Z,user-del-3,del-117,car,45.27094,19.812781,in_transit
geo_position,2026-06-01T11:24:00Z,user-del-3,del-117,car,45.271756,19.813308,in_transit
geo_position,2026-06-01T11:24:10Z,user-del-3,del-117,car,45.272711,19.813259,in_transit
geo_position,2026-06-01T11:24:20Z,user-del-3,del-117,car,45.272096,19.813323,in_transit
geo_position,2026-06-01T11:24:30Z,user-del-3,del-117,car,45.273053,19.814465,in_transit
geo_position,2026-06-01T11:24:40Z,user-del-3,del-117,car,45.273555,19.814009,in_transit
geo_position,2026-06-01T11:24:50Z,user-del-3,del-117,car,45.274265,19.813209,in_transit
geo_position,2026-06-01T11:25:00Z,user-del-3,del-117,car,45.27327,19.812532,in_transit
geo_position,2026-06-01T11:25:10Z,user-del-3,del-117,car,45.273276,19.811816,in_transit
geo_position,2026-06-01T11:25:20Z,user-del-3,del-117,car,45.272524,19.812096,in_transit
geo_position,2026-06-01T11:25:30Z,user-del-3,del-117,car,45.273034,19.811038,in_transit
geo_position,2026-06-01T11:25:40Z,user-del-3,del-117,car,45.272522,19.81195,in_transit
geo_position,2026-06-01T11:25:50Z,user-del-3,del-117,car,45.272483,19.812839,in_transit
geo_position,2026-06-01T11:26:00Z,user-del-3,del-117,car,45.272693,19.813911,in_transit
geo_position,2026-06-01T11:26:10Z,user-del-3,del-117,car,45.272025,19.813182,in_transit
geo_position,2026-06-01T11:26:20Z,user-del-3,del-117,car,45.272919,19.81363,in_transit
geo_position,2026-06-01T11:26:30Z,user-del-3,del-117,car,45.27232,19.814122,in_transit
geo_position,2026-06-01T11:26:40Z,user-del-3,del-117,car,45.272299,19.814513,in_transit
geo_position,2026-06-01T11:26:50Z,user-del-3,del-117,car,45.273217,19.813906,in_transit
geo_position,2026-06-01T11:27:00Z,user-del-3,del-117,car,45.273082,19.813113,in_transit
geo_position,2026-06-01T11:27:10Z,user-del-3,del-117,car,45.273415,19.812096,in_transit
geo_position,2026-06-01T11:27:20Z,user-del-3,del-117,car,45.274341,19.811068,in_transit
geo_position,2026-06-01T11:27:30Z,user-del-3,del-117,car,45.273724,19.8117,in_transit
geo_position,2026-06-01T11:27:40Z,user-del-3,del-117,car,45.273951,19.811221,in_transit
geo_position,2026-06-01T11:27:50Z,user-del-3,del-117,car,45.274463,19.810861,in_transit
geo_position,2026-06-01T11:28:00Z,user-del-3,del-117,car,45.273697,19.810137,in_transit
geo_position,2026-06-01T11:28:10Z,user-del-3,del-117,car,45.273249,19.810865,in_transit
geo_position,2026-06-01T11:28:20Z,user-del-3,del-117,car,45.272446,19.810092,in_transit
geo_position,2026-06-01T11:28:30Z,user-del-3,del-117,car,45.272668,19.809657,in_transit
geo_position,2026-06-01T11:28:40Z,user-del-3,del-117,car,45.272643,19.808489,in_transit
geo_position,2026-06-01T11:28:50Z,user-del-3,del-117,car,45.271483,19.808267,in_transit
geo_position,2026-06-01T11:29:00Z,user-del-3,del-117,car,45.272467,19.807326,in_transit
geo_position,2026-06-01T11:29:10Z,user-del-3,del-117,car,45.273236,19.80693,in_transit
geo_position,2026-06-01T11:29:20Z,user-del-3,del-117,car,45.272874,19.805943,in_transit
geo_position,2026-06-01T11:29:30Z,user-del-3,del-117,car,45.273982,19.805836,in_transit
geo_position,2026-06-01T11:29:40Z,user-del-3,del-117,car,45.273227,19.806606,in_transit
geo_position,2026-06-01T11:29:50Z,user-del-3,del-117,car,45.272722,19.806518,in_transit
geo_position,2026-06-01T11:30:00Z,user-del-3,del-117,car,45.272439,19.80532,in_transit
geo_position,2026-06-01T11:30:10Z,user-del-3,del-117,car,45.273573,19.806451,in_transit
geo_position,2026-06-01T11:30:20Z,user-del-3,del-117,car,45.274074,19.807105,in_transit
geo_position,2026-06-01T11:30:30Z,user-del-3,del-117,car,45.274811,19.806939,in_transit
geo_position,2026-06-01T11:30:40Z,user-del-3,del-117,car,45.27411,19.806715,in_transit
geo_position,2026-06-01T11:30:50Z,user-del-3,del-117,car,45.273535,19.807104,in_transit
geo_position,2026-06-01T11:31:00Z,user-del-3,del-117,car,45.272781,19.808016,in_transit
geo_position,2026-06-01T11:31:10Z,user-del-3,del-117,car,45.273944,19.808771,in_transit
geo_position,2026-06-01T11:31:20Z,user-del-3,del-117,car,45.273426,19.807766,in_transit
geo_position,2026-06-01T11:31:30Z,user-del-3,del-117,car,45.273467,19.806817,in_transit
geo_position,2026-06-01T11:31:40Z,user-del-3,del-117,car,45.274409,19.806266,in_transit
geo_position,2026-06-01T11:31:50Z,user-del-3,del-117,car,45.275333,19.807303,in_transit
geo_position,2026-06-01T11:32:00Z,user-del-3,del-117,car,45.276464,19.806296,in_transit
geo_position,2026-06-01T11:32:10Z,user-del-3,del-117,car,45.276268,19.807343,in_transit
geo_position,2026-06-01T11:32:20Z,user-del-3,del-117,car,45.275456,19.808457,in_transit
geo_position,2026-06-01T11:32:30Z,user-del-3,del-117,car,45.276339,19.807543,in_transit
geo_position,2026-06-01T11:32:40Z,user-del-3,del-117,car,45.276828,19.806369,in_transit
geo_position,2026-06-01T11:32:50Z,user-del-3,del-117,car,45.277868,19.80653,in_transit
geo_position,2026-06-01T11:33:00Z,user-del-3,del-117,car,45.279006,19.806923,in_transit
geo_position,2026-06-01T11:33:10Z,user-del-3,del-117,car,45.279039,19.807528,in_transit
geo_position,2026-06-01T11:33:20Z,user-del-3,del-117,car,45.279342,19.807265,in_transit
geo_position,2026-06-01T11:33:30Z,user-del-3,del-117,car,45.279594,19.807645,in_transit
geo_position,2026-06-01T11:33:40Z,user-del-3,del-117,car,45.278401,19.806736,in_transit
geo_position,2026-06-01T11:33:50Z,user-del-3,del-117,car,45.279414,19.805541,in_transit
geo_position,2026-06-01T11:34:00Z,user-del-3,del-117,car,45.278841,19.805452,in_transit
geo_position,2026-06-01T11:34:10Z,user-del-3,del-117,car,45.27841,19.804798,in_transit
geo_position,2026-06-01T11:34:20Z,user-del-3,del-117,car,45.279522,19.804489,in_transit
geo_position,2026-06-01T11:34:30Z,user-del-3,del-117,car,45.278665,19.805685,in_transit
geo_position,2026-06-01T11:34:40Z,user-del-3,del-117,car,45.278749,19.804885,in_transit
geo_position,2026-06-01T11:34:50Z,user-del-3,del-117,car,45.279234,19.805416,in_transit
geo_position,2026-06-01T11:35:00Z,user-del-3,del-117,car,45.278416,19.805018,in_transit
geo_position,2026-06-01T11:35:10Z,user-del-3,del-117,car,45.278975,19.803981,in_transit
geo_position,2026-06-01T11:35:20Z,user-del-3,del-117,car,45.278238,19.803424,in_transit
geo_position,2026-06-01T11:35:30Z,user-del-3,del-117,car,45.277188,19.802429,in_transit
geo_position,2026-06-01T11:35:40Z,user-del-3,del-117,car,45.27716,19.80233,in_transit
geo_position,2026-06-01T11:35:50Z,user-del-3,del-117,car,45.278048,19.801609,in_transit
geo_position,2026-06-01T11:36:00Z,user-del-3,del-117,car,45.278612,19.801054,in_transit
geo_position,2026-06-01T11:36:10Z,user-del-3,del-117,car,45.279214,19.801709,in_transit
geo_position,2026-06-01T11:36:20Z,user-del-3,del-117,car,45.280293,19.801429,in_transit
geo_position,2026-06-01T11:36:30Z,user-del-3,del-117,car,45.279439,19.801156,in_transit
geo_position,2026-06-01T11:36:40Z,user-del-3,del-117,car,45.278901,19.800435,in_transit
geo_position,2026-06-01T11:36:50Z,user-del-3,del-117,car,45.279159,19.801177,in_transit
geo_position,2026-06-01T11:37:00Z,user-del-3,del-117,car,45.279272,19.801253,in_transit
geo_position,2026-06-01T11:37:10Z,user-del-3,del-117,car,45.280192,19.80207,in_transit
geo_position,2026-06-01T11:37:20Z,user-del-3,del-117,car,45.280454,19.80211,in_transit
geo_position,2026-06-01T11:37:30Z,user-del-3,del-117,car,45.280502,19.803209,in_transit
geo_position,2026-06-01T11:37:40Z,user-del-3,del-117,car,45.280864,19.802753,in_transit
geo_position,2026-06-01T11:37:50Z,user-del-3,del-117,car,45.281604,19.803897,in_transit
geo_position,2026-06-01T11:38:00Z,user-del-3,del-117,car,45.280531,19.804191,in_transit
geo_position,2026-06-01T11:38:10Z,user-del-3,del-117,car,45.279562,19.803474,in_transit
geo_position,2026-06-01T11:38:20Z,user-del-3,del-117,car,45.278449,19.803518,in_transit
geo_position,2026-06-01T11:38:30Z,user-del-3,del-117,car,45.277327,19.804418,in_transit
geo_position,2026-06-01T11:38:40Z,user-del-3,del-117,car,45.277894,19.804577,in_transit
geo_position,2026-06-01T11:38:50Z,user-del-3,del-117,car,45.278261,19.804134,in_transit
geo_position,2026-06-01T11:39:00Z,user-del-3,del-117,car,45.279412,19.803204,in_transit
geo_position,2026-06-01T11:39:10Z,user-del-3,del-117,car,45.280553,19.802111,in_transit
geo_position,2026-06-01T11:39:20Z,user-del-3,del-117,car,45.280135,19.801661,in_transit
geo_position,2026-06-01T11:39:30Z,user-del-3,del-117,car,45.279515,19.801129,in_transit
geo_position,2026-06-01T11:39:40Z,user-del-3,del-117,car,45.278785,19.802099,in_transit
geo_position,2026-06-01T11:39:50Z,user-del-3,del-117,car,45.277965,19.803071,in_transit
geo_position,2026-06-01T11:40:00Z,user-del-3,del-117,car,45.277095,19.80368,in_transit
geo_position,2026-06-01T11:40:10Z,user-del-3,del-117,car,45.277479,19.80289,in_transit
geo_position,2026-06-01T11:40:20Z,user-del-3,del-117,car,45.277499,19.802805,in_transit
geo_position,2026-06-01T11:40:30Z,user-del-3,del-117,car,45.278088,19.80246,in_transit
geo_position,2026-06-01T11:40:40Z,user-del-3,del-117,car,45.277654,19.802313,in_transit
geo_position,2026-06-01T11:40:50Z,user-del-3,del-117,car,45.278823,19.80182,in_transit
geo_position,2026-06-01T11:41:00Z,user-del-3,del-117,car,45.278872,19.802457,in_transit
geo_position,2026-06-01T11:41:10Z,user-del-3,del-117,car,45.278534,19.801351,in_transit
geo_position,2026-06-01T11:41:20Z,user-del-3,del-117,car,45.27888,19.800778,in_transit
geo_position,2026-06-01T11:41:30Z,user-del-3,del-117,car,45.27973,19.799905,in_transit
geo_position,2026-06-01T11:41:40Z,user-del-3,del-117,car,45.278838,19.79935,in_transit
geo_position,2026-06-01T11:41:50Z,user-del-3,del-117,car,45.277642,19.798273,in_transit
geo_position,2026-06-01T11:42:00Z,user-del-3,del-117,car,45.277577,19.798359,completed
geo_position,2026-06-01T11:42:10Z,user-del-3,del-117,car,45.277594,19.798363,completed
geo_position,2026-06-01T11:42:20Z,user-del-3,del-117,car,45.277577,19.79835,completed
geo_position,2026-06-01T11:42:30Z,user-del-3,del-117,car,45.277493,19.798419,completed
geo_position,2026-06-01T11:42:40Z,user-del-3,del-117,car,45.277526,19.798457,completed
geo_position,2026-06-01T11:42:50Z,user-del-3,del-117,car,45.277535,19.798533,completed
