#datatype,measurement,dateTime:RFC3339,tag,tag,field,field,field
#group,false,false,true,true,false,false,false
#default,delivery_tracking,,,,,,
_measurement,time,user_id,delivery_id,lat,lon,delivery_status
delivery_tracking,2026-06-01T08:00:00Z,user-del-1,del-100,44.82796,20.461584,accepted
delivery_tracking,2026-06-01T08:00:10Z,user-del-1,del-100,44.828535,20.460902,accepted
delivery_tracking,2026-06-01T08:00:20Z,user-del-1,del-100,44.829476,20.461605,accepted
delivery_tracking,2026-06-01T08:00:30Z,user-del-1,del-100,44.829311,20.461292,accepted
delivery_tracking,2026-06-01T08:00:40Z,user-del-1,del-100,44.830065,20.46198,accepted
delivery_tracking,2026-06-01T08:00:50Z,user-del-1,del-100,44.830085,20.461276,accepted
delivery_tracking,2026-06-01T08:01:00Z,user-del-1,del-100,44.830115,20.460325,accepted
delivery_tracking,2026-06-01T08:01:10Z,user-del-1,del-100,44.829575,20.459836,accepted
delivery_tracking,2026-06-01T08:01:20Z,user-del-1,del-100,44.828685,20.458851,accepted
delivery_tracking,2026-06-01T08:01:30Z,user-del-1,del-100,44.827906,20.458071,accepted
delivery_tracking,2026-06-01T08:01:40Z,user-del-1,del-100,44.828129,20.45747,accepted
delivery_tracking,2026-06-01T08:01:50Z,user-del-1,del-100,44.828453,20.456729,accepted
delivery_tracking,2026-06-01T08:02:00Z,user-del-1,del-100,44.829266,20.456046,accepted
delivery_tracking,2026-06-01T08:02:10Z,user-del-1,del-100,44.829705,20.455929,accepted
delivery_tracking,2026-06-01T08:02:20Z,user-del-1,del-100,44.830491,20.456543,accepted
delivery_tracking,2026-06-01T08:02:30Z,user-del-1,del-100,44.830677,20.457506,accepted
delivery_tracking,2026-06-01T08:02:40Z,user-del-1,del-100,44.831877,20.457504,accepted
delivery_tracking,2026-06-01T08:02:50Z,user-del-1,del-100,44.831367,20.457013,accepted
delivery_tracking,2026-06-01T08:03:00Z,user-del-1,del-100,44.83244,20.456284,accepted
delivery_tracking,2026-06-01T08:03:10Z,user-del-1,del-100,44.833324,20.455904,accepted
delivery_tracking,2026-06-01T08:03:20Z,user-del-1,del-100,44.833995,20.454926,accepted
delivery_tracking,2026-06-01T08:03:30Z,user-del-1,del-100,44.833446,20.454357,accepted
delivery_tracking,2026-06-01T08:03:40Z,user-del-1,del-100,44.834154,20.454419,accepted
delivery_tracking,2026-06-01T08:03:50Z,user-del-1,del-100,44.835348,20.455291,accepted
delivery_tracking,2026-06-01T08:04:00Z,user-del-1,del-100,44.834818,20.454337,accepted
delivery_tracking,2026-06-01T08:04:10Z,user-del-1,del-100,44.835003,20.454449,accepted
delivery_tracking,2026-06-01T08:04:20Z,user-del-1,del-100,44.835688,20.45388,accepted
delivery_tracking,2026-06-01T08:04:30Z,user-del-1,del-100,44.834763,20.454017,accepted
delivery_tracking,2026-06-01T08:04:40Z,user-del-1,del-100,44.833694,20.45476,accepted
delivery_tracking,2026-06-01T08:04:50Z,user-del-1,del-100,44.834306,20.454514,accepted
delivery_tracking,2026-06-01T08:05:00Z,user-del-1,del-100,44.834257,20.455586,in_transit
delivery_tracking,2026-06-01T08:05:10Z,user-del-1,del-100,44.834322,20.455775,in_transit
delivery_tracking,2026-06-01T08:05:20Z,user-del-1,del-100,44.834553,20.45671,in_transit
delivery_tracking,2026-06-01T08:05:30Z,user-del-1,del-100,44.834112,20.456526,in_transit
delivery_tracking,2026-06-01T08:05:40Z,user-del-1,del-100,44.834473,20.456147,in_transit
delivery_tracking,2026-06-01T08:05:50Z,user-del-1,del-100,44.834827,20.455915,in_transit
delivery_tracking,2026-06-01T08:06:00Z,user-del-1,del-100,44.835878,20.455924,in_transit
delivery_tracking,2026-06-01T08:06:10Z,user-del-1,del-100,44.83576,20.455273,in_transit
delivery_tracking,2026-06-01T08:06:20Z,user-del-1,del-100,44.8359,20.454639,in_transit
delivery_tracking,2026-06-01T08:06:30Z,user-del-1,del-100,44.836348,20.454968,in_transit
delivery_tracking,2026-06-01T08:06:40Z,user-del-1,del-100,44.836463,20.454977,in_transit
delivery_tracking,2026-06-01T08:06:50Z,user-del-1,del-100,44.835353,20.455494,in_transit
delivery_tracking,2026-06-01T08:07:00Z,user-del-1,del-100,44.834756,20.456495,in_transit
delivery_tracking,2026-06-01T08:07:10Z,user-del-1,del-100,44.834852,20.456957,in_transit
delivery_tracking,2026-06-01T08:07:20Z,user-del-1,del-100,44.835018,20.457631,in_transit
delivery_tracking,2026-06-01T08:07:30Z,user-del-1,del-100,44.834577,20.458651,in_transit
delivery_tracking,2026-06-01T08:07:40Z,user-del-1,del-100,44.833947,20.458747,in_transit
delivery_tracking,2026-06-01T08:07:50Z,user-del-1,del-100,44.834154,20.459169,in_transit
delivery_tracking,2026-06-01T08:08:00Z,user-del-1,del-100,44.833412,20.45938,in_transit
delivery_tracking,2026-06-01T08:08:10Z,user-del-1,del-100,44.832557,20.45898,in_transit
delivery_tracking,2026-06-01T08:08:20Z,user-del-1,del-100,44.832818,20.458365,in_transit
delivery_tracking,2026-06-01T08:08:30Z,user-del-1,del-100,44.831861,20.458389,in_transit
delivery_tracking,2026-06-01T08:08:40Z,user-del-1,del-100,44.832399,20.459402,in_transit
delivery_tracking,2026-06-01T08:08:50Z,user-del-1,del-100,44.831498,20.458808,in_transit
delivery_tracking,2026-06-01T08:09:00Z,user-del-1,del-100,44.832585,20.459166,in_transit
delivery_tracking,2026-06-01T08:09:10Z,user-del-1,del-100,44.832054,20.458827,in_transit
delivery_tracking,2026-06-01T08:09:20Z,user-del-1,del-100,44.832886,20.460015,in_transit
delivery_tracking,2026-06-01T08:09:30Z,user-del-1,del-100,44.833992,20.460963,in_transit
delivery_tracking,2026-06-01T08:09:40Z,user-del-1,del-100,44.833887,20.45981,in_transit
delivery_tracking,2026-06-01T08:09:50Z,user-del-1,del-100,44.83495,20.458839,in_transit
delivery_tracking,2026-06-01T08:10:00Z,user-del-1,del-100,44.836108,20.459085,in_transit
delivery_tracking,2026-06-01T08:10:10Z,user-del-1,del-100,44.835006,20.460197,in_transit
delivery_tracking,2026-06-01T08:10:20Z,user-del-1,del-100,44.835834,20.459718,in_transit
delivery_tracking,2026-06-01T08:10:30Z,user-del-1,del-100,44.835234,20.458722,in_transit
delivery_tracking,2026-06-01T08:10:40Z,user-del-1,del-100,44.83543,20.459451,in_transit
delivery_tracking,2026-06-01T08:10:50Z,user-del-1,del-100,44.83521,20.458846,in_transit
delivery_tracking,2026-06-01T08:11:00Z,user-del-1,del-100,44.836025,20.459778,in_transit
delivery_tracking,2026-06-01T08:11:10Z,user-del-1,del-100,44.835676,20.459684,in_transit
delivery_tracking,2026-06-01T08:11:20Z,user-del-1,del-100,44.835275,20.459156,in_transit
delivery_tracking,2026-06-01T08:11:30Z,user-del-1,del-100,44.835243,20.460065,in_transit
delivery_tracking,2026-06-01T08:11:40Z,user-del-1,del-100,44.834364,20.459087,in_transit
delivery_tracking,2026-06-01T08:11:50Z,user-del-1,del-100,44.83515,20.459347,in_transit
delivery_tracking,2026-06-01T08:12:00Z,user-del-1,del-100,44.835939,20.459036,in_transit
delivery_tracking,2026-06-01T08:12:10Z,user-del-1,del-100,44.835753,20.459841,in_transit
delivery_tracking,2026-06-01T08:12:20Z,user-del-1,del-100,44.834836,20.459088,in_transit
delivery_tracking,2026-06-01T08:12:30Z,user-del-1,del-100,44.833727,20.459318,in_transit
delivery_tracking,2026-06-01T08:12:40Z,user-del-1,del-100,44.834439,20.459992,in_transit
delivery_tracking,2026-06-01T08:12:50Z,user-del-1,del-100,44.835123,20.460796,in_transit
delivery_tracking,2026-06-01T08:13:00Z,user-del-1,del-100,44.834368,20.460771,in_transit
delivery_tracking,2026-06-01T08:13:10Z,user-del-1,del-100,44.834828,20.461635,in_transit
delivery_tracking,2026-06-01T08:13:20Z,user-del-1,del-100,44.835422,20.46234,in_transit
delivery_tracking,2026-06-01T08:13:30Z,user-del-1,del-100,44.834786,20.461614,in_transit
delivery_tracking,2026-06-01T08:13:40Z,user-del-1,del-100,44.833906,20.4625,in_transit
delivery_tracking,2026-06-01T08:13:50Z,user-del-1,del-100,44.833068,20.462682,in_transit
delivery_tracking,2026-06-01T08:14:00Z,user-del-1,del-100,44.832665,20.461644,in_transit
delivery_tracking,2026-06-01T08:14:10Z,user-del-1,del-100,44.832529,20.461752,in_transit
delivery_tracking,2026-06-01T08:14:20Z,user-del-1,del-100,44.832585,20.461538,in_transit
delivery_tracking,2026-06-01T08:14:30Z,user-del-1,del-100,44.832858,20.460696,in_transit
delivery_tracking,2026-06-01T08:14:40Z,user-del-1,del-100,44.832849,20.459739,in_transit
delivery_tracking,2026-06-01T08:14:50Z,user-del-1,del-100,44.83318,20.460374,in_transit
delivery_tracking,2026-06-01T08:15:00Z,user-del-1,del-100,44.834246,20.460822,in_transit
delivery_tracking,2026-06-01T08:15:10Z,user-del-1,del-100,44.83357,20.461457,in_transit
delivery_tracking,2026-06-01T08:15:20Z,user-del-1,del-100,44.833395,20.460327,in_transit
delivery_tracking,2026-06-01T08:15:30Z,user-del-1,del-100,44.833662,20.461193,in_transit
delivery_tracking,2026-06-01T08:15:40Z,user-del-1,del-100,44.833838,20.460748,in_transit
delivery_tracking,2026-06-01T08:15:50Z,user-del-1,del-100,44.835025,20.46147,in_transit
delivery_tracking,2026-06-01T08:16:00Z,user-del-1,del-100,44.835596,20.461042,in_transit
delivery_tracking,2026-06-01T08:16:10Z,user-del-1,del-100,44.83671,20.460095,in_transit
delivery_tracking,2026-06-01T08:16:20Z,user-del-1,del-100,44.836006,20.460418,in_transit
delivery_tracking,2026-06-01T08:16:30Z,user-del-1,del-100,44.835917,20.460916,in_transit
delivery_tracking,2026-06-01T08:16:40Z,user-del-1,del-100,44.835386,20.460543,in_transit
delivery_tracking,2026-06-01T08:16:50Z,user-del-1,del-100,44.835408,20.460422,in_transit
delivery_tracking,2026-06-01T08:17:00Z,user-del-1,del-100,44.835858,20.459626,in_transit
delivery_tracking,2026-06-01T08:17:10Z,user-del-1,del-100,44.836195,20.458604,in_transit
delivery_tracking,2026-06-01T08:17:20Z,user-del-1,del-100,44.83541,20.459709,in_transit
delivery_tracking,2026-06-01T08:17:30Z,user-del-1,del-100,44.835341,20.459123,in_transit
delivery_tracking,2026-06-01T08:17:40Z,user-del-1,del-100,44.835394,20.458884,in_transit
delivery_tracking,2026-06-01T08:17:50Z,user-del-1,del-100,44.835104,20.45931,in_transit
delivery_tracking,2026-06-01T08:18:00Z,user-del-1,del-100,44.834879,20.459886,in_transit
delivery_tracking,2026-06-01T08:18:10Z,user-del-1,del-100,44.8357,20.460333,in_transit
delivery_tracking,2026-06-01T08:18:20Z,user-del-1,del-100,44.835352,20.460851,in_transit
delivery_tracking,2026-06-01T08:18:30Z,user-del-1,del-100,44.835608,20.460994,in_transit
delivery_tracking,2026-06-01T08:18:40Z,user-del-1,del-100,44.835657,20.459864,in_transit
delivery_tracking,2026-06-01T08:18:50Z,user-del-1,del-100,44.834798,20.460539,in_transit
delivery_tracking,2026-06-01T08:19:00Z,user-del-1,del-100,44.834744,20.460554,completed
delivery_tracking,2026-06-01T08:19:10Z,user-del-1,del-100,44.834709,20.460499,completed
delivery_tracking,2026-06-01T08:19:20Z,user-del-1,del-100,44.834648,20.460433,completed
delivery_tracking,2026-06-01T08:19:30Z,user-del-1,del-100,44.834741,20.460364,completed
delivery_tracking,2026-06-01T08:19:40Z,user-del-1,del-100,44.834789,20.460411,completed
delivery_tracking,2026-06-01T08:19:50Z,user-del-1,del-100,44.834738,20.460447,completed
delivery_tracking,2026-06-01T08:37:00Z,user-del-1,del-101,44.839356,20.461926,accepted
delivery_tracking,2026-06-01T08:37:10Z,user-del-1,del-101,44.840436,20.460831,accepted
delivery_tracking,2026-06-01T08:37:20Z,user-del-1,del-101,44.841229,20.461517,accepted
delivery_tracking,2026-06-01T08:37:30Z,user-del-1,del-101,44.842111,20.461066,accepted
delivery_tracking,2026-06-01T08:37:40Z,user-del-1,del-101,44.841697,20.460886,accepted
delivery_tracking,2026-06-01T08:37:50Z,user-del-1,del-101,44.842633,20.460118,accepted
delivery_tracking,2026-06-01T08:38:00Z,user-del-1,del-101,44.842887,20.46038,accepted
delivery_tracking,2026-06-01T08:38:10Z,user-del-1,del-101,44.843716,20.459872,accepted
delivery_tracking,2026-06-01T08:38:20Z,user-del-1,del-101,44.844825,20.459156,accepted
delivery_tracking,2026-06-01T08:38:30Z,user-del-1,del-101,44.843757,20.459492,accepted
delivery_tracking,2026-06-01T08:38:40Z,user-del-1,del-101,44.844688,20.458773,accepted
delivery_tracking,2026-06-01T08:38:50Z,user-del-1,del-101,44.845201,20.457941,accepted
delivery_tracking,2026-06-01T08:39:00Z,user-del-1,del-101,44.845786,20.45699,accepted
delivery_tracking,2026-06-01T08:39:10Z,user-del-1,del-101,44.845056,20.457758,accepted
delivery_tracking,2026-06-01T08:39:20Z,user-del-1,del-101,44.844032,20.458737,accepted
delivery_tracking,2026-06-01T08:39:30Z,user-del-1,del-101,44.844868,20.458348,accepted
delivery_tracking,2026-06-01T08:39:40Z,user-del-1,del-101,44.843904,20.459338,accepted
delivery_tracking,2026-06-01T08:39:50Z,user-del-1,del-101,44.84282,20.458856,accepted
delivery_tracking,2026-06-01T08:40:00Z,user-del-1,del-101,44.841929,20.457895,accepted
delivery_tracking,2026-06-01T08:40:10Z,user-del-1,del-101,44.841559,20.457345,accepted
delivery_tracking,2026-06-01T08:40:20Z,user-del-1,del-101,44.842245,20.456393,accepted
delivery_tracking,2026-06-01T08:40:30Z,user-del-1,del-101,44.841248,20.45755,accepted
delivery_tracking,2026-06-01T08:40:40Z,user-del-1,del-101,44.841542,20.456585,accepted
delivery_tracking,2026-06-01T08:40:50Z,user-del-1,del-101,44.841753,20.456702,accepted
delivery_tracking,2026-06-01T08:41:00Z,user-del-1,del-101,44.841359,20.455735,accepted
delivery_tracking,2026-06-01T08:41:10Z,user-del-1,del-101,44.84055,20.455452,accepted
delivery_tracking,2026-06-01T08:41:20Z,user-del-1,del-101,44.8403,20.455999,accepted
delivery_tracking,2026-06-01T08:41:30Z,user-del-1,del-101,44.839171,20.455368,accepted
delivery_tracking,2026-06-01T08:41:40Z,user-del-1,del-101,44.840213,20.45503,accepted
delivery_tracking,2026-06-01T08:41:50Z,user-del-1,del-101,44.840436,20.454534,accepted
delivery_tracking,2026-06-01T08:42:00Z,user-del-1,del-101,44.840139,20.453697,accepted
delivery_tracking,2026-06-01T08:42:10Z,user-del-1,del-101,44.839485,20.454643,accepted
delivery_tracking,2026-06-01T08:42:20Z,user-del-1,del-101,44.839283,20.453883,accepted
delivery_tracking,2026-06-01T08:42:30Z,user-del-1,del-101,44.839295,20.453176,accepted
delivery_tracking,2026-06-01T08:42:40Z,user-del-1,del-101,44.838509,20.453662,accepted
delivery_tracking,2026-06-01T08:42:50Z,user-del-1,del-101,44.838551,20.453599,accepted
delivery_tracking,2026-06-01T08:43:00Z,user-del-1,del-101,44.838241,20.453116,in_transit
delivery_tracking,2026-06-01T08:43:10Z,user-del-1,del-101,44.839189,20.452849,in_transit
delivery_tracking,2026-06-01T08:43:20Z,user-del-1,del-101,44.838832,20.452849,in_transit
delivery_tracking,2026-06-01T08:43:30Z,user-del-1,del-101,44.839422,20.452697,in_transit
delivery_tracking,2026-06-01T08:43:40Z,user-del-1,del-101,44.840306,20.452227,in_transit
delivery_tracking,2026-06-01T08:43:50Z,user-del-1,del-101,44.840054,20.451591,in_transit
delivery_tracking,2026-06-01T08:44:00Z,user-del-1,del-101,44.840028,20.450584,in_transit
delivery_tracking,2026-06-01T08:44:10Z,user-del-1,del-101,44.839974,20.449738,in_transit
delivery_tracking,2026-06-01T08:44:20Z,user-del-1,del-101,44.84087,20.449231,in_transit
delivery_tracking,2026-06-01T08:44:30Z,user-del-1,del-101,44.841288,20.449451,in_transit
delivery_tracking,2026-06-01T08:44:40Z,user-del-1,del-101,44.840135,20.450543,in_transit
delivery_tracking,2026-06-01T08:44:50Z,user-del-1,del-101,44.838973,20.451207,in_transit
delivery_tracking,2026-06-01T08:45:00Z,user-del-1,del-101,44.839739,20.452298,in_transit
delivery_tracking,2026-06-01T08:45:10Z,user-del-1,del-101,44.840429,20.452682,in_transit
delivery_tracking,2026-06-01T08:45:20Z,user-del-1,del-101,44.84016,20.452762,in_transit
delivery_tracking,2026-06-01T08:45:30Z,user-del-1,del-101,44.840269,20.452449,in_transit
delivery_tracking,2026-06-01T08:45:40Z,user-del-1,del-101,44.839174,20.451876,in_transit
delivery_tracking,2026-06-01T08:45:50Z,user-del-1,del-101,44.83952,20.453024,in_transit
delivery_tracking,2026-06-01T08:46:00Z,user-del-1,del-101,44.84065,20.45328,in_transit
delivery_tracking,2026-06-01T08:46:10Z,user-del-1,del-101,44.840099,20.452924,in_transit
delivery_tracking,2026-06-01T08:46:20Z,user-del-1,del-101,44.840778,20.452655,in_transit
delivery_tracking,2026-06-01T08:46:30Z,user-del-1,del-101,44.840915,20.453066,in_transit
delivery_tracking,2026-06-01T08:46:40Z,user-del-1,del-101,44.841427,20.452628,in_transit
delivery_tracking,2026-06-01T08:46:50Z,user-del-1,del-101,44.841696,20.451564,in_transit
delivery_tracking,2026-06-01T08:47:00Z,user-del-1,del-101,44.842094,20.451498,in_transit
delivery_tracking,2026-06-01T08:47:10Z,user-del-1,del-101,44.842436,20.451274,in_transit
delivery_tracking,2026-06-01T08:47:20Z,user-del-1,del-101,44.842264,20.450591,in_transit
delivery_tracking,2026-06-01T08:47:30Z,user-del-1,del-101,44.842538,20.450381,in_transit
delivery_tracking,2026-06-01T08:47:40Z,user-del-1,del-101,44.843131,20.451001,in_transit
delivery_tracking,2026-06-01T08:47:50Z,user-del-1,del-101,44.8428,20.451922,in_transit
delivery_tracking,2026-06-01T08:48:00Z,user-del-1,del-101,44.843903,20.452162,in_transit
delivery_tracking,2026-06-01T08:48:10Z,user-del-1,del-101,44.84379,20.452223,in_transit
delivery_tracking,2026-06-01T08:48:20Z,user-del-1,del-101,44.844109,20.451972,in_transit
delivery_tracking,2026-06-01T08:48:30Z,user-del-1,del-101,44.843851,20.451704,in_transit
delivery_tracking,2026-06-01T08:48:40Z,user-del-1,del-101,44.844709,20.451626,in_transit
delivery_tracking,2026-06-01T08:48:50Z,user-del-1,del-101,44.844367,20.451681,in_transit
delivery_tracking,2026-06-01T08:49:00Z,user-del-1,del-101,44.845028,20.451751,in_transit
delivery_tracking,2026-06-01T08:49:10Z,user-del-1,del-101,44.844278,20.452646,in_transit
delivery_tracking,2026-06-01T08:49:20Z,user-del-1,del-101,44.844703,20.453229,in_transit
delivery_tracking,2026-06-01T08:49:30Z,user-del-1,del-101,44.844691,20.453509,in_transit
delivery_tracking,2026-06-01T08:49:40Z,user-del-1,del-101,44.845454,20.454262,in_transit
delivery_tracking,2026-06-01T08:49:50Z,user-del-1,del-101,44.845774,20.454528,in_transit
delivery_tracking,2026-06-01T08:50:00Z,user-del-1,del-101,44.846082,20.454715,in_transit
delivery_tracking,2026-06-01T08:50:10Z,user-del-1,del-101,44.847022,20.455775,in_transit
delivery_tracking,2026-06-01T08:50:20Z,user-del-1,del-101,44.846312,20.455474,in_transit
delivery_tracking,2026-06-01T08:50:30Z,user-del-1,del-101,44.846391,20.455189,in_transit
delivery_tracking,2026-06-01T08:50:40Z,user-del-1,del-101,44.845588,20.454005,in_transit
delivery_tracking,2026-06-01T08:50:50Z,user-del-1,del-101,44.845432,20.453509,in_transit
delivery_tracking,2026-06-01T08:51:00Z,user-del-1,del-101,44.845727,20.45354,in_transit
delivery_tracking,2026-06-01T08:51:10Z,user-del-1,del-101,44.846592,20.45307,in_transit
delivery_tracking,2026-06-01T08:51:20Z,user-del-1,del-101,44.846311,20.453634,in_transit
delivery_tracking,2026-06-01T08:51:30Z,user-del-1,del-101,44.846544,20.454066,in_transit
delivery_tracking,2026-06-01T08:51:40Z,user-del-1,del-101,44.847087,20.455125,in_transit
delivery_tracking,2026-06-01T08:51:50Z,user-del-1,del-101,44.846155,20.455276,in_transit
delivery_tracking,2026-06-01T08:52:00Z,user-del-1,del-101,44.846271,20.455933,in_transit
delivery_tracking,2026-06-01T08:52:10Z,user-del-1,del-101,44.847422,20.456284,in_transit
delivery_tracking,2026-06-01T08:52:20Z,user-del-1,del-101,44.846343,20.456666,in_transit
delivery_tracking,2026-06-01T08:52:30Z,user-del-1,del-101,44.846576,20.457605,in_transit
delivery_tracking,2026-06-01T08:52:40Z,user-del-1,del-101,44.84753,20.45877,in_transit
delivery_tracking,2026-06-01T08:52:50Z,user-del-1,del-101,44.847352,20.4598,in_transit
delivery_tracking,2026-06-01T08:53:00Z,user-del-1,del-101,44.848151,20.46077,in_transit
delivery_tracking,2026-06-01T08:53:10Z,user-del-1,del-101,44.848991,20.46157,in_transit
delivery_tracking,2026-06-01T08:53:20Z,user-del-1,del-101,44.848948,20.462624,in_transit
delivery_tracking,2026-06-01T08:53:30Z,user-del-1,del-101,44.848623,20.463501,in_transit
delivery_tracking,2026-06-01T08:53:40Z,user-del-1,del-101,44.848839,20.462672,in_transit
delivery_tracking,2026-06-01T08:53:50Z,user-del-1,del-101,44.848607,20.463822,in_transit
delivery_tracking,2026-06-01T08:54:00Z,user-del-1,del-101,44.849181,20.463947,in_transit
delivery_tracking,2026-06-01T08:54:10Z,user-del-1,del-101,44.848967,20.464958,in_transit
delivery_tracking,2026-06-01T08:54:20Z,user-del-1,del-101,44.849181,20.4643,in_transit
delivery_tracking,2026-06-01T08:54:30Z,user-del-1,del-101,44.849377,20.463344,in_transit
delivery_tracking,2026-06-01T08:54:40Z,user-del-1,del-101,44.848839,20.464322,in_transit
delivery_tracking,2026-06-01T08:54:50Z,user-del-1,del-101,44.848175,20.463672,in_transit
delivery_tracking,2026-06-01T08:55:00Z,user-del-1,del-101,44.847185,20.462532,in_transit
delivery_tracking,2026-06-01T08:55:10Z,user-del-1,del-101,44.848357,20.463537,in_transit
delivery_tracking,2026-06-01T08:55:20Z,user-del-1,del-101,44.847992,20.464691,in_transit
delivery_tracking,2026-06-01T08:55:30Z,user-del-1,del-101,44.847796,20.463861,in_transit
delivery_tracking,2026-06-01T08:55:40Z,user-del-1,del-101,44.848828,20.463817,in_transit
delivery_tracking,2026-06-01T08:55:50Z,user-del-1,del-101,44.848206,20.463197,in_transit
delivery_tracking,2026-06-01T08:56:00Z,user-del-1,del-101,44.848676,20.463154,in_transit
delivery_tracking,2026-06-01T08:56:10Z,user-del-1,del-101,44.848253,20.462746,in_transit
delivery_tracking,2026-06-01T08:56:20Z,user-del-1,del-101,44.847725,20.463562,in_transit
delivery_tracking,2026-06-01T08:56:30Z,user-del-1,del-101,44.84795,20.464247,in_transit
delivery_tracking,2026-06-01T08:56:40Z,user-del-1,del-101,44.847889,20.464107,in_transit
delivery_tracking,2026-06-01T08:56:50Z,user-del-1,del-101,44.848391,20.464899,in_transit
delivery_tracking,2026-06-01T08:57:00Z,user-del-1,del-101,44.848846,20.463877,in_transit
delivery_tracking,2026-06-01T08:57:10Z,user-del-1,del-101,44.84848,20.463636,in_transit
delivery_tracking,2026-06-01T08:57:20Z,user-del-1,del-101,44.848891,20.464799,in_transit
delivery_tracking,2026-06-01T08:57:30Z,user-del-1,del-101,44.84973,20.465134,in_transit
delivery_tracking,2026-06-01T08:57:40Z,user-del-1,del-101,44.849467,20.465015,in_transit
delivery_tracking,2026-06-01T08:57:50Z,user-del-1,del-101,44.8497,20.465277,in_transit
delivery_tracking,2026-06-01T08:58:00Z,user-del-1,del-101,44.849308,20.465423,in_transit
delivery_tracking,2026-06-01T08:58:10Z,user-del-1,del-101,44.848226,20.46649,in_transit
delivery_tracking,2026-06-01T08:58:20Z,user-del-1,del-101,44.849187,20.466531,in_transit
delivery_tracking,2026-06-01T08:58:30Z,user-del-1,del-101,44.848351,20.467484,in_transit
delivery_tracking,2026-06-01T08:58:40Z,user-del-1,del-101,44.848346,20.467411,in_transit
delivery_tracking,2026-06-01T08:58:50Z,user-del-1,del-101,44.849096,20.46635,in_transit
delivery_tracking,2026-06-01T08:59:00Z,user-del-1,del-101,44.849998,20.466644,in_transit
delivery_tracking,2026-06-01T08:59:10Z,user-del-1,del-101,44.850692,20.466557,in_transit
delivery_tracking,2026-06-01T08:59:20Z,user-del-1,del-101,44.849829,20.466007,in_transit
delivery_tracking,2026-06-01T08:59:30Z,user-del-1,del-101,44.850798,20.466464,in_transit
delivery_tracking,2026-06-01T08:59:40Z,user-del-1,del-101,44.850239,20.466284,in_transit
delivery_tracking,2026-06-01T08:59:50Z,user-del-1,del-101,44.849985,20.466318,in_transit
delivery_tracking,2026-06-01T09:00:00Z,user-del-1,del-101,44.851097,20.467257,in_transit
delivery_tracking,2026-06-01T09:00:10Z,user-del-1,del-101,44.852241,20.466962,in_transit
delivery_tracking,2026-06-01T09:00:20Z,user-del-1,del-101,44.85272,20.46679,in_transit
delivery_tracking,2026-06-01T09:00:30Z,user-del-1,del-101,44.85387,20.467322,in_transit
delivery_tracking,2026-06-01T09:00:40Z,user-del-1,del-101,44.852862,20.467298,in_transit
delivery_tracking,2026-06-01T09:00:50Z,user-del-1,del-101,44.853575,20.46652,in_transit
delivery_tracking,2026-06-01T09:01:00Z,user-del-1,del-101,44.854673,20.466162,in_transit
delivery_tracking,2026-06-01T09:01:10Z,user-del-1,del-101,44.855459,20.466853,in_transit
delivery_tracking,2026-06-01T09:01:20Z,user-del-1,del-101,44.855746,20.466634,in_transit
delivery_tracking,2026-06-01T09:01:30Z,user-del-1,del-101,44.856561,20.466242,in_transit
delivery_tracking,2026-06-01T09:01:40Z,user-del-1,del-101,44.857488,20.4667,in_transit
delivery_tracking,2026-06-01T09:01:50Z,user-del-1,del-101,44.857458,20.467538,in_transit
delivery_tracking,2026-06-01T09:02:00Z,user-del-1,del-101,44.857516,20.467618,completed
delivery_tracking,2026-06-01T09:02:10Z,user-del-1,del-101,44.857418,20.467594,completed
delivery_tracking,2026-06-01T09:02:20Z,user-del-1,del-101,44.85749,20.467503,completed
delivery_tracking,2026-06-01T09:02:30Z,user-del-1,del-101,44.857477,20.467587,completed
delivery_tracking,2026-06-01T09:02:40Z,user-del-1,del-101,44.857475,20.467665,completed
delivery_tracking,2026-06-01T09:02:50Z,user-del-1,del-101,44.857378,20.467665,completed
delivery_tracking,2026-06-01T09:03:00Z,user-del-1,del-101,44.857299,20.467574,completed
delivery_tracking,2026-06-01T09:03:10Z,user-del-1,del-101,44.857392,20.467526,completed
delivery_tracking,2026-06-01T09:03:20Z,user-del-1,del-101,44.85748,20.467455,completed
delivery_tracking,2026-06-01T09:03:30Z,user-del-1,del-101,44.857554,20.467365,completed
delivery_tracking,2026-06-01T09:03:40Z,user-del-1,del-101,44.857494,20.467412,completed
delivery_tracking,2026-06-01T09:03:50Z,user-del-1,del-101,44.85741,20.467415,completed
delivery_tracking,2026-06-01T09:22:00Z,user-del-1,del-102,44.856888,20.46501,accepted
delivery_tracking,2026-06-01T09:22:10Z,user-del-1,del-102,44.857495,20.465691,accepted
delivery_tracking,2026-06-01T09:22:20Z,user-del-1,del-102,44.857795,20.464745,accepted
delivery_tracking,2026-06-01T09:22:30Z,user-del-1,del-102,44.85867,20.464178,accepted
delivery_tracking,2026-06-01T09:22:40Z,user-del-1,del-102,44.859442,20.46299,accepted
delivery_tracking,2026-06-01T09:22:50Z,user-del-1,del-102,44.858386,20.462589,accepted
delivery_tracking,2026-06-01T09:23:00Z,user-del-1,del-102,44.85729,20.463344,accepted
delivery_tracking,2026-06-01T09:23:10Z,user-del-1,del-102,44.856108,20.462588,accepted
delivery_tracking,2026-06-01T09:23:20Z,user-del-1,del-102,44.856597,20.462361,accepted
delivery_tracking,2026-06-01T09:23:30Z,user-del-1,del-102,44.857229,20.462357,accepted
delivery_tracking,2026-06-01T09:23:40Z,user-del-1,del-102,44.856498,20.463341,accepted
delivery_tracking,2026-06-01T09:23:50Z,user-del-1,del-102,44.857208,20.462592,accepted
delivery_tracking,2026-06-01T09:24:00Z,user-del-1,del-102,44.85724,20.462806,accepted
delivery_tracking,2026-06-01T09:24:10Z,user-del-1,del-102,44.856828,20.462971,accepted
delivery_tracking,2026-06-01T09:24:20Z,user-del-1,del-102,44.857979,20.46414,accepted
delivery_tracking,2026-06-01T09:24:30Z,user-del-1,del-102,44.858396,20.46299,accepted
delivery_tracking,2026-06-01T09:24:40Z,user-del-1,del-102,44.859339,20.463478,accepted
delivery_tracking,2026-06-01T09:24:50Z,user-del-1,del-102,44.860348,20.464102,accepted
delivery_tracking,2026-06-01T09:25:00Z,user-del-1,del-102,44.861173,20.465298,accepted
delivery_tracking,2026-06-01T09:25:10Z,user-del-1,del-102,44.861395,20.4656,accepted
delivery_tracking,2026-06-01T09:25:20Z,user-del-1,del-102,44.861638,20.466744,accepted
delivery_tracking,2026-06-01T09:25:30Z,user-del-1,del-102,44.8623,20.466527,accepted
delivery_tracking,2026-06-01T09:25:40Z,user-del-1,del-102,44.861919,20.467544,accepted
delivery_tracking,2026-06-01T09:25:50Z,user-del-1,del-102,44.862031,20.466689,accepted
delivery_tracking,2026-06-01T09:26:00Z,user-del-1,del-102,44.862849,20.466576,accepted
delivery_tracking,2026-06-01T09:26:10Z,user-del-1,del-102,44.862336,20.466243,accepted
delivery_tracking,2026-06-01T09:26:20Z,user-del-1,del-102,44.86231,20.465495,accepted
delivery_tracking,2026-06-01T09:26:30Z,user-del-1,del-102,44.863341,20.464474,accepted
delivery_tracking,2026-06-01T09:26:40Z,user-del-1,del-102,44.863606,20.463327,accepted
delivery_tracking,2026-06-01T09:26:50Z,user-del-1,del-102,44.862561,20.462982,accepted
delivery_tracking,2026-06-01T09:27:00Z,user-del-1,del-102,44.86272,20.462773,accepted
delivery_tracking,2026-06-01T09:27:10Z,user-del-1,del-102,44.862871,20.463494,accepted
delivery_tracking,2026-06-01T09:27:20Z,user-del-1,del-102,44.864022,20.463962,accepted
delivery_tracking,2026-06-01T09:27:30Z,user-del-1,del-102,44.863876,20.463719,accepted
delivery_tracking,2026-06-01T09:27:40Z,user-del-1,del-102,44.863501,20.463709,accepted
delivery_tracking,2026-06-01T09:27:50Z,user-del-1,del-102,44.863616,20.4629,accepted
delivery_tracking,2026-06-01T09:28:00Z,user-del-1,del-102,44.86426,20.462378,in_transit
delivery_tracking,2026-06-01T09:28:10Z,user-del-1,del-102,44.863412,20.463073,in_transit
delivery_tracking,2026-06-01T09:28:20Z,user-del-1,del-102,44.86224,20.463333,in_transit
delivery_tracking,2026-06-01T09:28:30Z,user-del-1,del-102,44.862853,20.463528,in_transit
delivery_tracking,2026-06-01T09:28:40Z,user-del-1,del-102,44.862839,20.464639,in_transit
delivery_tracking,2026-06-01T09:28:50Z,user-del-1,del-102,44.86351,20.463662,in_transit
delivery_tracking,2026-06-01T09:29:00Z,user-del-1,del-102,44.86299,20.462578,in_transit
delivery_tracking,2026-06-01T09:29:10Z,user-del-1,del-102,44.863583,20.463189,in_transit
delivery_tracking,2026-06-01T09:29:20Z,user-del-1,del-102,44.8641,20.463238,in_transit
delivery_tracking,2026-06-01T09:29:30Z,user-del-1,del-102,44.864055,20.463063,in_transit
delivery_tracking,2026-06-01T09:29:40Z,user-del-1,del-102,44.864427,20.462419,in_transit
delivery_tracking,2026-06-01T09:29:50Z,user-del-1,del-102,44.863387,20.461573,in_transit
delivery_tracking,2026-06-01T09:30:00Z,user-del-1,del-102,44.863421,20.460755,in_transit
delivery_tracking,2026-06-01T09:30:10Z,user-del-1,del-102,44.862264,20.460229,in_transit
delivery_tracking,2026-06-01T09:30:20Z,user-del-1,del-102,44.861149,20.459965,in_transit
delivery_tracking,2026-06-01T09:30:30Z,user-del-1,del-102,44.861775,20.459274,in_transit
delivery_tracking,2026-06-01T09:30:40Z,user-del-1,del-102,44.860924,20.458569,in_transit
delivery_tracking,2026-06-01T09:30:50Z,user-del-1,del-102,44.861236,20.458739,in_transit
delivery_tracking,2026-06-01T09:31:00Z,user-del-1,del-102,44.862367,20.457865,in_transit
delivery_tracking,2026-06-01T09:31:10Z,user-del-1,del-102,44.863353,20.457765,in_transit
delivery_tracking,2026-06-01T09:31:20Z,user-del-1,del-102,44.863042,20.457839,in_transit
delivery_tracking,2026-06-01T09:31:30Z,user-del-1,del-102,44.862515,20.458089,in_transit
delivery_tracking,2026-06-01T09:31:40Z,user-del-1,del-102,44.861656,20.457291,in_transit
delivery_tracking,2026-06-01T09:31:50Z,user-del-1,del-102,44.861617,20.457779,in_transit
delivery_tracking,2026-06-01T09:32:00Z,user-del-1,del-102,44.861034,20.458825,in_transit
delivery_tracking,2026-06-01T09:32:10Z,user-del-1,del-102,44.86039,20.459165,in_transit
delivery_tracking,2026-06-01T09:32:20Z,user-del-1,del-102,44.860476,20.459679,in_transit
delivery_tracking,2026-06-01T09:32:30Z,user-del-1,del-102,44.859977,20.460032,in_transit
delivery_tracking,2026-06-01T09:32:40Z,user-del-1,del-102,44.859548,20.460245,in_transit
delivery_tracking,2026-06-01T09:32:50Z,user-del-1,del-102,44.85905,20.460115,in_transit
delivery_tracking,2026-06-01T09:33:00Z,user-del-1,del-102,44.859452,20.460629,in_transit
delivery_tracking,2026-06-01T09:33:10Z,user-del-1,del-102,44.860431,20.460167,in_transit
delivery_tracking,2026-06-01T09:33:20Z,user-del-1,del-102,44.860005,20.460331,in_transit
delivery_tracking,2026-06-01T09:33:30Z,user-del-1,del-102,44.860317,20.460632,in_transit
delivery_tracking,2026-06-01T09:33:40Z,user-del-1,del-102,44.860588,20.460667,in_transit
delivery_tracking,2026-06-01T09:33:50Z,user-del-1,del-102,44.859968,20.460374,in_transit
delivery_tracking,2026-06-01T09:34:00Z,user-del-1,del-102,44.85934,20.459931,in_transit
delivery_tracking,2026-06-01T09:34:10Z,user-del-1,del-102,44.860299,20.459778,in_transit
delivery_tracking,2026-06-01T09:34:20Z,user-del-1,del-102,44.861129,20.459596,in_transit
delivery_tracking,2026-06-01T09:34:30Z,user-del-1,del-102,44.861527,20.458801,in_transit
delivery_tracking,2026-06-01T09:34:40Z,user-del-1,del-102,44.862572,20.45868,in_transit
delivery_tracking,2026-06-01T09:34:50Z,user-del-1,del-102,44.861897,20.458841,in_transit
delivery_tracking,2026-06-01T09:35:00Z,user-del-1,del-102,44.862499,20.458054,in_transit
delivery_tracking,2026-06-01T09:35:10Z,user-del-1,del-102,44.862355,20.458584,in_transit
delivery_tracking,2026-06-01T09:35:20Z,user-del-1,del-102,44.86227,20.459624,in_transit
delivery_tracking,2026-06-01T09:35:30Z,user-del-1,del-102,44.861215,20.459077,in_transit
delivery_tracking,2026-06-01T09:35:40Z,user-del-1,del-102,44.860244,20.459928,in_transit
delivery_tracking,2026-06-01T09:35:50Z,user-del-1,del-102,44.859167,20.46002,in_transit
delivery_tracking,2026-06-01T09:36:00Z,user-del-1,del-102,44.859961,20.460099,in_transit
delivery_tracking,2026-06-01T09:36:10Z,user-del-1,del-102,44.860493,20.460386,in_transit
delivery_tracking,2026-06-01T09:36:20Z,user-del-1,del-102,44.859632,20.459991,in_transit
delivery_tracking,2026-06-01T09:36:30Z,user-del-1,del-102,44.859073,20.458901,in_transit
delivery_tracking,2026-06-01T09:36:40Z,user-del-1,del-102,44.858253,20.458153,in_transit
delivery_tracking,2026-06-01T09:36:50Z,user-del-1,del-102,44.858671,20.457781,in_transit
delivery_tracking,2026-06-01T09:37:00Z,user-del-1,del-102,44.858586,20.457105,in_transit
delivery_tracking,2026-06-01T09:37:10Z,user-del-1,del-102,44.857743,20.457796,in_transit
delivery_tracking,2026-06-01T09:37:20Z,user-del-1,del-102,44.856554,20.457724,in_transit
delivery_tracking,2026-06-01T09:37:30Z,user-del-1,del-102,44.85648,20.456624,in_transit
delivery_tracking,2026-06-01T09:37:40Z,user-del-1,del-102,44.857108,20.455496,in_transit
delivery_tracking,2026-06-01T09:37:50Z,user-del-1,del-102,44.856573,20.454623,in_transit
delivery_tracking,2026-06-01T09:38:00Z,user-del-1,del-102,44.855729,20.453646,in_transit
delivery_tracking,2026-06-01T09:38:10Z,user-del-1,del-102,44.856366,20.454612,in_transit
delivery_tracking,2026-06-01T09:38:20Z,user-del-1,del-102,44.856398,20.454853,in_transit
delivery_tracking,2026-06-01T09:38:30Z,user-del-1,del-102,44.855452,20.453973,in_transit
delivery_tracking,2026-06-01T09:38:40Z,user-del-1,del-102,44.855178,20.45433,in_transit
delivery_tracking,2026-06-01T09:38:50Z,user-del-1,del-102,44.85602,20.454766,in_transit
delivery_tracking,2026-06-01T09:39:00Z,user-del-1,del-102,44.855911,20.454809,in_transit
delivery_tracking,2026-06-01T09:39:10Z,user-del-1,del-102,44.856587,20.455827,in_transit
delivery_tracking,2026-06-01T09:39:20Z,user-del-1,del-102,44.855801,20.455977,in_transit
delivery_tracking,2026-06-01T09:39:30Z,user-del-1,del-102,44.855953,20.455793,in_transit
delivery_tracking,2026-06-01T09:39:40Z,user-del-1,del-102,44.855422,20.456695,in_transit
delivery_tracking,2026-06-01T09:39:50Z,user-del-1,del-102,44.855034,20.45614,in_transit
delivery_tracking,2026-06-01T09:40:00Z,user-del-1,del-102,44.854553,20.455438,in_transit
delivery_tracking,2026-06-01T09:40:10Z,user-del-1,del-102,44.855005,20.454773,in_transit
delivery_tracking,2026-06-01T09:40:20Z,user-del-1,del-102,44.855479,20.454177,in_transit
delivery_tracking,2026-06-01T09:40:30Z,user-del-1,del-102,44.855592,20.454894,in_transit
delivery_tracking,2026-06-01T09:40:40Z,user-del-1,del-102,44.855136,20.455819,in_transit
delivery_tracking,2026-06-01T09:40:50Z,user-del-1,del-102,44.854673,20.456189,in_transit
delivery_tracking,2026-06-01T09:41:00Z,user-del-1,del-102,44.853906,20.456254,in_transit
delivery_tracking,2026-06-01T09:41:10Z,user-del-1,del-102,44.852884,20.455107,in_transit
delivery_tracking,2026-06-01T09:41:20Z,user-del-1,del-102,44.851834,20.454281,in_transit
delivery_tracking,2026-06-01T09:41:30Z,user-del-1,del-102,44.851783,20.454113,in_transit
delivery_tracking,2026-06-01T09:41:40Z,user-del-1,del-102,44.852709,20.453795,in_transit
delivery_tracking,2026-06-01T09:41:50Z,user-del-1,del-102,44.8523,20.454561,in_transit
delivery_tracking,2026-06-01T09:42:00Z,user-del-1,del-102,44.851486,20.454155,in_transit
delivery_tracking,2026-06-01T09:42:10Z,user-del-1,del-102,44.851357,20.455025,in_transit
delivery_tracking,2026-06-01T09:42:20Z,user-del-1,del-102,44.85225,20.453973,in_transit
delivery_tracking,2026-06-01T09:42:30Z,user-del-1,del-102,44.852578,20.454628,in_transit
delivery_tracking,2026-06-01T09:42:40Z,user-del-1,del-102,44.853473,20.454923,in_transit
delivery_tracking,2026-06-01T09:42:50Z,user-del-1,del-102,44.852681,20.455636,in_transit
delivery_tracking,2026-06-01T09:43:00Z,user-del-1,del-102,44.852698,20.455606,completed
delivery_tracking,2026-06-01T09:43:10Z,user-del-1,del-102,44.852668,20.455508,completed
delivery_tracking,2026-06-01T09:43:20Z,user-del-1,del-102,44.852646,20.455571,completed
delivery_tracking,2026-06-01T09:43:30Z,user-del-1,del-102,44.852661,20.455613,completed
delivery_tracking,2026-06-01T09:43:40Z,user-del-1,del-102,44.852753,20.455639,completed
delivery_tracking,2026-06-01T09:43:50Z,user-del-1,del-102,44.852808,20.4556,completed
delivery_tracking,2026-06-01T09:44:00Z,user-del-1,del-102,44.852755,20.455697,completed
delivery_tracking,2026-06-01T09:44:10Z,user-del-1,del-102,44.852855,20.455704,completed
delivery_tracking,2026-06-01T09:44:20Z,user-del-1,del-102,44.852871,20.455759,completed
delivery_tracking,2026-06-01T09:44:30Z,user-del-1,del-102,44.852964,20.455671,completed
delivery_tracking,2026-06-01T09:44:40Z,user-del-1,del-102,44.852892,20.45562,completed
delivery_tracking,2026-06-01T09:44:50Z,user-del-1,del-102,44.852866,20.455601,completed
delivery_tracking,2026-06-01T09:55:00Z,user-del-1,del-103,44.854837,20.453236,accepted
delivery_tracking,2026-06-01T09:55:10Z,user-del-1,del-103,44.855157,20.453656,accepted
delivery_tracking,2026-06-01T09:55:20Z,user-del-1,del-103,44.855071,20.45375,accepted
delivery_tracking,2026-06-01T09:55:30Z,user-del-1,del-103,44.856264,20.454054,accepted
delivery_tracking,2026-06-01T09:55:40Z,user-del-1,del-103,44.856976,20.454524,accepted
delivery_tracking,2026-06-01T09:55:50Z,user-del-1,del-103,44.85805,20.455654,accepted
delivery_tracking,2026-06-01T09:56:00Z,user-del-1,del-103,44.858245,20.45685,accepted
delivery_tracking,2026-06-01T09:56:10Z,user-del-1,del-103,44.859085,20.457041,accepted
delivery_tracking,2026-06-01T09:56:20Z,user-del-1,del-103,44.85857,20.458087,accepted
delivery_tracking,2026-06-01T09:56:30Z,user-del-1,del-103,44.859117,20.458691,accepted
delivery_tracking,2026-06-01T09:56:40Z,user-del-1,del-103,44.858811,20.459453,accepted
delivery_tracking,2026-06-01T09:56:50Z,user-del-1,del-103,44.858284,20.4595,accepted
delivery_tracking,2026-06-01T09:57:00Z,user-del-1,del-103,44.857439,20.460553,accepted
delivery_tracking,2026-06-01T09:57:10Z,user-del-1,del-103,44.856864,20.460992,accepted
delivery_tracking,2026-06-01T09:57:20Z,user-del-1,del-103,44.856707,20.460503,accepted
delivery_tracking,2026-06-01T09:57:30Z,user-del-1,del-103,44.855542,20.460542,accepted
delivery_tracking,2026-06-01T09:57:40Z,user-del-1,del-103,44.855561,20.461031,accepted
delivery_tracking,2026-06-01T09:57:50Z,user-del-1,del-103,44.855974,20.461773,accepted
delivery_tracking,2026-06-01T09:58:00Z,user-del-1,del-103,44.856197,20.461023,accepted
delivery_tracking,2026-06-01T09:58:10Z,user-del-1,del-103,44.856176,20.461324,accepted
delivery_tracking,2026-06-01T09:58:20Z,user-del-1,del-103,44.856285,20.461683,accepted
delivery_tracking,2026-06-01T09:58:30Z,user-del-1,del-103,44.856893,20.462072,accepted
delivery_tracking,2026-06-01T09:58:40Z,user-del-1,del-103,44.85623,20.461986,accepted
delivery_tracking,2026-06-01T09:58:50Z,user-del-1,del-103,44.855639,20.46167,accepted
delivery_tracking,2026-06-01T09:59:00Z,user-del-1,del-103,44.854973,20.461319,accepted
delivery_tracking,2026-06-01T09:59:10Z,user-del-1,del-103,44.855618,20.461857,accepted
delivery_tracking,2026-06-01T09:59:20Z,user-del-1,del-103,44.856551,20.462653,accepted
delivery_tracking,2026-06-01T09:59:30Z,user-del-1,del-103,44.857107,20.463751,accepted
delivery_tracking,2026-06-01T09:59:40Z,user-del-1,del-103,44.857956,20.462907,accepted
delivery_tracking,2026-06-01T09:59:50Z,user-del-1,del-103,44.858872,20.462587,accepted
delivery_tracking,2026-06-01T10:00:00Z,user-del-1,del-103,44.857881,20.461855,in_transit
delivery_tracking,2026-06-01T10:00:10Z,user-del-1,del-103,44.857556,20.461015,in_transit
delivery_tracking,2026-06-01T10:00:20Z,user-del-1,del-103,44.85661,20.460963,in_transit
delivery_tracking,2026-06-01T10:00:30Z,user-del-1,del-103,44.85737,20.461451,in_transit
delivery_tracking,2026-06-01T10:00:40Z,user-del-1,del-103,44.856363,20.462621,in_transit
delivery_tracking,2026-06-01T10:00:50Z,user-del-1,del-103,44.857091,20.463135,in_transit
delivery_tracking,2026-06-01T10:01:00Z,user-del-1,del-103,44.857387,20.46415,in_transit
delivery_tracking,2026-06-01T10:01:10Z,user-del-1,del-103,44.856239,20.464059,in_transit
delivery_tracking,2026-06-01T10:01:20Z,user-del-1,del-103,44.85505,20.462954,in_transit
delivery_tracking,2026-06-01T10:01:30Z,user-del-1,del-103,44.853881,20.463542,in_transit
delivery_tracking,2026-06-01T10:01:40Z,user-del-1,del-103,44.85385,20.462573,in_transit
delivery_tracking,2026-06-01T10:01:50Z,user-del-1,del-103,44.854868,20.462813,in_transit
delivery_tracking,2026-06-01T10:02:00Z,user-del-1,del-103,44.855322,20.4633,in_transit
delivery_tracking,2026-06-01T10:02:10Z,user-del-1,del-103,44.85561,20.462964,in_transit
delivery_tracking,2026-06-01T10:02:20Z,user-del-1,del-103,44.856595,20.462197,in_transit
delivery_tracking,2026-06-01T10:02:30Z,user-del-1,del-103,44.857529,20.462122,in_transit
delivery_tracking,2026-06-01T10:02:40Z,user-del-1,del-103,44.857513,20.461235,in_transit
delivery_tracking,2026-06-01T10:02:50Z,user-del-1,del-103,44.857016,20.460734,in_transit
delivery_tracking,2026-06-01T10:03:00Z,user-del-1,del-103,44.856147,20.459627,in_transit
delivery_tracking,2026-06-01T10:03:10Z,user-del-1,del-103,44.856701,20.459421,in_transit
delivery_tracking,2026-06-01T10:03:20Z,user-del-1,del-103,44.857097,20.459036,in_transit
delivery_tracking,2026-06-01T10:03:30Z,user-del-1,del-103,44.857901,20.458437,in_transit
delivery_tracking,2026-06-01T10:03:40Z,user-del-1,del-103,44.857629,20.458206,in_transit
delivery_tracking,2026-06-01T10:03:50Z,user-del-1,del-103,44.857959,20.45923,in_transit
delivery_tracking,2026-06-01T10:04:00Z,user-del-1,del-103,44.859074,20.460223,in_transit
delivery_tracking,2026-06-01T10:04:10Z,user-del-1,del-103,44.860207,20.460986,in_transit
delivery_tracking,2026-06-01T10:04:20Z,user-del-1,del-103,44.859546,20.461183,in_transit
delivery_tracking,2026-06-01T10:04:30Z,user-del-1,del-103,44.859702,20.461404,in_transit
delivery_tracking,2026-06-01T10:04:40Z,user-del-1,del-103,44.858592,20.461335,in_transit
delivery_tracking,2026-06-01T10:04:50Z,user-del-1,del-103,44.857905,20.462453,in_transit
delivery_tracking,2026-06-01T10:05:00Z,user-del-1,del-103,44.85841,20.462233,in_transit
delivery_tracking,2026-06-01T10:05:10Z,user-del-1,del-103,44.859107,20.461274,in_transit
delivery_tracking,2026-06-01T10:05:20Z,user-del-1,del-103,44.860057,20.46212,in_transit
delivery_tracking,2026-06-01T10:05:30Z,user-del-1,del-103,44.859029,20.462697,in_transit
delivery_tracking,2026-06-01T10:05:40Z,user-del-1,del-103,44.85957,20.462857,in_transit
delivery_tracking,2026-06-01T10:05:50Z,user-del-1,del-103,44.859716,20.46333,in_transit
delivery_tracking,2026-06-01T10:06:00Z,user-del-1,del-103,44.860332,20.464079,in_transit
delivery_tracking,2026-06-01T10:06:10Z,user-del-1,del-103,44.859915,20.464387,in_transit
delivery_tracking,2026-06-01T10:06:20Z,user-del-1,del-103,44.858903,20.465389,in_transit
delivery_tracking,2026-06-01T10:06:30Z,user-del-1,del-103,44.859028,20.466383,in_transit
delivery_tracking,2026-06-01T10:06:40Z,user-del-1,del-103,44.860156,20.466887,in_transit
delivery_tracking,2026-06-01T10:06:50Z,user-del-1,del-103,44.859149,20.465724,in_transit
delivery_tracking,2026-06-01T10:07:00Z,user-del-1,del-103,44.858455,20.465061,in_transit
delivery_tracking,2026-06-01T10:07:10Z,user-del-1,del-103,44.857974,20.465344,in_transit
delivery_tracking,2026-06-01T10:07:20Z,user-del-1,del-103,44.858411,20.466399,in_transit
delivery_tracking,2026-06-01T10:07:30Z,user-del-1,del-103,44.857894,20.467278,in_transit
delivery_tracking,2026-06-01T10:07:40Z,user-del-1,del-103,44.858127,20.467314,in_transit
delivery_tracking,2026-06-01T10:07:50Z,user-del-1,del-103,44.858668,20.467023,in_transit
delivery_tracking,2026-06-01T10:08:00Z,user-del-1,del-103,44.858569,20.466933,in_transit
delivery_tracking,2026-06-01T10:08:10Z,user-del-1,del-103,44.858076,20.467126,in_transit
delivery_tracking,2026-06-01T10:08:20Z,user-del-1,del-103,44.859052,20.466216,in_transit
delivery_tracking,2026-06-01T10:08:30Z,user-del-1,del-103,44.858728,20.466317,in_transit
delivery_tracking,2026-06-01T10:08:40Z,user-del-1,del-103,44.859472,20.466077,in_transit
delivery_tracking,2026-06-01T10:08:50Z,user-del-1,del-103,44.86048,20.465477,in_transit
delivery_tracking,2026-06-01T10:09:00Z,user-del-1,del-103,44.861064,20.465249,in_transit
delivery_tracking,2026-06-01T10:09:10Z,user-del-1,del-103,44.861825,20.465019,in_transit
delivery_tracking,2026-06-01T10:09:20Z,user-del-1,del-103,44.862966,20.464462,in_transit
delivery_tracking,2026-06-01T10:09:30Z,user-del-1,del-103,44.862054,20.464273,in_transit
delivery_tracking,2026-06-01T10:09:40Z,user-del-1,del-103,44.862061,20.463193,in_transit
delivery_tracking,2026-06-01T10:09:50Z,user-del-1,del-103,44.860946,20.462432,in_transit
delivery_tracking,2026-06-01T10:10:00Z,user-del-1,del-103,44.860041,20.463148,in_transit
delivery_tracking,2026-06-01T10:10:10Z,user-del-1,del-103,44.860331,20.461949,in_transit
delivery_tracking,2026-06-01T10:10:20Z,user-del-1,del-103,44.861015,20.462566,in_transit
delivery_tracking,2026-06-01T10:10:30Z,user-del-1,del-103,44.860101,20.46376,in_transit
delivery_tracking,2026-06-01T10:10:40Z,user-del-1,del-103,44.859224,20.464683,in_transit
delivery_tracking,2026-06-01T10:10:50Z,user-del-1,del-103,44.858065,20.463902,in_transit
delivery_tracking,2026-06-01T10:11:00Z,user-del-1,del-103,44.856887,20.464074,in_transit
delivery_tracking,2026-06-01T10:11:10Z,user-del-1,del-103,44.855805,20.464438,in_transit
delivery_tracking,2026-06-01T10:11:20Z,user-del-1,del-103,44.855475,20.465068,in_transit
delivery_tracking,2026-06-01T10:11:30Z,user-del-1,del-103,44.855736,20.465969,in_transit
delivery_tracking,2026-06-01T10:11:40Z,user-del-1,del-103,44.855072,20.467149,in_transit
delivery_tracking,2026-06-01T10:11:50Z,user-del-1,del-103,44.855839,20.466988,in_transit
delivery_tracking,2026-06-01T10:12:00Z,user-del-1,del-103,44.855887,20.466988,completed
delivery_tracking,2026-06-01T10:12:10Z,user-del-1,del-103,44.855974,20.466914,completed
delivery_tracking,2026-06-01T10:12:20Z,user-del-1,del-103,44.855999,20.466867,completed
delivery_tracking,2026-06-01T10:12:30Z,user-del-1,del-103,44.855965,20.466803,completed
delivery_tracking,2026-06-01T10:12:40Z,user-del-1,del-103,44.855923,20.466729,completed
delivery_tracking,2026-06-01T10:12:50Z,user-del-1,del-103,44.85593,20.466769,completed
delivery_tracking,2026-06-01T10:13:00Z,user-del-1,del-103,44.855891,20.466721,completed
delivery_tracking,2026-06-01T10:13:10Z,user-del-1,del-103,44.855953,20.466642,completed
delivery_tracking,2026-06-01T10:13:20Z,user-del-1,del-103,44.855878,20.466684,completed
delivery_tracking,2026-06-01T10:13:30Z,user-del-1,del-103,44.855928,20.466759,completed
delivery_tracking,2026-06-01T10:13:40Z,user-del-1,del-103,44.85589,20.466734,completed
delivery_tracking,2026-06-01T10:13:50Z,user-del-1,del-103,44.855936,20.4667,completed
delivery_tracking,2026-06-01T10:25:00Z,user-del-1,del-104,44.85467,20.462498,accepted
delivery_tracking,2026-06-01T10:25:10Z,user-del-1,del-104,44.854843,20.463603,accepted
delivery_tracking,2026-06-01T10:25:20Z,user-del-1,del-104,44.854312,20.463116,accepted
delivery_tracking,2026-06-01T10:25:30Z,user-del-1,del-104,44.855285,20.462919,accepted
delivery_tracking,2026-06-01T10:25:40Z,user-del-1,del-104,44.85495,20.463982,accepted
delivery_tracking,2026-06-01T10:25:50Z,user-del-1,del-104,44.855635,20.463236,accepted
delivery_tracking,2026-06-01T10:26:00Z,user-del-1,del-104,44.855054,20.463994,accepted
delivery_tracking,2026-06-01T10:26:10Z,user-del-1,del-104,44.855112,20.464092,accepted
delivery_tracking,2026-06-01T10:26:20Z,user-del-1,del-104,44.854002,20.465132,accepted
delivery_tracking,2026-06-01T10:26:30Z,user-del-1,del-104,44.854651,20.465616,accepted
delivery_tracking,2026-06-01T10:26:40Z,user-del-1,del-104,44.854347,20.466162,accepted
delivery_tracking,2026-06-01T10:26:50Z,user-del-1,del-104,44.855277,20.467156,accepted
delivery_tracking,2026-06-01T10:27:00Z,user-del-1,del-104,44.855535,20.467522,accepted
delivery_tracking,2026-06-01T10:27:10Z,user-del-1,del-104,44.856249,20.467424,accepted
delivery_tracking,2026-06-01T10:27:20Z,user-del-1,del-104,44.856124,20.467521,accepted
delivery_tracking,2026-06-01T10:27:30Z,user-del-1,del-104,44.856805,20.46794,accepted
delivery_tracking,2026-06-01T10:27:40Z,user-del-1,del-104,44.857913,20.468138,accepted
delivery_tracking,2026-06-01T10:27:50Z,user-del-1,del-104,44.858453,20.467119,accepted
delivery_tracking,2026-06-01T10:28:00Z,user-del-1,del-104,44.858726,20.466101,accepted
delivery_tracking,2026-06-01T10:28:10Z,user-del-1,del-104,44.859436,20.465446,accepted
delivery_tracking,2026-06-01T10:28:20Z,user-del-1,del-104,44.859569,20.46482,accepted
delivery_tracking,2026-06-01T10:28:30Z,user-del-1,del-104,44.859261,20.465147,accepted
delivery_tracking,2026-06-01T10:28:40Z,user-del-1,del-104,44.858646,20.465087,accepted
delivery_tracking,2026-06-01T10:28:50Z,user-del-1,del-104,44.859767,20.464343,accepted
delivery_tracking,2026-06-01T10:29:00Z,user-del-1,del-104,44.859013,20.464567,in_transit
delivery_tracking,2026-06-01T10:29:10Z,user-del-1,del-104,44.859586,20.465709,in_transit
delivery_tracking,2026-06-01T10:29:20Z,user-del-1,del-104,44.85941,20.465504,in_transit
delivery_tracking,2026-06-01T10:29:30Z,user-del-1,del-104,44.86053,20.465413,in_transit
delivery_tracking,2026-06-01T10:29:40Z,user-del-1,del-104,44.860666,20.464885,in_transit
delivery_tracking,2026-06-01T10:29:50Z,user-del-1,del-104,44.860725,20.464234,in_transit
delivery_tracking,2026-06-01T10:30:00Z,user-del-1,del-104,44.861141,20.464398,in_transit
delivery_tracking,2026-06-01T10:30:10Z,user-del-1,del-104,44.861761,20.46433,in_transit
delivery_tracking,2026-06-01T10:30:20Z,user-del-1,del-104,44.860761,20.464251,in_transit
delivery_tracking,2026-06-01T10:30:30Z,user-del-1,del-104,44.861568,20.464879,in_transit
delivery_tracking,2026-06-01T10:30:40Z,user-del-1,del-104,44.862635,20.465493,in_transit
delivery_tracking,2026-06-01T10:30:50Z,user-del-1,del-104,44.862995,20.465611,in_transit
delivery_tracking,2026-06-01T10:31:00Z,user-del-1,del-104,44.863829,20.465172,in_transit
delivery_tracking,2026-06-01T10:31:10Z,user-del-1,del-104,44.863201,20.464239,in_transit
delivery_tracking,2026-06-01T10:31:20Z,user-del-1,del-104,44.862317,20.463682,in_transit
delivery_tracking,2026-06-01T10:31:30Z,user-del-1,del-104,44.861358,20.464084,in_transit
delivery_tracking,2026-06-01T10:31:40Z,user-del-1,del-104,44.862487,20.463377,in_transit
delivery_tracking,2026-06-01T10:31:50Z,user-del-1,del-104,44.862384,20.463044,in_transit
delivery_tracking,2026-06-01T10:32:00Z,user-del-1,del-104,44.862435,20.463872,in_transit
delivery_tracking,2026-06-01T10:32:10Z,user-del-1,del-104,44.86208,20.46426,in_transit
delivery_tracking,2026-06-01T10:32:20Z,user-del-1,del-104,44.861394,20.465448,in_transit
delivery_tracking,2026-06-01T10:32:30Z,user-del-1,del-104,44.860257,20.466093,in_transit
delivery_tracking,2026-06-01T10:32:40Z,user-del-1,del-104,44.859751,20.465511,in_transit
delivery_tracking,2026-06-01T10:32:50Z,user-del-1,del-104,44.858963,20.464926,in_transit
delivery_tracking,2026-06-01T10:33:00Z,user-del-1,del-104,44.858529,20.464645,in_transit
delivery_tracking,2026-06-01T10:33:10Z,user-del-1,del-104,44.859276,20.464726,in_transit
delivery_tracking,2026-06-01T10:33:20Z,user-del-1,del-104,44.860375,20.463989,in_transit
delivery_tracking,2026-06-01T10:33:30Z,user-del-1,del-104,44.859372,20.464878,in_transit
delivery_tracking,2026-06-01T10:33:40Z,user-del-1,del-104,44.859618,20.465951,in_transit
delivery_tracking,2026-06-01T10:33:50Z,user-del-1,del-104,44.860806,20.466778,in_transit
delivery_tracking,2026-06-01T10:34:00Z,user-del-1,del-104,44.860792,20.466174,in_transit
delivery_tracking,2026-06-01T10:34:10Z,user-del-1,del-104,44.86114,20.466001,in_transit
delivery_tracking,2026-06-01T10:34:20Z,user-del-1,del-104,44.861186,20.466226,in_transit
delivery_tracking,2026-06-01T10:34:30Z,user-del-1,del-104,44.862078,20.466175,in_transit
delivery_tracking,2026-06-01T10:34:40Z,user-del-1,del-104,44.863033,20.466444,in_transit
delivery_tracking,2026-06-01T10:34:50Z,user-del-1,del-104,44.862959,20.465461,in_transit
delivery_tracking,2026-06-01T10:35:00Z,user-del-1,del-104,44.862164,20.464959,in_transit
delivery_tracking,2026-06-01T10:35:10Z,user-del-1,del-104,44.861148,20.464181,in_transit
delivery_tracking,2026-06-01T10:35:20Z,user-del-1,del-104,44.860628,20.463122,in_transit
delivery_tracking,2026-06-01T10:35:30Z,user-del-1,del-104,44.86105,20.463782,in_transit
delivery_tracking,2026-06-01T10:35:40Z,user-del-1,del-104,44.859916,20.46355,in_transit
delivery_tracking,2026-06-01T10:35:50Z,user-del-1,del-104,44.859298,20.464628,in_transit
delivery_tracking,2026-06-01T10:36:00Z,user-del-1,del-104,44.858356,20.463586,in_transit
delivery_tracking,2026-06-01T10:36:10Z,user-del-1,del-104,44.858468,20.464266,in_transit
delivery_tracking,2026-06-01T10:36:20Z,user-del-1,del-104,44.857651,20.463066,in_transit
delivery_tracking,2026-06-01T10:36:30Z,user-del-1,del-104,44.857135,20.462783,in_transit
delivery_tracking,2026-06-01T10:36:40Z,user-del-1,del-104,44.857379,20.462481,in_transit
delivery_tracking,2026-06-01T10:36:50Z,user-del-1,del-104,44.857079,20.461616,in_transit
delivery_tracking,2026-06-01T10:37:00Z,user-del-1,del-104,44.856927,20.461471,in_transit
delivery_tracking,2026-06-01T10:37:10Z,user-del-1,del-104,44.857769,20.46059,in_transit
delivery_tracking,2026-06-01T10:37:20Z,user-del-1,del-104,44.857733,20.461558,in_transit
delivery_tracking,2026-06-01T10:37:30Z,user-del-1,del-104,44.858513,20.460655,in_transit
delivery_tracking,2026-06-01T10:37:40Z,user-del-1,del-104,44.859528,20.460033,in_transit
delivery_tracking,2026-06-01T10:37:50Z,user-del-1,del-104,44.858904,20.460811,in_transit
delivery_tracking,2026-06-01T10:38:00Z,user-del-1,del-104,44.858915,20.459696,in_transit
delivery_tracking,2026-06-01T10:38:10Z,user-del-1,del-104,44.858734,20.460782,in_transit
delivery_tracking,2026-06-01T10:38:20Z,user-del-1,del-104,44.858019,20.460324,in_transit
delivery_tracking,2026-06-01T10:38:30Z,user-del-1,del-104,44.857286,20.461316,in_transit
delivery_tracking,2026-06-01T10:38:40Z,user-del-1,del-104,44.857727,20.462133,in_transit
delivery_tracking,2026-06-01T10:38:50Z,user-del-1,del-104,44.856958,20.46124,in_transit
delivery_tracking,2026-06-01T10:39:00Z,user-del-1,del-104,44.856194,20.460181,in_transit
delivery_tracking,2026-06-01T10:39:10Z,user-del-1,del-104,44.855988,20.46134,in_transit
delivery_tracking,2026-06-01T10:39:20Z,user-del-1,del-104,44.855568,20.46022,in_transit
delivery_tracking,2026-06-01T10:39:30Z,user-del-1,del-104,44.855619,20.460372,in_transit
delivery_tracking,2026-06-01T10:39:40Z,user-del-1,del-104,44.854942,20.460729,in_transit
delivery_tracking,2026-06-01T10:39:50Z,user-del-1,del-104,44.856078,20.459656,in_transit
delivery_tracking,2026-06-01T10:40:00Z,user-del-1,del-104,44.856341,20.459595,in_transit
delivery_tracking,2026-06-01T10:40:10Z,user-del-1,del-104,44.855408,20.460375,in_transit
delivery_tracking,2026-06-01T10:40:20Z,user-del-1,del-104,44.856382,20.459294,in_transit
delivery_tracking,2026-06-01T10:40:30Z,user-del-1,del-104,44.856271,20.459585,in_transit
delivery_tracking,2026-06-01T10:40:40Z,user-del-1,del-104,44.855245,20.458723,in_transit
delivery_tracking,2026-06-01T10:40:50Z,user-del-1,del-104,44.855986,20.458805,in_transit
delivery_tracking,2026-06-01T10:41:00Z,user-del-1,del-104,44.856639,20.458735,in_transit
delivery_tracking,2026-06-01T10:41:10Z,user-del-1,del-104,44.856276,20.457934,in_transit
delivery_tracking,2026-06-01T10:41:20Z,user-del-1,del-104,44.855715,20.459077,in_transit
delivery_tracking,2026-06-01T10:41:30Z,user-del-1,del-104,44.855925,20.458823,in_transit
delivery_tracking,2026-06-01T10:41:40Z,user-del-1,del-104,44.856003,20.459691,in_transit
delivery_tracking,2026-06-01T10:41:50Z,user-del-1,del-104,44.855284,20.460047,in_transit
delivery_tracking,2026-06-01T10:42:00Z,user-del-1,del-104,44.854383,20.460797,in_transit
delivery_tracking,2026-06-01T10:42:10Z,user-del-1,del-104,44.854425,20.460714,in_transit
delivery_tracking,2026-06-01T10:42:20Z,user-del-1,del-104,44.855557,20.461645,in_transit
delivery_tracking,2026-06-01T10:42:30Z,user-del-1,del-104,44.854646,20.462461,in_transit
delivery_tracking,2026-06-01T10:42:40Z,user-del-1,del-104,44.855298,20.462451,in_transit
delivery_tracking,2026-06-01T10:42:50Z,user-del-1,del-104,44.855556,20.462819,in_transit
delivery_tracking,2026-06-01T10:43:00Z,user-del-1,del-104,44.854445,20.463176,in_transit
delivery_tracking,2026-06-01T10:43:10Z,user-del-1,del-104,44.854384,20.463552,in_transit
delivery_tracking,2026-06-01T10:43:20Z,user-del-1,del-104,44.854021,20.464338,in_transit
delivery_tracking,2026-06-01T10:43:30Z,user-del-1,del-104,44.853672,20.464165,in_transit
delivery_tracking,2026-06-01T10:43:40Z,user-del-1,del-104,44.85287,20.464192,in_transit
delivery_tracking,2026-06-01T10:43:50Z,user-del-1,del-104,44.852251,20.463384,in_transit
delivery_tracking,2026-06-01T10:44:00Z,user-del-1,del-104,44.851536,20.464003,in_transit
delivery_tracking,2026-06-01T10:44:10Z,user-del-1,del-104,44.851694,20.464091,in_transit
delivery_tracking,2026-06-01T10:44:20Z,user-del-1,del-104,44.851014,20.464355,in_transit
delivery_tracking,2026-06-01T10:44:30Z,user-del-1,del-104,44.851249,20.464715,in_transit
delivery_tracking,2026-06-01T10:44:40Z,user-del-1,del-104,44.852332,20.464061,in_transit
delivery_tracking,2026-06-01T10:44:50Z,user-del-1,del-104,44.853322,20.464685,in_transit
delivery_tracking,2026-06-01T10:45:00Z,user-del-1,del-104,44.853881,20.465578,in_transit
delivery_tracking,2026-06-01T10:45:10Z,user-del-1,del-104,44.85269,20.466487,in_transit
delivery_tracking,2026-06-01T10:45:20Z,user-del-1,del-104,44.852737,20.46543,in_transit
delivery_tracking,2026-06-01T10:45:30Z,user-del-1,del-104,44.853191,20.464933,in_transit
delivery_tracking,2026-06-01T10:45:40Z,user-del-1,del-104,44.852559,20.464073,in_transit
delivery_tracking,2026-06-01T10:45:50Z,user-del-1,del-104,44.852744,20.464342,in_transit
delivery_tracking,2026-06-01T10:46:00Z,user-del-1,del-104,44.853613,20.465026,in_transit
delivery_tracking,2026-06-01T10:46:10Z,user-del-1,del-104,44.852756,20.463938,in_transit
delivery_tracking,2026-06-01T10:46:20Z,user-del-1,del-104,44.852159,20.464124,in_transit
delivery_tracking,2026-06-01T10:46:30Z,user-del-1,del-104,44.851946,20.463164,in_transit
delivery_tracking,2026-06-01T10:46:40Z,user-del-1,del-104,44.851375,20.462542,in_transit
delivery_tracking,2026-06-01T10:46:50Z,user-del-1,del-104,44.851192,20.463022,in_transit
delivery_tracking,2026-06-01T10:47:00Z,user-del-1,del-104,44.852067,20.463762,in_transit
delivery_tracking,2026-06-01T10:47:10Z,user-del-1,del-104,44.851434,20.464741,in_transit
delivery_tracking,2026-06-01T10:47:20Z,user-del-1,del-104,44.851391,20.464737,in_transit
delivery_tracking,2026-06-01T10:47:30Z,user-del-1,del-104,44.852047,20.464592,in_transit
delivery_tracking,2026-06-01T10:47:40Z,user-del-1,del-104,44.853039,20.465761,in_transit
delivery_tracking,2026-06-01T10:47:50Z,user-del-1,del-104,44.852093,20.466874,in_transit
delivery_tracking,2026-06-01T10:48:00Z,user-del-1,del-104,44.850988,20.466412,in_transit
delivery_tracking,2026-06-01T10:48:10Z,user-del-1,del-104,44.84986,20.467202,in_transit
delivery_tracking,2026-06-01T10:48:20Z,user-del-1,del-104,44.849313,20.466815,in_transit
delivery_tracking,2026-06-01T10:48:30Z,user-del-1,del-104,44.849737,20.46601,in_transit
delivery_tracking,2026-06-01T10:48:40Z,user-del-1,del-104,44.85017,20.465025,in_transit
delivery_tracking,2026-06-01T10:48:50Z,user-del-1,del-104,44.849112,20.465698,in_transit
delivery_tracking,2026-06-01T10:49:00Z,user-del-1,del-104,44.849114,20.465619,completed
delivery_tracking,2026-06-01T10:49:10Z,user-del-1,del-104,44.84911,20.465555,completed
delivery_tracking,2026-06-01T10:49:20Z,user-del-1,del-104,44.849089,20.465583,completed
delivery_tracking,2026-06-01T10:49:30Z,user-del-1,del-104,44.849013,20.465525,completed
delivery_tracking,2026-06-01T10:49:40Z,user-del-1,del-104,44.849039,20.465505,completed
delivery_tracking,2026-06-01T10:49:50Z,user-del-1,del-104,44.849081,20.46545,completed
delivery_tracking,2026-06-01T10:50:00Z,user-del-1,del-104,44.849051,20.465407,completed
delivery_tracking,2026-06-01T10:50:10Z,user-del-1,del-104,44.849014,20.465382,completed
delivery_tracking,2026-06-01T10:50:20Z,user-del-1,del-104,44.849054,20.465305,completed
delivery_tracking,2026-06-01T10:50:30Z,user-del-1,del-104,44.848958,20.465356,completed
delivery_tracking,2026-06-01T10:50:40Z,user-del-1,del-104,44.848974,20.465332,completed
delivery_tracking,2026-06-01T10:50:50Z,user-del-1,del-104,44.848911,20.465293,completed
delivery_tracking,2026-06-01T11:02:00Z,user-del-1,del-105,44.850826,20.461232,accepted
delivery_tracking,2026-06-01T11:02:10Z,user-del-1,del-105,44.85121,20.461698,accepted
delivery_tracking,2026-06-01T11:02:20Z,user-del-1,del-105,44.852074,20.461657,accepted
delivery_tracking,2026-06-01T11:02:30Z,user-del-1,del-105,44.853064,20.462119,accepted
delivery_tracking,2026-06-01T11:02:40Z,user-del-1,del-105,44.85221,20.462731,accepted
delivery_tracking,2026-06-01T11:02:50Z,user-del-1,del-105,44.852843,20.462072,accepted
delivery_tracking,2026-06-01T11:03:00Z,user-del-1,del-105,44.853138,20.462411,accepted
delivery_tracking,2026-06-01T11:03:10Z,user-del-1,del-105,44.853323,20.463426,accepted
delivery_tracking,2026-06-01T11:03:20Z,user-del-1,del-105,44.85275,20.463392,accepted
delivery_tracking,2026-06-01T11:03:30Z,user-del-1,del-105,44.852817,20.463684,accepted
delivery_tracking,2026-06-01T11:03:40Z,user-del-1,del-105,44.853623,20.463234,accepted
delivery_tracking,2026-06-01T11:03:50Z,user-del-1,del-105,44.853042,20.462647,accepted
delivery_tracking,2026-06-01T11:04:00Z,user-del-1,del-105,44.853976,20.462161,accepted
delivery_tracking,2026-06-01T11:04:10Z,user-del-1,del-105,44.853768,20.463189,accepted
delivery_tracking,2026-06-01T11:04:20Z,user-del-1,del-105,44.85359,20.462334,accepted
delivery_tracking,2026-06-01T11:04:30Z,user-del-1,del-105,44.854289,20.462691,accepted
delivery_tracking,2026-06-01T11:04:40Z,user-del-1,del-105,44.854721,20.463888,accepted
delivery_tracking,2026-06-01T11:04:50Z,user-del-1,del-105,44.855237,20.465005,accepted
delivery_tracking,2026-06-01T11:05:00Z,user-del-1,del-105,44.856382,20.464416,accepted
delivery_tracking,2026-06-01T11:05:10Z,user-del-1,del-105,44.856342,20.46368,accepted
delivery_tracking,2026-06-01T11:05:20Z,user-del-1,del-105,44.856876,20.463435,accepted
delivery_tracking,2026-06-01T11:05:30Z,user-del-1,del-105,44.857028,20.463465,accepted
delivery_tracking,2026-06-01T11:05:40Z,user-del-1,del-105,44.857592,20.464469,accepted
delivery_tracking,2026-06-01T11:05:50Z,user-del-1,del-105,44.85783,20.464127,accepted
delivery_tracking,2026-06-01T11:06:00Z,user-del-1,del-105,44.858507,20.463472,in_transit
delivery_tracking,2026-06-01T11:06:10Z,user-del-1,del-105,44.859344,20.463267,in_transit
delivery_tracking,2026-06-01T11:06:20Z,user-del-1,del-105,44.858771,20.464464,in_transit
delivery_tracking,2026-06-01T11:06:30Z,user-del-1,del-105,44.859376,20.465609,in_transit
delivery_tracking,2026-06-01T11:06:40Z,user-del-1,del-105,44.860114,20.466312,in_transit
delivery_tracking,2026-06-01T11:06:50Z,user-del-1,del-105,44.859105,20.465447,in_transit
delivery_tracking,2026-06-01T11:07:00Z,user-del-1,del-105,44.858177,20.465831,in_transit
delivery_tracking,2026-06-01T11:07:10Z,user-del-1,del-105,44.857026,20.465364,in_transit
delivery_tracking,2026-06-01T11:07:20Z,user-del-1,del-105,44.858036,20.465985,in_transit
delivery_tracking,2026-06-01T11:07:30Z,user-del-1,del-105,44.85923,20.46666,in_transit
delivery_tracking,2026-06-01T11:07:40Z,user-del-1,del-105,44.860182,20.465477,in_transit
delivery_tracking,2026-06-01T11:07:50Z,user-del-1,del-105,44.85967,20.465363,in_transit
delivery_tracking,2026-06-01T11:08:00Z,user-del-1,del-105,44.860061,20.465556,in_transit
delivery_tracking,2026-06-01T11:08:10Z,user-del-1,del-105,44.859586,20.464428,in_transit
delivery_tracking,2026-06-01T11:08:20Z,user-del-1,del-105,44.860253,20.465158,in_transit
delivery_tracking,2026-06-01T11:08:30Z,user-del-1,del-105,44.861034,20.465978,in_transit
delivery_tracking,2026-06-01T11:08:40Z,user-del-1,del-105,44.861827,20.465421,in_transit
delivery_tracking,2026-06-01T11:08:50Z,user-del-1,del-105,44.862419,20.46471,in_transit
delivery_tracking,2026-06-01T11:09:00Z,user-del-1,del-105,44.861473,20.464599,in_transit
delivery_tracking,2026-06-01T11:09:10Z,user-del-1,del-105,44.860533,20.464082,in_transit
delivery_tracking,2026-06-01T11:09:20Z,user-del-1,del-105,44.859411,20.465265,in_transit
delivery_tracking,2026-06-01T11:09:30Z,user-del-1,del-105,44.85824,20.464384,in_transit
delivery_tracking,2026-06-01T11:09:40Z,user-del-1,del-105,44.857609,20.464497,in_transit
delivery_tracking,2026-06-01T11:09:50Z,user-del-1,del-105,44.857772,20.463433,in_transit
delivery_tracking,2026-06-01T11:10:00Z,user-del-1,del-105,44.858872,20.463063,in_transit
delivery_tracking,2026-06-01T11:10:10Z,user-del-1,del-105,44.85929,20.464227,in_transit
delivery_tracking,2026-06-01T11:10:20Z,user-del-1,del-105,44.859717,20.464555,in_transit
delivery_tracking,2026-06-01T11:10:30Z,user-del-1,del-105,44.85884,20.464036,in_transit
delivery_tracking,2026-06-01T11:10:40Z,user-del-1,del-105,44.859037,20.46352,in_transit
delivery_tracking,2026-06-01T11:10:50Z,user-del-1,del-105,44.859824,20.462821,in_transit
delivery_tracking,2026-06-01T11:11:00Z,user-del-1,del-105,44.858626,20.46299,in_transit
delivery_tracking,2026-06-01T11:11:10Z,user-del-1,del-105,44.858224,20.463218,in_transit
delivery_tracking,2026-06-01T11:11:20Z,user-del-1,del-105,44.859388,20.464272,in_transit
delivery_tracking,2026-06-01T11:11:30Z,user-del-1,del-105,44.85941,20.463949,in_transit
delivery_tracking,2026-06-01T11:11:40Z,user-del-1,del-105,44.860046,20.463988,in_transit
delivery_tracking,2026-06-01T11:11:50Z,user-del-1,del-105,44.8604,20.464707,in_transit
delivery_tracking,2026-06-01T11:12:00Z,user-del-1,del-105,44.859783,20.464356,in_transit
delivery_tracking,2026-06-01T11:12:10Z,user-del-1,del-105,44.860733,20.463864,in_transit
delivery_tracking,2026-06-01T11:12:20Z,user-del-1,del-105,44.861456,20.463042,in_transit
delivery_tracking,2026-06-01T11:12:30Z,user-del-1,del-105,44.860835,20.46224,in_transit
delivery_tracking,2026-06-01T11:12:40Z,user-del-1,del-105,44.861784,20.46225,in_transit
delivery_tracking,2026-06-01T11:12:50Z,user-del-1,del-105,44.86159,20.461756,in_transit
delivery_tracking,2026-06-01T11:13:00Z,user-del-1,del-105,44.861568,20.462569,in_transit
delivery_tracking,2026-06-01T11:13:10Z,user-del-1,del-105,44.861159,20.462021,in_transit
delivery_tracking,2026-06-01T11:13:20Z,user-del-1,del-105,44.860756,20.461314,in_transit
delivery_tracking,2026-06-01T11:13:30Z,user-del-1,del-105,44.85997,20.462383,in_transit
delivery_tracking,2026-06-01T11:13:40Z,user-del-1,del-105,44.859492,20.461224,in_transit
delivery_tracking,2026-06-01T11:13:50Z,user-del-1,del-105,44.860126,20.461799,in_transit
delivery_tracking,2026-06-01T11:14:00Z,user-del-1,del-105,44.861128,20.461314,in_transit
delivery_tracking,2026-06-01T11:14:10Z,user-del-1,del-105,44.861924,20.460328,in_transit
delivery_tracking,2026-06-01T11:14:20Z,user-del-1,del-105,44.861968,20.46039,in_transit
delivery_tracking,2026-06-01T11:14:30Z,user-del-1,del-105,44.862582,20.45984,in_transit
delivery_tracking,2026-06-01T11:14:40Z,user-del-1,del-105,44.863432,20.461,in_transit
delivery_tracking,2026-06-01T11:14:50Z,user-del-1,del-105,44.864284,20.461514,in_transit
delivery_tracking,2026-06-01T11:15:00Z,user-del-1,del-105,44.865062,20.461207,in_transit
delivery_tracking,2026-06-01T11:15:10Z,user-del-1,del-105,44.865336,20.460251,in_transit
delivery_tracking,2026-06-01T11:15:20Z,user-del-1,del-105,44.865192,20.461423,in_transit
delivery_tracking,2026-06-01T11:15:30Z,user-del-1,del-105,44.864989,20.460729,in_transit
delivery_tracking,2026-06-01T11:15:40Z,user-del-1,del-105,44.86616,20.460221,in_transit
delivery_tracking,2026-06-01T11:15:50Z,user-del-1,del-105,44.865223,20.460758,in_transit
delivery_tracking,2026-06-01T11:16:00Z,user-del-1,del-105,44.864117,20.460453,in_transit
delivery_tracking,2026-06-01T11:16:10Z,user-del-1,del-105,44.863462,20.461397,in_transit
delivery_tracking,2026-06-01T11:16:20Z,user-del-1,del-105,44.863476,20.461417,in_transit
delivery_tracking,2026-06-01T11:16:30Z,user-del-1,del-105,44.864305,20.460299,in_transit
delivery_tracking,2026-06-01T11:16:40Z,user-del-1,del-105,44.863888,20.459819,in_transit
delivery_tracking,2026-06-01T11:16:50Z,user-del-1,del-105,44.863657,20.459277,in_transit
delivery_tracking,2026-06-01T11:17:00Z,user-del-1,del-105,44.863022,20.459507,in_transit
delivery_tracking,2026-06-01T11:17:10Z,user-del-1,del-105,44.863256,20.459403,in_transit
delivery_tracking,2026-06-01T11:17:20Z,user-del-1,del-105,44.863186,20.460586,in_transit
delivery_tracking,2026-06-01T11:17:30Z,user-del-1,del-105,44.862955,20.459547,in_transit
delivery_tracking,2026-06-01T11:17:40Z,user-del-1,del-105,44.863297,20.459021,in_transit
delivery_tracking,2026-06-01T11:17:50Z,user-del-1,del-105,44.8644,20.459076,in_transit
delivery_tracking,2026-06-01T11:18:00Z,user-del-1,del-105,44.865331,20.458756,in_transit
delivery_tracking,2026-06-01T11:18:10Z,user-del-1,del-105,44.866146,20.458728,in_transit
delivery_tracking,2026-06-01T11:18:20Z,user-del-1,del-105,44.867259,20.457616,in_transit
delivery_tracking,2026-06-01T11:18:30Z,user-del-1,del-105,44.867349,20.458443,in_transit
delivery_tracking,2026-06-01T11:18:40Z,user-del-1,del-105,44.867497,20.458162,in_transit
delivery_tracking,2026-06-01T11:18:50Z,user-del-1,del-105,44.867842,20.457117,in_transit
delivery_tracking,2026-06-01T11:19:00Z,user-del-1,del-105,44.868567,20.456021,in_transit
delivery_tracking,2026-06-01T11:19:10Z,user-del-1,del-105,44.869159,20.456501,in_transit
delivery_tracking,2026-06-01T11:19:20Z,user-del-1,del-105,44.868324,20.457243,in_transit
delivery_tracking,2026-06-01T11:19:30Z,user-del-1,del-105,44.868274,20.45725,in_transit
delivery_tracking,2026-06-01T11:19:40Z,user-del-1,del-105,44.868383,20.457673,in_transit
delivery_tracking,2026-06-01T11:19:50Z,user-del-1,del-105,44.867749,20.457584,in_transit
delivery_tracking,2026-06-01T11:20:00Z,user-del-1,del-105,44.867817,20.457674,in_transit
delivery_tracking,2026-06-01T11:20:10Z,user-del-1,del-105,44.868931,20.457696,in_transit
delivery_tracking,2026-06-01T11:20:20Z,user-del-1,del-105,44.86801,20.458051,in_transit
delivery_tracking,2026-06-01T11:20:30Z,user-del-1,del-105,44.869026,20.457452,in_transit
delivery_tracking,2026-06-01T11:20:40Z,user-del-1,del-105,44.869418,20.457492,in_transit
delivery_tracking,2026-06-01T11:20:50Z,user-del-1,del-105,44.869317,20.457243,in_transit
delivery_tracking,2026-06-01T11:21:00Z,user-del-1,del-105,44.868674,20.456534,in_transit
delivery_tracking,2026-06-01T11:21:10Z,user-del-1,del-105,44.868942,20.457086,in_transit
delivery_tracking,2026-06-01T11:21:20Z,user-del-1,del-105,44.868908,20.457209,in_transit
delivery_tracking,2026-06-01T11:21:30Z,user-del-1,del-105,44.867797,20.457699,in_transit
delivery_tracking,2026-06-01T11:21:40Z,user-del-1,del-105,44.867513,20.456561,in_transit
delivery_tracking,2026-06-01T11:21:50Z,user-del-1,del-105,44.866508,20.455407,in_transit
delivery_tracking,2026-06-01T11:22:00Z,user-del-1,del-105,44.866476,20.4554,completed
delivery_tracking,2026-06-01T11:22:10Z,user-del-1,del-105,44.866381,20.455319,completed
delivery_tracking,2026-06-01T11:22:20Z,user-del-1,del-105,44.866288,20.455302,completed
delivery_tracking,2026-06-01T11:22:30Z,user-del-1,del-105,44.866294,20.455297,completed
delivery_tracking,2026-06-01T11:22:40Z,user-del-1,del-105,44.866221,20.455282,completed
delivery_tracking,2026-06-01T11:22:50Z,user-del-1,del-105,44.866294,20.455375,completed
delivery_tracking,2026-06-01T11:23:00Z,user-del-1,del-105,44.866299,20.455468,completed
delivery_tracking,2026-06-01T11:23:10Z,user-del-1,del-105,44.866269,20.45546,completed
delivery_tracking,2026-06-01T11:23:20Z,user-del-1,del-105,44.866286,20.455457,completed
delivery_tracking,2026-06-01T11:23:30Z,user-del-1,del-105,44.86627,20.455526,completed
delivery_tracking,2026-06-01T11:23:40Z,user-del-1,del-105,44.866333,20.455601,completed
delivery_tracking,2026-06-01T11:23:50Z,user-del-1,del-105,44.866257,20.45556,completed
delivery_tracking,2026-06-01T08:00:00Z,user-del-2,del-106,44.813977,20.463325,accepted
delivery_tracking,2026-06-01T08:00:10Z,user-del-2,del-106,44.813722,20.462923,accepted
delivery_tracking,2026-06-01T08:00:20Z,user-del-2,del-106,44.813104,20.462055,accepted
delivery_tracking,2026-06-01T08:00:30Z,user-del-2,del-106,44.813435,20.46253,accepted
delivery_tracking,2026-06-01T08:00:40Z,user-del-2,del-106,44.813808,20.461748,accepted
delivery_tracking,2026-06-01T08:00:50Z,user-del-2,del-106,44.813337,20.461566,accepted
delivery_tracking,2026-06-01T08:01:00Z,user-del-2,del-106,44.812731,20.46241,accepted
delivery_tracking,2026-06-01T08:01:10Z,user-del-2,del-106,44.812726,20.463051,accepted
delivery_tracking,2026-06-01T08:01:20Z,user-del-2,del-106,44.81295,20.464089,accepted
delivery_tracking,2026-06-01T08:01:30Z,user-del-2,del-106,44.813015,20.465262,accepted
delivery_tracking,2026-06-01T08:01:40Z,user-del-2,del-106,44.813578,20.4647,accepted
delivery_tracking,2026-06-01T08:01:50Z,user-del-2,del-106,44.813537,20.465034,accepted
delivery_tracking,2026-06-01T08:02:00Z,user-del-2,del-106,44.81265,20.465587,accepted
delivery_tracking,2026-06-01T08:02:10Z,user-del-2,del-106,44.812065,20.465323,accepted
delivery_tracking,2026-06-01T08:02:20Z,user-del-2,del-106,44.812594,20.466371,accepted
delivery_tracking,2026-06-01T08:02:30Z,user-del-2,del-106,44.81284,20.466069,accepted
delivery_tracking,2026-06-01T08:02:40Z,user-del-2,del-106,44.812468,20.466303,accepted
delivery_tracking,2026-06-01T08:02:50Z,user-del-2,del-106,44.812187,20.466659,accepted
delivery_tracking,2026-06-01T08:03:00Z,user-del-2,del-106,44.813153,20.467804,in_transit
delivery_tracking,2026-06-01T08:03:10Z,user-del-2,del-106,44.813457,20.469003,in_transit
delivery_tracking,2026-06-01T08:03:20Z,user-del-2,del-106,44.812544,20.468068,in_transit
delivery_tracking,2026-06-01T08:03:30Z,user-del-2,del-106,44.812013,20.466998,in_transit
delivery_tracking,2026-06-01T08:03:40Z,user-del-2,del-106,44.812038,20.467381,in_transit
delivery_tracking,2026-06-01T08:03:50Z,user-del-2,del-106,44.811845,20.467641,in_transit
delivery_tracking,2026-06-01T08:04:00Z,user-del-2,del-106,44.812785,20.467365,in_transit
delivery_tracking,2026-06-01T08:04:10Z,user-del-2,del-106,44.81347,20.46636,in_transit
delivery_tracking,2026-06-01T08:04:20Z,user-del-2,del-106,44.813674,20.466765,in_transit
delivery_tracking,2026-06-01T08:04:30Z,user-del-2,del-106,44.814395,20.465938,in_transit
delivery_tracking,2026-06-01T08:04:40Z,user-del-2,del-106,44.814155,20.466004,in_transit
delivery_tracking,2026-06-01T08:04:50Z,user-del-2,del-106,44.813786,20.466467,in_transit
delivery_tracking,2026-06-01T08:05:00Z,user-del-2,del-106,44.813354,20.466374,in_transit
delivery_tracking,2026-06-01T08:05:10Z,user-del-2,del-106,44.813538,20.467149,in_transit
delivery_tracking,2026-06-01T08:05:20Z,user-del-2,del-106,44.812346,20.466668,in_transit
delivery_tracking,2026-06-01T08:05:30Z,user-del-2,del-106,44.812242,20.467539,in_transit
delivery_tracking,2026-06-01T08:05:40Z,user-del-2,del-106,44.811563,20.466767,in_transit
delivery_tracking,2026-06-01T08:05:50Z,user-del-2,del-106,44.81172,20.466617,in_transit
delivery_tracking,2026-06-01T08:06:00Z,user-del-2,del-106,44.81182,20.466896,in_transit
delivery_tracking,2026-06-01T08:06:10Z,user-del-2,del-106,44.812506,20.467347,in_transit
delivery_tracking,2026-06-01T08:06:20Z,user-del-2,del-106,44.811621,20.466348,in_transit
delivery_tracking,2026-06-01T08:06:30Z,user-del-2,del-106,44.811463,20.466726,in_transit
delivery_tracking,2026-06-01T08:06:40Z,user-del-2,del-106,44.810833,20.465894,in_transit
delivery_tracking,2026-06-01T08:06:50Z,user-del-2,del-106,44.810178,20.464939,in_transit
delivery_tracking,2026-06-01T08:07:00Z,user-del-2,del-106,44.810136,20.463944,in_transit
delivery_tracking,2026-06-01T08:07:10Z,user-del-2,del-106,44.808966,20.464897,in_transit
delivery_tracking,2026-06-01T08:07:20Z,user-del-2,del-106,44.808654,20.465964,in_transit
delivery_tracking,2026-06-01T08:07:30Z,user-del-2,del-106,44.807674,20.464842,in_transit
delivery_tracking,2026-06-01T08:07:40Z,user-del-2,del-106,44.807278,20.464516,in_transit
delivery_tracking,2026-06-01T08:07:50Z,user-del-2,del-106,44.808414,20.464817,in_transit
delivery_tracking,2026-06-01T08:08:00Z,user-del-2,del-106,44.808236,20.464348,in_transit
delivery_tracking,2026-06-01T08:08:10Z,user-del-2,del-106,44.807785,20.465459,in_transit
delivery_tracking,2026-06-01T08:08:20Z,user-del-2,del-106,44.80731,20.466448,in_transit
delivery_tracking,2026-06-01T08:08:30Z,user-del-2,del-106,44.806166,20.466669,in_transit
delivery_tracking,2026-06-01T08:08:40Z,user-del-2,del-106,44.807331,20.46682,in_transit
delivery_tracking,2026-06-01T08:08:50Z,user-del-2,del-106,44.807832,20.467214,in_transit
delivery_tracking,2026-06-01T08:09:00Z,user-del-2,del-106,44.80704,20.466112,in_transit
delivery_tracking,2026-06-01T08:09:10Z,user-del-2,del-106,44.806785,20.465674,in_transit
delivery_tracking,2026-06-01T08:09:20Z,user-del-2,del-106,44.807098,20.464695,in_transit
delivery_tracking,2026-06-01T08:09:30Z,user-del-2,del-106,44.808272,20.465839,in_transit
delivery_tracking,2026-06-01T08:09:40Z,user-del-2,del-106,44.808674,20.466822,in_transit
delivery_tracking,2026-06-01T08:09:50Z,user-del-2,del-106,44.807567,20.466428,in_transit
delivery_tracking,2026-06-01T08:10:00Z,user-del-2,del-106,44.806899,20.466365,in_transit
delivery_tracking,2026-06-01T08:10:10Z,user-del-2,del-106,44.806033,20.465594,in_transit
delivery_tracking,2026-06-01T08:10:20Z,user-del-2,del-106,44.805565,20.465435,in_transit
delivery_tracking,2026-06-01T08:10:30Z,user-del-2,del-106,44.805592,20.464833,in_transit
delivery_tracking,2026-06-01T08:10:40Z,user-del-2,del-106,44.806294,20.465879,in_transit
delivery_tracking,2026-06-01T08:10:50Z,user-del-2,del-106,44.805707,20.466207,in_transit
delivery_tracking,2026-06-01T08:11:00Z,user-del-2,del-106,44.806715,20.466507,in_transit
delivery_tracking,2026-06-01T08:11:10Z,user-del-2,del-106,44.807367,20.46604,in_transit
delivery_tracking,2026-06-01T08:11:20Z,user-del-2,del-106,44.808221,20.467023,in_transit
delivery_tracking,2026-06-01T08:11:30Z,user-del-2,del-106,44.807952,20.467388,in_transit
delivery_tracking,2026-06-01T08:11:40Z,user-del-2,del-106,44.808424,20.467004,in_transit
delivery_tracking,2026-06-01T08:11:50Z,user-del-2,del-106,44.80832,20.467483,in_transit
delivery_tracking,2026-06-01T08:12:00Z,user-del-2,del-106,44.809094,20.466294,in_transit
delivery_tracking,2026-06-01T08:12:10Z,user-del-2,del-106,44.808437,20.466074,in_transit
delivery_tracking,2026-06-01T08:12:20Z,user-del-2,del-106,44.808941,20.466604,in_transit
delivery_tracking,2026-06-01T08:12:30Z,user-del-2,del-106,44.808923,20.466461,in_transit
delivery_tracking,2026-06-01T08:12:40Z,user-del-2,del-106,44.808076,20.466394,in_transit
delivery_tracking,2026-06-01T08:12:50Z,user-del-2,del-106,44.807443,20.465397,in_transit
delivery_tracking,2026-06-01T08:13:00Z,user-del-2,del-106,44.80832,20.465412,in_transit
delivery_tracking,2026-06-01T08:13:10Z,user-del-2,del-106,44.80735,20.465156,in_transit
delivery_tracking,2026-06-01T08:13:20Z,user-del-2,del-106,44.807656,20.464946,in_transit
delivery_tracking,2026-06-01T08:13:30Z,user-del-2,del-106,44.80851,20.466021,in_transit
delivery_tracking,2026-06-01T08:13:40Z,user-del-2,del-106,44.807407,20.466551,in_transit
delivery_tracking,2026-06-01T08:13:50Z,user-del-2,del-106,44.807049,20.466499,in_transit
delivery_tracking,2026-06-01T08:14:00Z,user-del-2,del-106,44.807527,20.466445,in_transit
delivery_tracking,2026-06-01T08:14:10Z,user-del-2,del-106,44.807014,20.466838,in_transit
delivery_tracking,2026-06-01T08:14:20Z,user-del-2,del-106,44.806629,20.467819,in_transit
delivery_tracking,2026-06-01T08:14:30Z,user-del-2,del-106,44.806193,20.46742,in_transit
delivery_tracking,2026-06-01T08:14:40Z,user-del-2,del-106,44.805234,20.467599,in_transit
delivery_tracking,2026-06-01T08:14:50Z,user-del-2,del-106,44.805342,20.466449,in_transit
delivery_tracking,2026-06-01T08:15:00Z,user-del-2,del-106,44.80586,20.467066,in_transit
delivery_tracking,2026-06-01T08:15:10Z,user-del-2,del-106,44.806926,20.466828,in_transit
delivery_tracking,2026-06-01T08:15:20Z,user-del-2,del-106,44.805796,20.467531,in_transit
delivery_tracking,2026-06-01T08:15:30Z,user-del-2,del-106,44.805393,20.467558,in_transit
delivery_tracking,2026-06-01T08:15:40Z,user-del-2,del-106,44.805906,20.467309,in_transit
delivery_tracking,2026-06-01T08:15:50Z,user-del-2,del-106,44.805455,20.466975,in_transit
delivery_tracking,2026-06-01T08:16:00Z,user-del-2,del-106,44.805857,20.46739,in_transit
delivery_tracking,2026-06-01T08:16:10Z,user-del-2,del-106,44.806106,20.467522,in_transit
delivery_tracking,2026-06-01T08:16:20Z,user-del-2,del-106,44.806888,20.468448,in_transit
delivery_tracking,2026-06-01T08:16:30Z,user-del-2,del-106,44.805798,20.467743,in_transit
delivery_tracking,2026-06-01T08:16:40Z,user-del-2,del-106,44.804848,20.467837,in_transit
delivery_tracking,2026-06-01T08:16:50Z,user-del-2,del-106,44.805146,20.468771,in_transit
delivery_tracking,2026-06-01T08:17:00Z,user-del-2,del-106,44.80408,20.469558,in_transit
delivery_tracking,2026-06-01T08:17:10Z,user-del-2,del-106,44.803029,20.470698,in_transit
delivery_tracking,2026-06-01T08:17:20Z,user-del-2,del-106,44.803744,20.469773,in_transit
delivery_tracking,2026-06-01T08:17:30Z,user-del-2,del-106,44.804647,20.470869,in_transit
delivery_tracking,2026-06-01T08:17:40Z,user-del-2,del-106,44.804306,20.470302,in_transit
delivery_tracking,2026-06-01T08:17:50Z,user-del-2,del-106,44.804631,20.47043,in_transit
delivery_tracking,2026-06-01T08:18:00Z,user-del-2,del-106,44.804535,20.470456,completed
delivery_tracking,2026-06-01T08:18:10Z,user-del-2,del-106,44.804496,20.470487,completed
delivery_tracking,2026-06-01T08:18:20Z,user-del-2,del-106,44.804503,20.47051,completed
delivery_tracking,2026-06-01T08:18:30Z,user-del-2,del-106,44.804587,20.470423,completed
delivery_tracking,2026-06-01T08:18:40Z,user-del-2,del-106,44.804569,20.470324,completed
delivery_tracking,2026-06-01T08:18:50Z,user-del-2,del-106,44.804613,20.47038,completed
delivery_tracking,2026-06-01T08:29:00Z,user-del-2,del-107,44.80613,20.465288,accepted
delivery_tracking,2026-06-01T08:29:10Z,user-del-2,del-107,44.806631,20.464438,accepted
delivery_tracking,2026-06-01T08:29:20Z,user-del-2,del-107,44.806369,20.46402,accepted
delivery_tracking,2026-06-01T08:29:30Z,user-del-2,del-107,44.805638,20.462927,accepted
delivery_tracking,2026-06-01T08:29:40Z,user-del-2,del-107,44.806211,20.463286,accepted
delivery_tracking,2026-06-01T08:29:50Z,user-del-2,del-107,44.8058,20.464008,accepted
delivery_tracking,2026-06-01T08:30:00Z,user-del-2,del-107,44.805772,20.463112,accepted
delivery_tracking,2026-06-01T08:30:10Z,user-del-2,del-107,44.804987,20.463826,accepted
delivery_tracking,2026-06-01T08:30:20Z,user-del-2,del-107,44.805805,20.464818,accepted
delivery_tracking,2026-06-01T08:30:30Z,user-del-2,del-107,44.805832,20.465743,accepted
delivery_tracking,2026-06-01T08:30:40Z,user-del-2,del-107,44.804973,20.466449,accepted
delivery_tracking,2026-06-01T08:30:50Z,user-del-2,del-107,44.804684,20.466345,accepted
delivery_tracking,2026-06-01T08:31:00Z,user-del-2,del-107,44.804137,20.466565,accepted
delivery_tracking,2026-06-01T08:31:10Z,user-del-2,del-107,44.803208,20.466617,accepted
delivery_tracking,2026-06-01T08:31:20Z,user-del-2,del-107,44.803239,20.465781,accepted
delivery_tracking,2026-06-01T08:31:30Z,user-del-2,del-107,44.802788,20.465316,accepted
delivery_tracking,2026-06-01T08:31:40Z,user-del-2,del-107,44.802304,20.464426,accepted
delivery_tracking,2026-06-01T08:31:50Z,user-del-2,del-107,44.802139,20.463445,accepted
delivery_tracking,2026-06-01T08:32:00Z,user-del-2,del-107,44.801267,20.464297,accepted
delivery_tracking,2026-06-01T08:32:10Z,user-del-2,del-107,44.802001,20.464146,accepted
delivery_tracking,2026-06-01T08:32:20Z,user-del-2,del-107,44.801255,20.464532,accepted
delivery_tracking,2026-06-01T08:32:30Z,user-del-2,del-107,44.801783,20.464264,accepted
delivery_tracking,2026-06-01T08:32:40Z,user-del-2,del-107,44.802673,20.464478,accepted
delivery_tracking,2026-06-01T08:32:50Z,user-del-2,del-107,44.803331,20.465298,accepted
delivery_tracking,2026-06-01T08:33:00Z,user-del-2,del-107,44.803737,20.464634,in_transit
delivery_tracking,2026-06-01T08:33:10Z,user-del-2,del-107,44.803576,20.465124,in_transit
delivery_tracking,2026-06-01T08:33:20Z,user-del-2,del-107,44.803333,20.465387,in_transit
delivery_tracking,2026-06-01T08:33:30Z,user-del-2,del-107,44.80452,20.464714,in_transit
delivery_tracking,2026-06-01T08:33:40Z,user-del-2,del-107,44.805316,20.463864,in_transit
delivery_tracking,2026-06-01T08:33:50Z,user-del-2,del-107,44.805057,20.463226,in_transit
delivery_tracking,2026-06-01T08:34:00Z,user-del-2,del-107,44.805282,20.46291,in_transit
delivery_tracking,2026-06-01T08:34:10Z,user-del-2,del-107,44.806439,20.461856,in_transit
delivery_tracking,2026-06-01T08:34:20Z,user-del-2,del-107,44.806944,20.461732,in_transit
delivery_tracking,2026-06-01T08:34:30Z,user-del-2,del-107,44.806659,20.462758,in_transit
delivery_tracking,2026-06-01T08:34:40Z,user-del-2,del-107,44.807066,20.462315,in_transit
delivery_tracking,2026-06-01T08:34:50Z,user-del-2,del-107,44.806026,20.462794,in_transit
delivery_tracking,2026-06-01T08:35:00Z,user-del-2,del-107,44.805604,20.463687,in_transit
delivery_tracking,2026-06-01T08:35:10Z,user-del-2,del-107,44.805737,20.463768,in_transit
delivery_tracking,2026-06-01T08:35:20Z,user-del-2,del-107,44.805216,20.463313,in_transit
delivery_tracking,2026-06-01T08:35:30Z,user-del-2,del-107,44.805463,20.462116,in_transit
delivery_tracking,2026-06-01T08:35:40Z,user-del-2,del-107,44.806248,20.46256,in_transit
delivery_tracking,2026-06-01T08:35:50Z,user-del-2,del-107,44.805274,20.462252,in_transit
delivery_tracking,2026-06-01T08:36:00Z,user-del-2,del-107,44.805493,20.461619,in_transit
delivery_tracking,2026-06-01T08:36:10Z,user-del-2,del-107,44.805245,20.460696,in_transit
delivery_tracking,2026-06-01T08:36:20Z,user-del-2,del-107,44.80603,20.460841,in_transit
delivery_tracking,2026-06-01T08:36:30Z,user-del-2,del-107,44.806241,20.459785,in_transit
delivery_tracking,2026-06-01T08:36:40Z,user-del-2,del-107,44.805943,20.458946,in_transit
delivery_tracking,2026-06-01T08:36:50Z,user-del-2,del-107,44.806357,20.458956,in_transit
delivery_tracking,2026-06-01T08:37:00Z,user-del-2,del-107,44.807387,20.459782,in_transit
delivery_tracking,2026-06-01T08:37:10Z,user-del-2,del-107,44.807313,20.460504,in_transit
delivery_tracking,2026-06-01T08:37:20Z,user-del-2,del-107,44.807479,20.459531,in_transit
delivery_tracking,2026-06-01T08:37:30Z,user-del-2,del-107,44.806314,20.459987,in_transit
delivery_tracking,2026-06-01T08:37:40Z,user-del-2,del-107,44.80669,20.459205,in_transit
delivery_tracking,2026-06-01T08:37:50Z,user-del-2,del-107,44.807822,20.459783,in_transit
delivery_tracking,2026-06-01T08:38:00Z,user-del-2,del-107,44.808857,20.459218,in_transit
delivery_tracking,2026-06-01T08:38:10Z,user-del-2,del-107,44.809813,20.459747,in_transit
delivery_tracking,2026-06-01T08:38:20Z,user-del-2,del-107,44.809754,20.45997,in_transit
delivery_tracking,2026-06-01T08:38:30Z,user-del-2,del-107,44.810894,20.459981,in_transit
delivery_tracking,2026-06-01T08:38:40Z,user-del-2,del-107,44.810949,20.459508,in_transit
delivery_tracking,2026-06-01T08:38:50Z,user-del-2,del-107,44.812056,20.459018,in_transit
delivery_tracking,2026-06-01T08:39:00Z,user-del-2,del-107,44.812598,20.459779,in_transit
delivery_tracking,2026-06-01T08:39:10Z,user-del-2,del-107,44.812122,20.458917,in_transit
delivery_tracking,2026-06-01T08:39:20Z,user-del-2,del-107,44.811252,20.459595,in_transit
delivery_tracking,2026-06-01T08:39:30Z,user-del-2,del-107,44.810846,20.460458,in_transit
delivery_tracking,2026-06-01T08:39:40Z,user-del-2,del-107,44.809812,20.460171,in_transit
delivery_tracking,2026-06-01T08:39:50Z,user-del-2,del-107,44.810314,20.460066,in_transit
delivery_tracking,2026-06-01T08:40:00Z,user-del-2,del-107,44.80985,20.461134,in_transit
delivery_tracking,2026-06-01T08:40:10Z,user-del-2,del-107,44.809165,20.461611,in_transit
delivery_tracking,2026-06-01T08:40:20Z,user-del-2,del-107,44.808275,20.46043,in_transit
delivery_tracking,2026-06-01T08:40:30Z,user-del-2,del-107,44.808925,20.460435,in_transit
delivery_tracking,2026-06-01T08:40:40Z,user-del-2,del-107,44.809352,20.461404,in_transit
delivery_tracking,2026-06-01T08:40:50Z,user-del-2,del-107,44.810181,20.461373,in_transit
delivery_tracking,2026-06-01T08:41:00Z,user-del-2,del-107,44.811265,20.46196,in_transit
delivery_tracking,2026-06-01T08:41:10Z,user-del-2,del-107,44.812461,20.4629,in_transit
delivery_tracking,2026-06-01T08:41:20Z,user-del-2,del-107,44.812215,20.463699,in_transit
delivery_tracking,2026-06-01T08:41:30Z,user-del-2,del-107,44.812097,20.463229,in_transit
delivery_tracking,2026-06-01T08:41:40Z,user-del-2,del-107,44.811072,20.463569,in_transit
delivery_tracking,2026-06-01T08:41:50Z,user-del-2,del-107,44.811486,20.464479,in_transit
delivery_tracking,2026-06-01T08:42:00Z,user-del-2,del-107,44.810848,20.463879,in_transit
delivery_tracking,2026-06-01T08:42:10Z,user-del-2,del-107,44.811241,20.464511,in_transit
delivery_tracking,2026-06-01T08:42:20Z,user-del-2,del-107,44.811177,20.46458,in_transit
delivery_tracking,2026-06-01T08:42:30Z,user-del-2,del-107,44.811818,20.464281,in_transit
delivery_tracking,2026-06-01T08:42:40Z,user-del-2,del-107,44.811091,20.463505,in_transit
delivery_tracking,2026-06-01T08:42:50Z,user-del-2,del-107,44.811126,20.463935,in_transit
delivery_tracking,2026-06-01T08:43:00Z,user-del-2,del-107,44.810073,20.46362,in_transit
delivery_tracking,2026-06-01T08:43:10Z,user-del-2,del-107,44.810668,20.464143,in_transit
delivery_tracking,2026-06-01T08:43:20Z,user-del-2,del-107,44.811503,20.464797,in_transit
delivery_tracking,2026-06-01T08:43:30Z,user-del-2,del-107,44.812342,20.464561,in_transit
delivery_tracking,2026-06-01T08:43:40Z,user-del-2,del-107,44.812372,20.463792,in_transit
delivery_tracking,2026-06-01T08:43:50Z,user-del-2,del-107,44.812826,20.463004,in_transit
delivery_tracking,2026-06-01T08:44:00Z,user-del-2,del-107,44.813239,20.461913,in_transit
delivery_tracking,2026-06-01T08:44:10Z,user-del-2,del-107,44.812694,20.462759,in_transit
delivery_tracking,2026-06-01T08:44:20Z,user-del-2,del-107,44.813055,20.463664,in_transit
delivery_tracking,2026-06-01T08:44:30Z,user-del-2,del-107,44.81283,20.462829,in_transit
delivery_tracking,2026-06-01T08:44:40Z,user-del-2,del-107,44.81223,20.461642,in_transit
delivery_tracking,2026-06-01T08:44:50Z,user-del-2,del-107,44.811905,20.461373,in_transit
delivery_tracking,2026-06-01T08:45:00Z,user-del-2,del-107,44.812989,20.462315,in_transit
delivery_tracking,2026-06-01T08:45:10Z,user-del-2,del-107,44.814003,20.462096,in_transit
delivery_tracking,2026-06-01T08:45:20Z,user-del-2,del-107,44.813572,20.462534,in_transit
delivery_tracking,2026-06-01T08:45:30Z,user-del-2,del-107,44.814585,20.461702,in_transit
delivery_tracking,2026-06-01T08:45:40Z,user-del-2,del-107,44.813652,20.460957,in_transit
delivery_tracking,2026-06-01T08:45:50Z,user-del-2,del-107,44.814046,20.459773,in_transit
delivery_tracking,2026-06-01T08:46:00Z,user-del-2,del-107,44.814158,20.458656,in_transit
delivery_tracking,2026-06-01T08:46:10Z,user-del-2,del-107,44.815208,20.457603,in_transit
delivery_tracking,2026-06-01T08:46:20Z,user-del-2,del-107,44.814621,20.4581,in_transit
delivery_tracking,2026-06-01T08:46:30Z,user-del-2,del-107,44.815433,20.459032,in_transit
delivery_tracking,2026-06-01T08:46:40Z,user-del-2,del-107,44.815304,20.458519,in_transit
delivery_tracking,2026-06-01T08:46:50Z,user-del-2,del-107,44.814489,20.457634,in_transit
delivery_tracking,2026-06-01T08:47:00Z,user-del-2,del-107,44.814487,20.457686,completed
delivery_tracking,2026-06-01T08:47:10Z,user-del-2,del-107,44.814444,20.457631,completed
delivery_tracking,2026-06-01T08:47:20Z,user-del-2,del-107,44.814501,20.457554,completed
delivery_tracking,2026-06-01T08:47:30Z,user-del-2,del-107,44.814565,20.457542,completed
delivery_tracking,2026-06-01T08:47:40Z,user-del-2,del-107,44.81453,20.457619,completed
delivery_tracking,2026-06-01T08:47:50Z,user-del-2,del-107,44.81461,20.457658,completed
delivery_tracking,2026-06-01T09:03:00Z,user-del-2,del-108,44.81678,20.46176,accepted
delivery_tracking,2026-06-01T09:03:10Z,user-del-2,del-108,44.817105,20.461364,accepted
delivery_tracking,2026-06-01T09:03:20Z,user-del-2,del-108,44.817215,20.461221,accepted
delivery_tracking,2026-06-01T09:03:30Z,user-del-2,del-108,44.816274,20.46189,accepted
delivery_tracking,2026-06-01T09:03:40Z,user-del-2,del-108,44.816103,20.46291,accepted
delivery_tracking,2026-06-01T09:03:50Z,user-del-2,del-108,44.815147,20.462513,accepted
delivery_tracking,2026-06-01T09:04:00Z,user-del-2,del-108,44.815141,20.461781,accepted
delivery_tracking,2026-06-01T09:04:10Z,user-del-2,del-108,44.814329,20.462541,accepted
delivery_tracking,2026-06-01T09:04:20Z,user-del-2,del-108,44.814839,20.461925,accepted
delivery_tracking,2026-06-01T09:04:30Z,user-del-2,del-108,44.814781,20.461369,accepted
delivery_tracking,2026-06-01T09:04:40Z,user-del-2,del-108,44.815661,20.462097,accepted
delivery_tracking,2026-06-01T09:04:50Z,user-del-2,del-108,44.816855,20.461364,accepted
delivery_tracking,2026-06-01T09:05:00Z,user-del-2,del-108,44.815966,20.460918,accepted
delivery_tracking,2026-06-01T09:05:10Z,user-del-2,del-108,44.814988,20.460397,accepted
delivery_tracking,2026-06-01T09:05:20Z,user-del-2,del-108,44.815867,20.461344,accepted
delivery_tracking,2026-06-01T09:05:30Z,user-del-2,del-108,44.816634,20.460552,accepted
delivery_tracking,2026-06-01T09:05:40Z,user-del-2,del-108,44.817364,20.459554,accepted
delivery_tracking,2026-06-01T09:05:50Z,user-del-2,del-108,44.818284,20.459333,accepted
delivery_tracking,2026-06-01T09:06:00Z,user-del-2,del-108,44.817447,20.458338,accepted
delivery_tracking,2026-06-01T09:06:10Z,user-del-2,del-108,44.816816,20.459256,accepted
delivery_tracking,2026-06-01T09:06:20Z,user-del-2,del-108,44.817118,20.458577,accepted
delivery_tracking,2026-06-01T09:06:30Z,user-del-2,del-108,44.818314,20.457793,accepted
delivery_tracking,2026-06-01T09:06:40Z,user-del-2,del-108,44.81835,20.457404,accepted
delivery_tracking,2026-06-01T09:06:50Z,user-del-2,del-108,44.819307,20.457572,accepted
delivery_tracking,2026-06-01T09:07:00Z,user-del-2,del-108,44.819977,20.457937,in_transit
delivery_tracking,2026-06-01T09:07:10Z,user-del-2,del-108,44.819979,20.458149,in_transit
delivery_tracking,2026-06-01T09:07:20Z,user-del-2,del-108,44.820656,20.459033,in_transit
delivery_tracking,2026-06-01T09:07:30Z,user-del-2,del-108,44.820598,20.45921,in_transit
delivery_tracking,2026-06-01T09:07:40Z,user-del-2,del-108,44.819419,20.459883,in_transit
delivery_tracking,2026-06-01T09:07:50Z,user-del-2,del-108,44.819496,20.459215,in_transit
delivery_tracking,2026-06-01T09:08:00Z,user-del-2,del-108,44.818665,20.459839,in_transit
delivery_tracking,2026-06-01T09:08:10Z,user-del-2,del-108,44.819584,20.460838,in_transit
delivery_tracking,2026-06-01T09:08:20Z,user-del-2,del-108,44.81863,20.461179,in_transit
delivery_tracking,2026-06-01T09:08:30Z,user-del-2,del-108,44.819123,20.461965,in_transit
delivery_tracking,2026-06-01T09:08:40Z,user-del-2,del-108,44.819081,20.463131,in_transit
delivery_tracking,2026-06-01T09:08:50Z,user-del-2,del-108,44.818539,20.462076,in_transit
delivery_tracking,2026-06-01T09:09:00Z,user-del-2,del-108,44.818175,20.463019,in_transit
delivery_tracking,2026-06-01T09:09:10Z,user-del-2,del-108,44.818984,20.463299,in_transit
delivery_tracking,2026-06-01T09:09:20Z,user-del-2,del-108,44.820172,20.462618,in_transit
delivery_tracking,2026-06-01T09:09:30Z,user-del-2,del-108,44.81956,20.462391,in_transit
delivery_tracking,2026-06-01T09:09:40Z,user-del-2,del-108,44.819073,20.462475,in_transit
delivery_tracking,2026-06-01T09:09:50Z,user-del-2,del-108,44.818238,20.462688,in_transit
delivery_tracking,2026-06-01T09:10:00Z,user-del-2,del-108,44.81751,20.46249,in_transit
delivery_tracking,2026-06-01T09:10:10Z,user-del-2,del-108,44.816905,20.461709,in_transit
delivery_tracking,2026-06-01T09:10:20Z,user-del-2,del-108,44.816837,20.462685,in_transit
delivery_tracking,2026-06-01T09:10:30Z,user-del-2,del-108,44.817584,20.463733,in_transit
delivery_tracking,2026-06-01T09:10:40Z,user-del-2,del-108,44.817781,20.464536,in_transit
delivery_tracking,2026-06-01T09:10:50Z,user-del-2,del-108,44.817822,20.464695,in_transit
delivery_tracking,2026-06-01T09:11:00Z,user-del-2,del-108,44.818674,20.464934,in_transit
delivery_tracking,2026-06-01T09:11:10Z,user-del-2,del-108,44.818412,20.464204,in_transit
delivery_tracking,2026-06-01T09:11:20Z,user-del-2,del-108,44.817979,20.46506,in_transit
delivery_tracking,2026-06-01T09:11:30Z,user-del-2,del-108,44.817505,20.464245,in_transit
delivery_tracking,2026-06-01T09:11:40Z,user-del-2,del-108,44.81656,20.464721,in_transit
delivery_tracking,2026-06-01T09:11:50Z,user-del-2,del-108,44.817407,20.464662,in_transit
delivery_tracking,2026-06-01T09:12:00Z,user-del-2,del-108,44.817489,20.464967,in_transit
delivery_tracking,2026-06-01T09:12:10Z,user-del-2,del-108,44.817821,20.464886,in_transit
delivery_tracking,2026-06-01T09:12:20Z,user-del-2,del-108,44.818822,20.463776,in_transit
delivery_tracking,2026-06-01T09:12:30Z,user-del-2,del-108,44.81921,20.464711,in_transit
delivery_tracking,2026-06-01T09:12:40Z,user-del-2,del-108,44.819286,20.463839,in_transit
delivery_tracking,2026-06-01T09:12:50Z,user-del-2,del-108,44.818091,20.462673,in_transit
delivery_tracking,2026-06-01T09:13:00Z,user-del-2,del-108,44.818498,20.4631,in_transit
delivery_tracking,2026-06-01T09:13:10Z,user-del-2,del-108,44.818305,20.46266,in_transit
delivery_tracking,2026-06-01T09:13:20Z,user-del-2,del-108,44.819503,20.463025,in_transit
delivery_tracking,2026-06-01T09:13:30Z,user-del-2,del-108,44.819315,20.464101,in_transit
delivery_tracking,2026-06-01T09:13:40Z,user-del-2,del-108,44.818632,20.463236,in_transit
delivery_tracking,2026-06-01T09:13:50Z,user-del-2,del-108,44.819763,20.462094,in_transit
delivery_tracking,2026-06-01T09:14:00Z,user-del-2,del-108,44.819918,20.461222,in_transit
delivery_tracking,2026-06-01T09:14:10Z,user-del-2,del-108,44.819974,20.462396,in_transit
delivery_tracking,2026-06-01T09:14:20Z,user-del-2,del-108,44.820308,20.461365,in_transit
delivery_tracking,2026-06-01T09:14:30Z,user-del-2,del-108,44.819653,20.462479,in_transit
delivery_tracking,2026-06-01T09:14:40Z,user-del-2,del-108,44.820626,20.463176,in_transit
delivery_tracking,2026-06-01T09:14:50Z,user-del-2,del-108,44.820851,20.462456,in_transit
delivery_tracking,2026-06-01T09:15:00Z,user-del-2,del-108,44.822012,20.461725,in_transit
delivery_tracking,2026-06-01T09:15:10Z,user-del-2,del-108,44.821473,20.461011,in_transit
delivery_tracking,2026-06-01T09:15:20Z,user-del-2,del-108,44.82229,20.461665,in_transit
delivery_tracking,2026-06-01T09:15:30Z,user-del-2,del-108,44.822749,20.46197,in_transit
delivery_tracking,2026-06-01T09:15:40Z,user-del-2,del-108,44.82232,20.462384,in_transit
delivery_tracking,2026-06-01T09:15:50Z,user-del-2,del-108,44.822487,20.461886,in_transit
delivery_tracking,2026-06-01T09:16:00Z,user-del-2,del-108,44.822821,20.46154,in_transit
delivery_tracking,2026-06-01T09:16:10Z,user-del-2,del-108,44.82238,20.46111,in_transit
delivery_tracking,2026-06-01T09:16:20Z,user-del-2,del-108,44.821972,20.460563,in_transit
delivery_tracking,2026-06-01T09:16:30Z,user-del-2,del-108,44.822307,20.461432,in_transit
delivery_tracking,2026-06-01T09:16:40Z,user-del-2,del-108,44.821193,20.461802,in_transit
delivery_tracking,2026-06-01T09:16:50Z,user-del-2,del-108,44.820959,20.462262,in_transit
delivery_tracking,2026-06-01T09:17:00Z,user-del-2,del-108,44.819822,20.461974,in_transit
delivery_tracking,2026-06-01T09:17:10Z,user-del-2,del-108,44.819412,20.461677,in_transit
delivery_tracking,2026-06-01T09:17:20Z,user-del-2,del-108,44.819758,20.460749,in_transit
delivery_tracking,2026-06-01T09:17:30Z,user-del-2,del-108,44.820656,20.459597,in_transit
delivery_tracking,2026-06-01T09:17:40Z,user-del-2,del-108,44.820467,20.460514,in_transit
delivery_tracking,2026-06-01T09:17:50Z,user-del-2,del-108,44.820228,20.461451,in_transit
delivery_tracking,2026-06-01T09:18:00Z,user-del-2,del-108,44.821273,20.462201,in_transit
delivery_tracking,2026-06-01T09:18:10Z,user-del-2,del-108,44.820109,20.462419,in_transit
delivery_tracking,2026-06-01T09:18:20Z,user-del-2,del-108,44.819381,20.462481,in_transit
delivery_tracking,2026-06-01T09:18:30Z,user-del-2,del-108,44.819389,20.463293,in_transit
delivery_tracking,2026-06-01T09:18:40Z,user-del-2,del-108,44.819786,20.464445,in_transit
delivery_tracking,2026-06-01T09:18:50Z,user-del-2,del-108,44.820262,20.464211,in_transit
delivery_tracking,2026-06-01T09:19:00Z,user-del-2,del-108,44.820683,20.464078,in_transit
delivery_tracking,2026-06-01T09:19:10Z,user-del-2,del-108,44.821581,20.464832,in_transit
delivery_tracking,2026-06-01T09:19:20Z,user-del-2,del-108,44.821677,20.46536,in_transit
delivery_tracking,2026-06-01T09:19:30Z,user-del-2,del-108,44.821462,20.465459,in_transit
delivery_tracking,2026-06-01T09:19:40Z,user-del-2,del-108,44.820499,20.464804,in_transit
delivery_tracking,2026-06-01T09:19:50Z,user-del-2,del-108,44.821524,20.463648,in_transit
delivery_tracking,2026-06-01T09:20:00Z,user-del-2,del-108,44.821752,20.464172,in_transit
delivery_tracking,2026-06-01T09:20:10Z,user-del-2,del-108,44.821578,20.464324,in_transit
delivery_tracking,2026-06-01T09:20:20Z,user-del-2,del-108,44.821573,20.464919,in_transit
delivery_tracking,2026-06-01T09:20:30Z,user-del-2,del-108,44.820557,20.465029,in_transit
delivery_tracking,2026-06-01T09:20:40Z,user-del-2,del-108,44.82093,20.46437,in_transit
delivery_tracking,2026-06-01T09:20:50Z,user-del-2,del-108,44.820641,20.46367,in_transit
delivery_tracking,2026-06-01T09:21:00Z,user-del-2,del-108,44.819871,20.463885,in_transit
delivery_tracking,2026-06-01T09:21:10Z,user-del-2,del-108,44.818885,20.465013,in_transit
delivery_tracking,2026-06-01T09:21:20Z,user-del-2,del-108,44.818444,20.465187,in_transit
delivery_tracking,2026-06-01T09:21:30Z,user-del-2,del-108,44.819402,20.464674,in_transit
delivery_tracking,2026-06-01T09:21:40Z,user-del-2,del-108,44.818927,20.465859,in_transit
delivery_tracking,2026-06-01T09:21:50Z,user-del-2,del-108,44.819136,20.465843,in_transit
delivery_tracking,2026-06-01T09:22:00Z,user-del-2,del-108,44.818886,20.464678,in_transit
delivery_tracking,2026-06-01T09:22:10Z,user-del-2,del-108,44.818356,20.463881,in_transit
delivery_tracking,2026-06-01T09:22:20Z,user-del-2,del-108,44.819354,20.463159,in_transit
delivery_tracking,2026-06-01T09:22:30Z,user-del-2,del-108,44.82048,20.46256,in_transit
delivery_tracking,2026-06-01T09:22:40Z,user-del-2,del-108,44.820219,20.46227,in_transit
delivery_tracking,2026-06-01T09:22:50Z,user-del-2,del-108,44.82095,20.462229,in_transit
delivery_tracking,2026-06-01T09:23:00Z,user-del-2,del-108,44.820564,20.461419,in_transit
delivery_tracking,2026-06-01T09:23:10Z,user-del-2,del-108,44.821171,20.460419,in_transit
delivery_tracking,2026-06-01T09:23:20Z,user-del-2,del-108,44.821642,20.459715,in_transit
delivery_tracking,2026-06-01T09:23:30Z,user-del-2,del-108,44.822641,20.45981,in_transit
delivery_tracking,2026-06-01T09:23:40Z,user-del-2,del-108,44.822364,20.460432,in_transit
delivery_tracking,2026-06-01T09:23:50Z,user-del-2,del-108,44.821699,20.459297,in_transit
delivery_tracking,2026-06-01T09:24:00Z,user-del-2,del-108,44.821195,20.460027,in_transit
delivery_tracking,2026-06-01T09:24:10Z,user-del-2,del-108,44.821305,20.460774,in_transit
delivery_tracking,2026-06-01T09:24:20Z,user-del-2,del-108,44.820277,20.461603,in_transit
delivery_tracking,2026-06-01T09:24:30Z,user-del-2,del-108,44.820384,20.462192,in_transit
delivery_tracking,2026-06-01T09:24:40Z,user-del-2,del-108,44.821173,20.462178,in_transit
delivery_tracking,2026-06-01T09:24:50Z,user-del-2,del-108,44.822299,20.461362,in_transit
delivery_tracking,2026-06-01T09:25:00Z,user-del-2,del-108,44.822211,20.461297,completed
delivery_tracking,2026-06-01T09:25:10Z,user-del-2,del-108,44.822177,20.461368,completed
delivery_tracking,2026-06-01T09:25:20Z,user-del-2,del-108,44.822188,20.461395,completed
delivery_tracking,2026-06-01T09:25:30Z,user-del-2,del-108,44.822153,20.461484,completed
delivery_tracking,2026-06-01T09:25:40Z,user-del-2,del-108,44.822222,20.461571,completed
delivery_tracking,2026-06-01T09:25:50Z,user-del-2,del-108,44.822197,20.461624,completed
delivery_tracking,2026-06-01T09:26:00Z,user-del-2,del-108,44.822281,20.461564,completed
delivery_tracking,2026-06-01T09:26:10Z,user-del-2,del-108,44.822367,20.461542,completed
delivery_tracking,2026-06-01T09:26:20Z,user-del-2,del-108,44.822321,20.461619,completed
delivery_tracking,2026-06-01T09:26:30Z,user-del-2,del-108,44.822293,20.461632,completed
delivery_tracking,2026-06-01T09:26:40Z,user-del-2,del-108,44.82238,20.461576,completed
delivery_tracking,2026-06-01T09:26:50Z,user-del-2,del-108,44.822382,20.461651,completed
delivery_tracking,2026-06-01T09:46:00Z,user-del-2,del-109,44.823099,20.462725,accepted
delivery_tracking,2026-06-01T09:46:10Z,user-del-2,del-109,44.823139,20.463162,accepted
delivery_tracking,2026-06-01T09:46:20Z,user-del-2,del-109,44.823343,20.462886,accepted
delivery_tracking,2026-06-01T09:46:30Z,user-del-2,del-109,44.824032,20.461858,accepted
delivery_tracking,2026-06-01T09:46:40Z,user-del-2,del-109,44.824432,20.461217,accepted
delivery_tracking,2026-06-01T09:46:50Z,user-del-2,del-109,44.824344,20.460235,accepted
delivery_tracking,2026-06-01T09:47:00Z,user-del-2,del-109,44.823592,20.459985,accepted
delivery_tracking,2026-06-01T09:47:10Z,user-del-2,del-109,44.823836,20.459256,accepted
delivery_tracking,2026-06-01T09:47:20Z,user-del-2,del-109,44.823538,20.45889,accepted
delivery_tracking,2026-06-01T09:47:30Z,user-del-2,del-109,44.822924,20.457711,accepted
delivery_tracking,2026-06-01T09:47:40Z,user-del-2,del-109,44.822687,20.458489,accepted
delivery_tracking,2026-06-01T09:47:50Z,user-del-2,del-109,44.823135,20.459228,accepted
delivery_tracking,2026-06-01T09:48:00Z,user-del-2,del-109,44.82236,20.459387,accepted
delivery_tracking,2026-06-01T09:48:10Z,user-del-2,del-109,44.822754,20.459429,accepted
delivery_tracking,2026-06-01T09:48:20Z,user-del-2,del-109,44.822233,20.459823,accepted
delivery_tracking,2026-06-01T09:48:30Z,user-del-2,del-109,44.82179,20.459944,accepted
delivery_tracking,2026-06-01T09:48:40Z,user-del-2,del-109,44.821944,20.4607,accepted
delivery_tracking,2026-06-01T09:48:50Z,user-del-2,del-109,44.821335,20.461129,accepted
delivery_tracking,2026-06-01T09:49:00Z,user-del-2,del-109,44.821157,20.461621,in_transit
delivery_tracking,2026-06-01T09:49:10Z,user-del-2,del-109,44.822028,20.461404,in_transit
delivery_tracking,2026-06-01T09:49:20Z,user-del-2,del-109,44.822802,20.462412,in_transit
delivery_tracking,2026-06-01T09:49:30Z,user-del-2,del-109,44.822999,20.462464,in_transit
delivery_tracking,2026-06-01T09:49:40Z,user-del-2,del-109,44.82349,20.4633,in_transit
delivery_tracking,2026-06-01T09:49:50Z,user-del-2,del-109,44.824441,20.463155,in_transit
delivery_tracking,2026-06-01T09:50:00Z,user-del-2,del-109,44.824429,20.464025,in_transit
delivery_tracking,2026-06-01T09:50:10Z,user-del-2,del-109,44.823528,20.464991,in_transit
delivery_tracking,2026-06-01T09:50:20Z,user-del-2,del-109,44.823835,20.464206,in_transit
delivery_tracking,2026-06-01T09:50:30Z,user-del-2,del-109,44.822906,20.465399,in_transit
delivery_tracking,2026-06-01T09:50:40Z,user-del-2,del-109,44.822788,20.466289,in_transit
delivery_tracking,2026-06-01T09:50:50Z,user-del-2,del-109,44.822538,20.466616,in_transit
delivery_tracking,2026-06-01T09:51:00Z,user-del-2,del-109,44.821441,20.466335,in_transit
delivery_tracking,2026-06-01T09:51:10Z,user-del-2,del-109,44.820752,20.465397,in_transit
delivery_tracking,2026-06-01T09:51:20Z,user-del-2,del-109,44.820284,20.466115,in_transit
delivery_tracking,2026-06-01T09:51:30Z,user-del-2,del-109,44.819689,20.465684,in_transit
delivery_tracking,2026-06-01T09:51:40Z,user-del-2,del-109,44.819372,20.464538,in_transit
delivery_tracking,2026-06-01T09:51:50Z,user-del-2,del-109,44.818875,20.465533,in_transit
delivery_tracking,2026-06-01T09:52:00Z,user-del-2,del-109,44.818285,20.465592,in_transit
delivery_tracking,2026-06-01T09:52:10Z,user-del-2,del-109,44.819468,20.466246,in_transit
delivery_tracking,2026-06-01T09:52:20Z,user-del-2,del-109,44.81853,20.467388,in_transit
delivery_tracking,2026-06-01T09:52:30Z,user-del-2,del-109,44.81788,20.466674,in_transit
delivery_tracking,2026-06-01T09:52:40Z,user-del-2,del-109,44.817459,20.46559,in_transit
delivery_tracking,2026-06-01T09:52:50Z,user-del-2,del-109,44.817558,20.46521,in_transit
delivery_tracking,2026-06-01T09:53:00Z,user-del-2,del-109,44.817772,20.464526,in_transit
delivery_tracking,2026-06-01T09:53:10Z,user-del-2,del-109,44.818802,20.464078,in_transit
delivery_tracking,2026-06-01T09:53:20Z,user-del-2,del-109,44.819149,20.464983,in_transit
delivery_tracking,2026-06-01T09:53:30Z,user-del-2,del-109,44.818948,20.464615,in_transit
delivery_tracking,2026-06-01T09:53:40Z,user-del-2,del-109,44.819402,20.465031,in_transit
delivery_tracking,2026-06-01T09:53:50Z,user-del-2,del-109,44.819294,20.464123,in_transit
delivery_tracking,2026-06-01T09:54:00Z,user-del-2,del-109,44.819776,20.464801,in_transit
delivery_tracking,2026-06-01T09:54:10Z,user-del-2,del-109,44.820906,20.465039,in_transit
delivery_tracking,2026-06-01T09:54:20Z,user-del-2,del-109,44.819752,20.464348,in_transit
delivery_tracking,2026-06-01T09:54:30Z,user-del-2,del-109,44.819622,20.463385,in_transit
delivery_tracking,2026-06-01T09:54:40Z,user-del-2,del-109,44.819739,20.4625,in_transit
delivery_tracking,2026-06-01T09:54:50Z,user-del-2,del-109,44.818999,20.461585,in_transit
delivery_tracking,2026-06-01T09:55:00Z,user-del-2,del-109,44.817808,20.461624,in_transit
delivery_tracking,2026-06-01T09:55:10Z,user-del-2,del-109,44.816924,20.460564,in_transit
delivery_tracking,2026-06-01T09:55:20Z,user-del-2,del-109,44.816712,20.459761,in_transit
delivery_tracking,2026-06-01T09:55:30Z,user-del-2,del-109,44.815827,20.460498,in_transit
delivery_tracking,2026-06-01T09:55:40Z,user-del-2,del-109,44.814884,20.459981,in_transit
delivery_tracking,2026-06-01T09:55:50Z,user-del-2,del-109,44.814087,20.45998,in_transit
delivery_tracking,2026-06-01T09:56:00Z,user-del-2,del-109,44.813904,20.460222,in_transit
delivery_tracking,2026-06-01T09:56:10Z,user-del-2,del-109,44.814256,20.460833,in_transit
delivery_tracking,2026-06-01T09:56:20Z,user-del-2,del-109,44.814853,20.460264,in_transit
delivery_tracking,2026-06-01T09:56:30Z,user-del-2,del-109,44.813698,20.461316,in_transit
delivery_tracking,2026-06-01T09:56:40Z,user-del-2,del-109,44.814691,20.461068,in_transit
delivery_tracking,2026-06-01T09:56:50Z,user-del-2,del-109,44.814742,20.462251,in_transit
delivery_tracking,2026-06-01T09:57:00Z,user-del-2,del-109,44.815939,20.461981,in_transit
delivery_tracking,2026-06-01T09:57:10Z,user-del-2,del-109,44.815474,20.46148,in_transit
delivery_tracking,2026-06-01T09:57:20Z,user-del-2,del-109,44.814933,20.460632,in_transit
delivery_tracking,2026-06-01T09:57:30Z,user-del-2,del-109,44.815266,20.45982,in_transit
delivery_tracking,2026-06-01T09:57:40Z,user-del-2,del-109,44.816303,20.459808,in_transit
delivery_tracking,2026-06-01T09:57:50Z,user-del-2,del-109,44.81715,20.460227,in_transit
delivery_tracking,2026-06-01T09:58:00Z,user-del-2,del-109,44.817995,20.459974,in_transit
delivery_tracking,2026-06-01T09:58:10Z,user-del-2,del-109,44.81758,20.460723,in_transit
delivery_tracking,2026-06-01T09:58:20Z,user-del-2,del-109,44.816862,20.461499,in_transit
delivery_tracking,2026-06-01T09:58:30Z,user-del-2,del-109,44.817183,20.46083,in_transit
delivery_tracking,2026-06-01T09:58:40Z,user-del-2,del-109,44.81676,20.46168,in_transit
delivery_tracking,2026-06-01T09:58:50Z,user-del-2,del-109,44.817505,20.460814,in_transit
delivery_tracking,2026-06-01T09:59:00Z,user-del-2,del-109,44.817152,20.460665,in_transit
delivery_tracking,2026-06-01T09:59:10Z,user-del-2,del-109,44.816234,20.460315,in_transit
delivery_tracking,2026-06-01T09:59:20Z,user-del-2,del-109,44.815405,20.46132,in_transit
delivery_tracking,2026-06-01T09:59:30Z,user-del-2,del-109,44.815227,20.461568,in_transit
delivery_tracking,2026-06-01T09:59:40Z,user-del-2,del-109,44.814593,20.462274,in_transit
delivery_tracking,2026-06-01T09:59:50Z,user-del-2,del-109,44.814729,20.461572,in_transit
delivery_tracking,2026-06-01T10:00:00Z,user-del-2,del-109,44.813584,20.460787,in_transit
delivery_tracking,2026-06-01T10:00:10Z,user-del-2,del-109,44.813376,20.460617,in_transit
delivery_tracking,2026-06-01T10:00:20Z,user-del-2,del-109,44.813019,20.459556,in_transit
delivery_tracking,2026-06-01T10:00:30Z,user-del-2,del-109,44.81247,20.458675,in_transit
delivery_tracking,2026-06-01T10:00:40Z,user-del-2,del-109,44.813185,20.458617,in_transit
delivery_tracking,2026-06-01T10:00:50Z,user-del-2,del-109,44.812278,20.45956,in_transit
delivery_tracking,2026-06-01T10:01:00Z,user-del-2,del-109,44.812449,20.458518,in_transit
delivery_tracking,2026-06-01T10:01:10Z,user-del-2,del-109,44.812707,20.457326,in_transit
delivery_tracking,2026-06-01T10:01:20Z,user-del-2,del-109,44.811785,20.458231,in_transit
delivery_tracking,2026-06-01T10:01:30Z,user-del-2,del-109,44.811751,20.459319,in_transit
delivery_tracking,2026-06-01T10:01:40Z,user-del-2,del-109,44.810909,20.458987,in_transit
delivery_tracking,2026-06-01T10:01:50Z,user-del-2,del-109,44.81128,20.458096,in_transit
delivery_tracking,2026-06-01T10:02:00Z,user-del-2,del-109,44.811247,20.458111,completed
delivery_tracking,2026-06-01T10:02:10Z,user-del-2,del-109,44.811154,20.458101,completed
delivery_tracking,2026-06-01T10:02:20Z,user-del-2,del-109,44.811101,20.458036,completed
delivery_tracking,2026-06-01T10:02:30Z,user-del-2,del-109,44.811123,20.458087,completed
delivery_tracking,2026-06-01T10:02:40Z,user-del-2,del-109,44.811156,20.458103,completed
delivery_tracking,2026-06-01T10:02:50Z,user-del-2,del-109,44.811237,20.45817,completed
delivery_tracking,2026-06-01T10:03:00Z,user-del-2,del-109,44.811272,20.458187,completed
delivery_tracking,2026-06-01T10:03:10Z,user-del-2,del-109,44.811227,20.458252,completed
delivery_tracking,2026-06-01T10:03:20Z,user-del-2,del-109,44.811221,20.458277,completed
delivery_tracking,2026-06-01T10:03:30Z,user-del-2,del-109,44.811262,20.458367,completed
delivery_tracking,2026-06-01T10:03:40Z,user-del-2,del-109,44.811172,20.458273,completed
delivery_tracking,2026-06-01T10:03:50Z,user-del-2,del-109,44.811253,20.458189,completed
delivery_tracking,2026-06-01T10:24:00Z,user-del-2,del-110,44.812068,20.461205,accepted
delivery_tracking,2026-06-01T10:24:10Z,user-del-2,del-110,44.812337,20.461906,accepted
delivery_tracking,2026-06-01T10:24:20Z,user-del-2,del-110,44.812685,20.462456,accepted
delivery_tracking,2026-06-01T10:24:30Z,user-del-2,del-110,44.812139,20.462237,accepted
delivery_tracking,2026-06-01T10:24:40Z,user-del-2,del-110,44.812778,20.462439,accepted
delivery_tracking,2026-06-01T10:24:50Z,user-del-2,del-110,44.812096,20.463254,accepted
delivery_tracking,2026-06-01T10:25:00Z,user-del-2,del-110,44.812806,20.46211,accepted
delivery_tracking,2026-06-01T10:25:10Z,user-del-2,del-110,44.81182,20.461919,accepted
delivery_tracking,2026-06-01T10:25:20Z,user-del-2,del-110,44.812339,20.460938,accepted
delivery_tracking,2026-06-01T10:25:30Z,user-del-2,del-110,44.813199,20.461876,accepted
delivery_tracking,2026-06-01T10:25:40Z,user-del-2,del-110,44.813027,20.462779,accepted
delivery_tracking,2026-06-01T10:25:50Z,user-del-2,del-110,44.812996,20.463804,accepted
delivery_tracking,2026-06-01T10:26:00Z,user-del-2,del-110,44.814041,20.464396,accepted
delivery_tracking,2026-06-01T10:26:10Z,user-del-2,del-110,44.813844,20.464828,accepted
delivery_tracking,2026-06-01T10:26:20Z,user-del-2,del-110,44.813301,20.465103,accepted
delivery_tracking,2026-06-01T10:26:30Z,user-del-2,del-110,44.813629,20.464738,accepted
delivery_tracking,2026-06-01T10:26:40Z,user-del-2,del-110,44.813683,20.464024,accepted
delivery_tracking,2026-06-01T10:26:50Z,user-del-2,del-110,44.812586,20.463403,accepted
delivery_tracking,2026-06-01T10:27:00Z,user-del-2,del-110,44.812987,20.464122,accepted
delivery_tracking,2026-06-01T10:27:10Z,user-del-2,del-110,44.812027,20.463105,accepted
delivery_tracking,2026-06-01T10:27:20Z,user-del-2,del-110,44.812205,20.462105,accepted
delivery_tracking,2026-06-01T10:27:30Z,user-del-2,del-110,44.812248,20.462177,accepted
delivery_tracking,2026-06-01T10:27:40Z,user-del-2,del-110,44.811739,20.461036,accepted
delivery_tracking,2026-06-01T10:27:50Z,user-del-2,del-110,44.810992,20.461707,accepted
delivery_tracking,2026-06-01T10:28:00Z,user-del-2,del-110,44.810192,20.462047,accepted
delivery_tracking,2026-06-01T10:28:10Z,user-del-2,del-110,44.810014,20.461878,accepted
delivery_tracking,2026-06-01T10:28:20Z,user-del-2,del-110,44.809353,20.461775,accepted
delivery_tracking,2026-06-01T10:28:30Z,user-del-2,del-110,44.809094,20.46119,accepted
delivery_tracking,2026-06-01T10:28:40Z,user-del-2,del-110,44.809861,20.4603,accepted
delivery_tracking,2026-06-01T10:28:50Z,user-del-2,del-110,44.809209,20.461235,accepted
delivery_tracking,2026-06-01T10:29:00Z,user-del-2,del-110,44.808663,20.461254,in_transit
delivery_tracking,2026-06-01T10:29:10Z,user-del-2,del-110,44.808475,20.460799,in_transit
delivery_tracking,2026-06-01T10:29:20Z,user-del-2,del-110,44.809131,20.460695,in_transit
delivery_tracking,2026-06-01T10:29:30Z,user-del-2,del-110,44.810025,20.461297,in_transit
delivery_tracking,2026-06-01T10:29:40Z,user-del-2,del-110,44.810032,20.460886,in_transit
delivery_tracking,2026-06-01T10:29:50Z,user-del-2,del-110,44.809774,20.46103,in_transit
delivery_tracking,2026-06-01T10:30:00Z,user-del-2,del-110,44.809734,20.461776,in_transit
delivery_tracking,2026-06-01T10:30:10Z,user-del-2,del-110,44.809307,20.462757,in_transit
delivery_tracking,2026-06-01T10:30:20Z,user-del-2,del-110,44.808373,20.462468,in_transit
delivery_tracking,2026-06-01T10:30:30Z,user-del-2,del-110,44.808783,20.462962,in_transit
delivery_tracking,2026-06-01T10:30:40Z,user-del-2,del-110,44.808969,20.46411,in_transit
delivery_tracking,2026-06-01T10:30:50Z,user-del-2,del-110,44.809381,20.464844,in_transit
delivery_tracking,2026-06-01T10:31:00Z,user-del-2,del-110,44.809028,20.464076,in_transit
delivery_tracking,2026-06-01T10:31:10Z,user-del-2,del-110,44.8092,20.464469,in_transit
delivery_tracking,2026-06-01T10:31:20Z,user-del-2,del-110,44.810003,20.463787,in_transit
delivery_tracking,2026-06-01T10:31:30Z,user-del-2,del-110,44.809249,20.463599,in_transit
delivery_tracking,2026-06-01T10:31:40Z,user-del-2,del-110,44.809413,20.462606,in_transit
delivery_tracking,2026-06-01T10:31:50Z,user-del-2,del-110,44.810057,20.462679,in_transit
delivery_tracking,2026-06-01T10:32:00Z,user-del-2,del-110,44.810477,20.462674,in_transit
delivery_tracking,2026-06-01T10:32:10Z,user-del-2,del-110,44.810361,20.462793,in_transit
delivery_tracking,2026-06-01T10:32:20Z,user-del-2,del-110,44.810542,20.462416,in_transit
delivery_tracking,2026-06-01T10:32:30Z,user-del-2,del-110,44.810602,20.462658,in_transit
delivery_tracking,2026-06-01T10:32:40Z,user-del-2,del-110,44.810889,20.461771,in_transit
delivery_tracking,2026-06-01T10:32:50Z,user-del-2,del-110,44.809877,20.462552,in_transit
delivery_tracking,2026-06-01T10:33:00Z,user-del-2,del-110,44.810834,20.461672,in_transit
delivery_tracking,2026-06-01T10:33:10Z,user-del-2,del-110,44.810458,20.462594,in_transit
delivery_tracking,2026-06-01T10:33:20Z,user-del-2,del-110,44.810074,20.463163,in_transit
delivery_tracking,2026-06-01T10:33:30Z,user-del-2,del-110,44.809037,20.464152,in_transit
delivery_tracking,2026-06-01T10:33:40Z,user-del-2,del-110,44.808119,20.464122,in_transit
delivery_tracking,2026-06-01T10:33:50Z,user-del-2,del-110,44.809304,20.464362,in_transit
delivery_tracking,2026-06-01T10:34:00Z,user-del-2,del-110,44.810353,20.463424,in_transit
delivery_tracking,2026-06-01T10:34:10Z,user-del-2,del-110,44.811379,20.462667,in_transit
delivery_tracking,2026-06-01T10:34:20Z,user-del-2,del-110,44.811763,20.463116,in_transit
delivery_tracking,2026-06-01T10:34:30Z,user-del-2,del-110,44.812135,20.463165,in_transit
delivery_tracking,2026-06-01T10:34:40Z,user-del-2,del-110,44.811112,20.462784,in_transit
delivery_tracking,2026-06-01T10:34:50Z,user-del-2,del-110,44.81114,20.462321,in_transit
delivery_tracking,2026-06-01T10:35:00Z,user-del-2,del-110,44.811697,20.461418,in_transit
delivery_tracking,2026-06-01T10:35:10Z,user-del-2,del-110,44.812805,20.461587,in_transit
delivery_tracking,2026-06-01T10:35:20Z,user-del-2,del-110,44.811659,20.461392,in_transit
delivery_tracking,2026-06-01T10:35:30Z,user-del-2,del-110,44.811131,20.461527,in_transit
delivery_tracking,2026-06-01T10:35:40Z,user-del-2,del-110,44.811514,20.460874,in_transit
delivery_tracking,2026-06-01T10:35:50Z,user-del-2,del-110,44.812239,20.461539,in_transit
delivery_tracking,2026-06-01T10:36:00Z,user-del-2,del-110,44.81178,20.462389,in_transit
delivery_tracking,2026-06-01T10:36:10Z,user-del-2,del-110,44.810835,20.462891,in_transit
delivery_tracking,2026-06-01T10:36:20Z,user-del-2,del-110,44.811138,20.463848,in_transit
delivery_tracking,2026-06-01T10:36:30Z,user-del-2,del-110,44.810269,20.464684,in_transit
delivery_tracking,2026-06-01T10:36:40Z,user-del-2,del-110,44.809961,20.464745,in_transit
delivery_tracking,2026-06-01T10:36:50Z,user-del-2,del-110,44.810495,20.463681,in_transit
delivery_tracking,2026-06-01T10:37:00Z,user-del-2,del-110,44.809485,20.463447,in_transit
delivery_tracking,2026-06-01T10:37:10Z,user-del-2,del-110,44.808795,20.46286,in_transit
delivery_tracking,2026-06-01T10:37:20Z,user-del-2,del-110,44.8076,20.463942,in_transit
delivery_tracking,2026-06-01T10:37:30Z,user-del-2,del-110,44.806648,20.46451,in_transit
delivery_tracking,2026-06-01T10:37:40Z,user-del-2,del-110,44.807062,20.463869,in_transit
delivery_tracking,2026-06-01T10:37:50Z,user-del-2,del-110,44.807084,20.46391,in_transit
delivery_tracking,2026-06-01T10:38:00Z,user-del-2,del-110,44.807885,20.462877,in_transit
delivery_tracking,2026-06-01T10:38:10Z,user-del-2,del-110,44.806923,20.463379,in_transit
delivery_tracking,2026-06-01T10:38:20Z,user-del-2,del-110,44.806322,20.463331,in_transit
delivery_tracking,2026-06-01T10:38:30Z,user-del-2,del-110,44.806639,20.463497,in_transit
delivery_tracking,2026-06-01T10:38:40Z,user-del-2,del-110,44.807298,20.464087,in_transit
delivery_tracking,2026-06-01T10:38:50Z,user-del-2,del-110,44.8076,20.463712,in_transit
delivery_tracking,2026-06-01T10:39:00Z,user-del-2,del-110,44.807051,20.463332,in_transit
delivery_tracking,2026-06-01T10:39:10Z,user-del-2,del-110,44.806328,20.463651,in_transit
delivery_tracking,2026-06-01T10:39:20Z,user-del-2,del-110,44.806571,20.463571,in_transit
delivery_tracking,2026-06-01T10:39:30Z,user-del-2,del-110,44.80762,20.464281,in_transit
delivery_tracking,2026-06-01T10:39:40Z,user-del-2,del-110,44.808815,20.464329,in_transit
delivery_tracking,2026-06-01T10:39:50Z,user-del-2,del-110,44.809107,20.464279,in_transit
delivery_tracking,2026-06-01T10:40:00Z,user-del-2,del-110,44.808211,20.463288,in_transit
delivery_tracking,2026-06-01T10:40:10Z,user-del-2,del-110,44.808139,20.463888,in_transit
delivery_tracking,2026-06-01T10:40:20Z,user-del-2,del-110,44.80751,20.463808,in_transit
delivery_tracking,2026-06-01T10:40:30Z,user-del-2,del-110,44.807789,20.46491,in_transit
delivery_tracking,2026-06-01T10:40:40Z,user-del-2,del-110,44.808071,20.464036,in_transit
delivery_tracking,2026-06-01T10:40:50Z,user-del-2,del-110,44.807695,20.463408,in_transit
delivery_tracking,2026-06-01T10:41:00Z,user-del-2,del-110,44.806682,20.464342,in_transit
delivery_tracking,2026-06-01T10:41:10Z,user-del-2,del-110,44.80762,20.464441,in_transit
delivery_tracking,2026-06-01T10:41:20Z,user-del-2,del-110,44.807274,20.465214,in_transit
delivery_tracking,2026-06-01T10:41:30Z,user-del-2,del-110,44.806355,20.466403,in_transit
delivery_tracking,2026-06-01T10:41:40Z,user-del-2,del-110,44.807453,20.466959,in_transit
delivery_tracking,2026-06-01T10:41:50Z,user-del-2,del-110,44.80698,20.46588,in_transit
delivery_tracking,2026-06-01T10:42:00Z,user-del-2,del-110,44.806896,20.465887,completed
delivery_tracking,2026-06-01T10:42:10Z,user-del-2,del-110,44.806991,20.465965,completed
delivery_tracking,2026-06-01T10:42:20Z,user-del-2,del-110,44.807047,20.465912,completed
delivery_tracking,2026-06-01T10:42:30Z,user-del-2,del-110,44.807059,20.465947,completed
delivery_tracking,2026-06-01T10:42:40Z,user-del-2,del-110,44.807062,20.466017,completed
delivery_tracking,2026-06-01T10:42:50Z,user-del-2,del-110,44.807139,20.466038,completed
delivery_tracking,2026-06-01T10:43:00Z,user-del-2,del-110,44.807183,20.466088,completed
delivery_tracking,2026-06-01T10:43:10Z,user-del-2,del-110,44.807158,20.466037,completed
delivery_tracking,2026-06-01T10:43:20Z,user-del-2,del-110,44.807211,20.466098,completed
delivery_tracking,2026-06-01T10:43:30Z,user-del-2,del-110,44.80729,20.466004,completed
delivery_tracking,2026-06-01T10:43:40Z,user-del-2,del-110,44.807238,20.46598,completed
delivery_tracking,2026-06-01T10:43:50Z,user-del-2,del-110,44.8072,20.465961,completed
delivery_tracking,2026-06-01T10:58:00Z,user-del-2,del-111,44.804952,20.464565,accepted
delivery_tracking,2026-06-01T10:58:10Z,user-del-2,del-111,44.804409,20.464376,accepted
delivery_tracking,2026-06-01T10:58:20Z,user-del-2,del-111,44.80445,20.463869,accepted
delivery_tracking,2026-06-01T10:58:30Z,user-del-2,del-111,44.805265,20.463585,accepted
delivery_tracking,2026-06-01T10:58:40Z,user-del-2,del-111,44.805433,20.464092,accepted
delivery_tracking,2026-06-01T10:58:50Z,user-del-2,del-111,44.805003,20.464056,accepted
delivery_tracking,2026-06-01T10:59:00Z,user-del-2,del-111,44.805003,20.464056,canceled
delivery_tracking,2026-06-01T08:00:00Z,user-del-3,del-112,44.824472,20.457232,accepted
delivery_tracking,2026-06-01T08:00:10Z,user-del-3,del-112,44.825165,20.457592,accepted
delivery_tracking,2026-06-01T08:00:20Z,user-del-3,del-112,44.8257,20.458748,accepted
delivery_tracking,2026-06-01T08:00:30Z,user-del-3,del-112,44.825242,20.457698,accepted
delivery_tracking,2026-06-01T08:00:40Z,user-del-3,del-112,44.824428,20.456542,accepted
delivery_tracking,2026-06-01T08:00:50Z,user-del-3,del-112,44.823997,20.457275,accepted
delivery_tracking,2026-06-01T08:01:00Z,user-del-3,del-112,44.823317,20.456834,accepted
delivery_tracking,2026-06-01T08:01:10Z,user-del-3,del-112,44.822232,20.456547,accepted
delivery_tracking,2026-06-01T08:01:20Z,user-del-3,del-112,44.823204,20.457532,accepted
delivery_tracking,2026-06-01T08:01:30Z,user-del-3,del-112,44.822332,20.45853,accepted
delivery_tracking,2026-06-01T08:01:40Z,user-del-3,del-112,44.822774,20.458976,accepted
delivery_tracking,2026-06-01T08:01:50Z,user-del-3,del-112,44.823519,20.458328,accepted
delivery_tracking,2026-06-01T08:02:00Z,user-del-3,del-112,44.823226,20.458829,accepted
delivery_tracking,2026-06-01T08:02:10Z,user-del-3,del-112,44.822871,20.458101,accepted
delivery_tracking,2026-06-01T08:02:20Z,user-del-3,del-112,44.822582,20.457508,accepted
delivery_tracking,2026-06-01T08:02:30Z,user-del-3,del-112,44.822619,20.458396,accepted
delivery_tracking,2026-06-01T08:02:40Z,user-del-3,del-112,44.822042,20.458587,accepted
delivery_tracking,2026-06-01T08:02:50Z,user-del-3,del-112,44.821082,20.458139,accepted
delivery_tracking,2026-06-01T08:03:00Z,user-del-3,del-112,44.820571,20.457809,accepted
delivery_tracking,2026-06-01T08:03:10Z,user-del-3,del-112,44.821771,20.457886,accepted
delivery_tracking,2026-06-01T08:03:20Z,user-del-3,del-112,44.822636,20.457207,accepted
delivery_tracking,2026-06-01T08:03:30Z,user-del-3,del-112,44.823759,20.457183,accepted
delivery_tracking,2026-06-01T08:03:40Z,user-del-3,del-112,44.8234,20.457503,accepted
delivery_tracking,2026-06-01T08:03:50Z,user-del-3,del-112,44.823468,20.456888,accepted
delivery_tracking,2026-06-01T08:04:00Z,user-del-3,del-112,44.824129,20.457888,accepted
delivery_tracking,2026-06-01T08:04:10Z,user-del-3,del-112,44.824308,20.458997,accepted
delivery_tracking,2026-06-01T08:04:20Z,user-del-3,del-112,44.823548,20.458634,accepted
delivery_tracking,2026-06-01T08:04:30Z,user-del-3,del-112,44.823672,20.457706,accepted
delivery_tracking,2026-06-01T08:04:40Z,user-del-3,del-112,44.822741,20.458129,accepted
delivery_tracking,2026-06-01T08:04:50Z,user-del-3,del-112,44.823111,20.457526,accepted
delivery_tracking,2026-06-01T08:05:00Z,user-del-3,del-112,44.822962,20.456523,in_transit
delivery_tracking,2026-06-01T08:05:10Z,user-del-3,del-112,44.823309,20.455442,in_transit
delivery_tracking,2026-06-01T08:05:20Z,user-del-3,del-112,44.823758,20.455934,in_transit
delivery_tracking,2026-06-01T08:05:30Z,user-del-3,del-112,44.823091,20.45481,in_transit
delivery_tracking,2026-06-01T08:05:40Z,user-del-3,del-112,44.822242,20.455021,in_transit
delivery_tracking,2026-06-01T08:05:50Z,user-del-3,del-112,44.821532,20.455785,in_transit
delivery_tracking,2026-06-01T08:06:00Z,user-del-3,del-112,44.822189,20.454638,in_transit
delivery_tracking,2026-06-01T08:06:10Z,user-del-3,del-112,44.823387,20.455211,in_transit
delivery_tracking,2026-06-01T08:06:20Z,user-del-3,del-112,44.82221,20.455487,in_transit
delivery_tracking,2026-06-01T08:06:30Z,user-del-3,del-112,44.823401,20.455848,in_transit
delivery_tracking,2026-06-01T08:06:40Z,user-del-3,del-112,44.824166,20.456792,in_transit
delivery_tracking,2026-06-01T08:06:50Z,user-del-3,del-112,44.823723,20.456257,in_transit
delivery_tracking,2026-06-01T08:07:00Z,user-del-3,del-112,44.823579,20.457242,in_transit
delivery_tracking,2026-06-01T08:07:10Z,user-del-3,del-112,44.82285,20.456508,in_transit
delivery_tracking,2026-06-01T08:07:20Z,user-del-3,del-112,44.822189,20.45656,in_transit
delivery_tracking,2026-06-01T08:07:30Z,user-del-3,del-112,44.823086,20.457581,in_transit
delivery_tracking,2026-06-01T08:07:40Z,user-del-3,del-112,44.823271,20.457965,in_transit
delivery_tracking,2026-06-01T08:07:50Z,user-del-3,del-112,44.823799,20.458042,in_transit
delivery_tracking,2026-06-01T08:08:00Z,user-del-3,del-112,44.824201,20.458766,in_transit
delivery_tracking,2026-06-01T08:08:10Z,user-del-3,del-112,44.824303,20.459102,in_transit
delivery_tracking,2026-06-01T08:08:20Z,user-del-3,del-112,44.823202,20.459508,in_transit
delivery_tracking,2026-06-01T08:08:30Z,user-del-3,del-112,44.824041,20.45862,in_transit
delivery_tracking,2026-06-01T08:08:40Z,user-del-3,del-112,44.824396,20.458336,in_transit
delivery_tracking,2026-06-01T08:08:50Z,user-del-3,del-112,44.824345,20.459373,in_transit
delivery_tracking,2026-06-01T08:09:00Z,user-del-3,del-112,44.823326,20.459197,in_transit
delivery_tracking,2026-06-01T08:09:10Z,user-del-3,del-112,44.823132,20.458077,in_transit
delivery_tracking,2026-06-01T08:09:20Z,user-del-3,del-112,44.823441,20.457053,in_transit
delivery_tracking,2026-06-01T08:09:30Z,user-del-3,del-112,44.823031,20.457805,in_transit
delivery_tracking,2026-06-01T08:09:40Z,user-del-3,del-112,44.824087,20.457132,in_transit
delivery_tracking,2026-06-01T08:09:50Z,user-del-3,del-112,44.82423,20.456202,in_transit
delivery_tracking,2026-06-01T08:10:00Z,user-del-3,del-112,44.823086,20.455796,in_transit
delivery_tracking,2026-06-01T08:10:10Z,user-del-3,del-112,44.823064,20.4548,in_transit
delivery_tracking,2026-06-01T08:10:20Z,user-del-3,del-112,44.824003,20.455261,in_transit
delivery_tracking,2026-06-01T08:10:30Z,user-del-3,del-112,44.825024,20.455623,in_transit
delivery_tracking,2026-06-01T08:10:40Z,user-del-3,del-112,44.826127,20.455455,in_transit
delivery_tracking,2026-06-01T08:10:50Z,user-del-3,del-112,44.826613,20.455345,in_transit
delivery_tracking,2026-06-01T08:11:00Z,user-del-3,del-112,44.826255,20.455661,in_transit
delivery_tracking,2026-06-01T08:11:10Z,user-del-3,del-112,44.827181,20.455732,in_transit
delivery_tracking,2026-06-01T08:11:20Z,user-del-3,del-112,44.826547,20.454947,in_transit
delivery_tracking,2026-06-01T08:11:30Z,user-del-3,del-112,44.827746,20.454371,in_transit
delivery_tracking,2026-06-01T08:11:40Z,user-del-3,del-112,44.828916,20.455325,in_transit
delivery_tracking,2026-06-01T08:11:50Z,user-del-3,del-112,44.828623,20.455983,in_transit
delivery_tracking,2026-06-01T08:12:00Z,user-del-3,del-112,44.8284,20.456462,in_transit
delivery_tracking,2026-06-01T08:12:10Z,user-del-3,del-112,44.828159,20.455287,in_transit
delivery_tracking,2026-06-01T08:12:20Z,user-del-3,del-112,44.827113,20.456422,in_transit
delivery_tracking,2026-06-01T08:12:30Z,user-del-3,del-112,44.826056,20.455756,in_transit
delivery_tracking,2026-06-01T08:12:40Z,user-del-3,del-112,44.826614,20.454977,in_transit
delivery_tracking,2026-06-01T08:12:50Z,user-del-3,del-112,44.826055,20.456144,in_transit
delivery_tracking,2026-06-01T08:13:00Z,user-del-3,del-112,44.825171,20.456984,in_transit
delivery_tracking,2026-06-01T08:13:10Z,user-del-3,del-112,44.825881,20.455872,in_transit
delivery_tracking,2026-06-01T08:13:20Z,user-del-3,del-112,44.824916,20.455428,in_transit
delivery_tracking,2026-06-01T08:13:30Z,user-del-3,del-112,44.825917,20.454489,in_transit
delivery_tracking,2026-06-01T08:13:40Z,user-del-3,del-112,44.82478,20.454183,in_transit
delivery_tracking,2026-06-01T08:13:50Z,user-del-3,del-112,44.82516,20.455117,in_transit
delivery_tracking,2026-06-01T08:14:00Z,user-del-3,del-112,44.826352,20.455906,in_transit
delivery_tracking,2026-06-01T08:14:10Z,user-del-3,del-112,44.826913,20.456381,in_transit
delivery_tracking,2026-06-01T08:14:20Z,user-del-3,del-112,44.827391,20.457317,in_transit
delivery_tracking,2026-06-01T08:14:30Z,user-del-3,del-112,44.827537,20.457069,in_transit
delivery_tracking,2026-06-01T08:14:40Z,user-del-3,del-112,44.827813,20.456163,in_transit
delivery_tracking,2026-06-01T08:14:50Z,user-del-3,del-112,44.828494,20.457286,in_transit
delivery_tracking,2026-06-01T08:15:00Z,user-del-3,del-112,44.829004,20.458033,in_transit
delivery_tracking,2026-06-01T08:15:10Z,user-del-3,del-112,44.829235,20.458793,in_transit
delivery_tracking,2026-06-01T08:15:20Z,user-del-3,del-112,44.828704,20.459864,in_transit
delivery_tracking,2026-06-01T08:15:30Z,user-del-3,del-112,44.828887,20.459087,in_transit
delivery_tracking,2026-06-01T08:15:40Z,user-del-3,del-112,44.828103,20.458918,in_transit
delivery_tracking,2026-06-01T08:15:50Z,user-del-3,del-112,44.827931,20.459342,in_transit
delivery_tracking,2026-06-01T08:16:00Z,user-del-3,del-112,44.8281,20.458926,in_transit
delivery_tracking,2026-06-01T08:16:10Z,user-del-3,del-112,44.82867,20.458345,in_transit
delivery_tracking,2026-06-01T08:16:20Z,user-del-3,del-112,44.829308,20.459264,in_transit
delivery_tracking,2026-06-01T08:16:30Z,user-del-3,del-112,44.828209,20.459474,in_transit
delivery_tracking,2026-06-01T08:16:40Z,user-del-3,del-112,44.829236,20.458921,in_transit
delivery_tracking,2026-06-01T08:16:50Z,user-del-3,del-112,44.829008,20.458245,in_transit
delivery_tracking,2026-06-01T08:17:00Z,user-del-3,del-112,44.828054,20.457097,in_transit
delivery_tracking,2026-06-01T08:17:10Z,user-del-3,del-112,44.827197,20.45598,in_transit
delivery_tracking,2026-06-01T08:17:20Z,user-del-3,del-112,44.826469,20.455762,in_transit
delivery_tracking,2026-06-01T08:17:30Z,user-del-3,del-112,44.825894,20.455005,in_transit
delivery_tracking,2026-06-01T08:17:40Z,user-del-3,del-112,44.825439,20.453957,in_transit
delivery_tracking,2026-06-01T08:17:50Z,user-del-3,del-112,44.826221,20.453313,in_transit
delivery_tracking,2026-06-01T08:18:00Z,user-del-3,del-112,44.82685,20.452987,in_transit
delivery_tracking,2026-06-01T08:18:10Z,user-del-3,del-112,44.827066,20.453488,in_transit
delivery_tracking,2026-06-01T08:18:20Z,user-del-3,del-112,44.828156,20.453223,in_transit
delivery_tracking,2026-06-01T08:18:30Z,user-del-3,del-112,44.827739,20.453476,in_transit
delivery_tracking,2026-06-01T08:18:40Z,user-del-3,del-112,44.828114,20.453386,in_transit
delivery_tracking,2026-06-01T08:18:50Z,user-del-3,del-112,44.828821,20.454516,in_transit
delivery_tracking,2026-06-01T08:19:00Z,user-del-3,del-112,44.828773,20.454554,completed
delivery_tracking,2026-06-01T08:19:10Z,user-del-3,del-112,44.828801,20.454646,completed
delivery_tracking,2026-06-01T08:19:20Z,user-del-3,del-112,44.828766,20.454596,completed
delivery_tracking,2026-06-01T08:19:30Z,user-del-3,del-112,44.828705,20.454502,completed
delivery_tracking,2026-06-01T08:19:40Z,user-del-3,del-112,44.828683,20.454554,completed
delivery_tracking,2026-06-01T08:19:50Z,user-del-3,del-112,44.828716,20.4545,completed
delivery_tracking,2026-06-01T08:38:00Z,user-del-3,del-113,44.830737,20.459091,accepted
delivery_tracking,2026-06-01T08:38:10Z,user-del-3,del-113,44.831184,20.45839,accepted
delivery_tracking,2026-06-01T08:38:20Z,user-del-3,del-113,44.831161,20.45789,accepted
delivery_tracking,2026-06-01T08:38:30Z,user-del-3,del-113,44.831628,20.457381,accepted
delivery_tracking,2026-06-01T08:38:40Z,user-del-3,del-113,44.831595,20.45849,accepted
delivery_tracking,2026-06-01T08:38:50Z,user-del-3,del-113,44.830548,20.459342,accepted
delivery_tracking,2026-06-01T08:39:00Z,user-del-3,del-113,44.830722,20.458913,accepted
delivery_tracking,2026-06-01T08:39:10Z,user-del-3,del-113,44.83114,20.458924,accepted
delivery_tracking,2026-06-01T08:39:20Z,user-del-3,del-113,44.831615,20.458401,accepted
delivery_tracking,2026-06-01T08:39:30Z,user-del-3,del-113,44.83135,20.459043,accepted
delivery_tracking,2026-06-01T08:39:40Z,user-del-3,del-113,44.83111,20.458511,accepted
delivery_tracking,2026-06-01T08:39:50Z,user-del-3,del-113,44.83074,20.458274,accepted
delivery_tracking,2026-06-01T08:40:00Z,user-del-3,del-113,44.830486,20.457965,accepted
delivery_tracking,2026-06-01T08:40:10Z,user-del-3,del-113,44.830534,20.457293,accepted
delivery_tracking,2026-06-01T08:40:20Z,user-del-3,del-113,44.829757,20.457356,accepted
delivery_tracking,2026-06-01T08:40:30Z,user-del-3,del-113,44.829131,20.456918,accepted
delivery_tracking,2026-06-01T08:40:40Z,user-del-3,del-113,44.829704,20.457609,accepted
delivery_tracking,2026-06-01T08:40:50Z,user-del-3,del-113,44.829975,20.456672,accepted
delivery_tracking,2026-06-01T08:41:00Z,user-del-3,del-113,44.82929,20.456223,accepted
delivery_tracking,2026-06-01T08:41:10Z,user-del-3,del-113,44.828574,20.455626,accepted
delivery_tracking,2026-06-01T08:41:20Z,user-del-3,del-113,44.828499,20.455735,accepted
delivery_tracking,2026-06-01T08:41:30Z,user-del-3,del-113,44.828375,20.455786,accepted
delivery_tracking,2026-06-01T08:41:40Z,user-del-3,del-113,44.828692,20.456788,accepted
delivery_tracking,2026-06-01T08:41:50Z,user-del-3,del-113,44.829644,20.457312,accepted
delivery_tracking,2026-06-01T08:42:00Z,user-del-3,del-113,44.829083,20.456608,accepted
delivery_tracking,2026-06-01T08:42:10Z,user-del-3,del-113,44.828246,20.455489,accepted
delivery_tracking,2026-06-01T08:42:20Z,user-del-3,del-113,44.827981,20.454321,accepted
delivery_tracking,2026-06-01T08:42:30Z,user-del-3,del-113,44.827752,20.454908,accepted
delivery_tracking,2026-06-01T08:42:40Z,user-del-3,del-113,44.827346,20.454061,accepted
delivery_tracking,2026-06-01T08:42:50Z,user-del-3,del-113,44.828058,20.454354,accepted
delivery_tracking,2026-06-01T08:43:00Z,user-del-3,del-113,44.828616,20.454609,in_transit
delivery_tracking,2026-06-01T08:43:10Z,user-del-3,del-113,44.829532,20.453603,in_transit
delivery_tracking,2026-06-01T08:43:20Z,user-del-3,del-113,44.829859,20.452537,in_transit
delivery_tracking,2026-06-01T08:43:30Z,user-del-3,del-113,44.830295,20.452041,in_transit
delivery_tracking,2026-06-01T08:43:40Z,user-del-3,del-113,44.830548,20.453147,in_transit
delivery_tracking,2026-06-01T08:43:50Z,user-del-3,del-113,44.829832,20.453062,in_transit
delivery_tracking,2026-06-01T08:44:00Z,user-del-3,del-113,44.829147,20.452724,in_transit
delivery_tracking,2026-06-01T08:44:10Z,user-del-3,del-113,44.829642,20.453418,in_transit
delivery_tracking,2026-06-01T08:44:20Z,user-del-3,del-113,44.830247,20.453217,in_transit
delivery_tracking,2026-06-01T08:44:30Z,user-del-3,del-113,44.831254,20.452761,in_transit
delivery_tracking,2026-06-01T08:44:40Z,user-del-3,del-113,44.831756,20.451589,in_transit
delivery_tracking,2026-06-01T08:44:50Z,user-del-3,del-113,44.83086,20.450423,in_transit
delivery_tracking,2026-06-01T08:45:00Z,user-del-3,del-113,44.830281,20.449468,in_transit
delivery_tracking,2026-06-01T08:45:10Z,user-del-3,del-113,44.829797,20.448471,in_transit
delivery_tracking,2026-06-01T08:45:20Z,user-del-3,del-113,44.829114,20.448962,in_transit
delivery_tracking,2026-06-01T08:45:30Z,user-del-3,del-113,44.828156,20.448582,in_transit
delivery_tracking,2026-06-01T08:45:40Z,user-del-3,del-113,44.828383,20.447952,in_transit
delivery_tracking,2026-06-01T08:45:50Z,user-del-3,del-113,44.827815,20.447239,in_transit
delivery_tracking,2026-06-01T08:46:00Z,user-del-3,del-113,44.827135,20.447158,in_transit
delivery_tracking,2026-06-01T08:46:10Z,user-del-3,del-113,44.826913,20.447541,in_transit
delivery_tracking,2026-06-01T08:46:20Z,user-del-3,del-113,44.827108,20.448519,in_transit
delivery_tracking,2026-06-01T08:46:30Z,user-del-3,del-113,44.827591,20.448762,in_transit
delivery_tracking,2026-06-01T08:46:40Z,user-del-3,del-113,44.827604,20.449602,in_transit
delivery_tracking,2026-06-01T08:46:50Z,user-del-3,del-113,44.828695,20.448635,in_transit
delivery_tracking,2026-06-01T08:47:00Z,user-del-3,del-113,44.828075,20.447985,in_transit
delivery_tracking,2026-06-01T08:47:10Z,user-del-3,del-113,44.827686,20.447577,in_transit
delivery_tracking,2026-06-01T08:47:20Z,user-del-3,del-113,44.827262,20.448047,in_transit
delivery_tracking,2026-06-01T08:47:30Z,user-del-3,del-113,44.827723,20.448084,in_transit
delivery_tracking,2026-06-01T08:47:40Z,user-del-3,del-113,44.828691,20.449052,in_transit
delivery_tracking,2026-06-01T08:47:50Z,user-del-3,del-113,44.829099,20.448774,in_transit
delivery_tracking,2026-06-01T08:48:00Z,user-del-3,del-113,44.82925,20.448808,in_transit
delivery_tracking,2026-06-01T08:48:10Z,user-del-3,del-113,44.829032,20.448466,in_transit
delivery_tracking,2026-06-01T08:48:20Z,user-del-3,del-113,44.829608,20.447844,in_transit
delivery_tracking,2026-06-01T08:48:30Z,user-del-3,del-113,44.829193,20.447974,in_transit
delivery_tracking,2026-06-01T08:48:40Z,user-del-3,del-113,44.828862,20.448433,in_transit
delivery_tracking,2026-06-01T08:48:50Z,user-del-3,del-113,44.828128,20.449383,in_transit
delivery_tracking,2026-06-01T08:49:00Z,user-del-3,del-113,44.828404,20.450145,in_transit
delivery_tracking,2026-06-01T08:49:10Z,user-del-3,del-113,44.827441,20.450968,in_transit
delivery_tracking,2026-06-01T08:49:20Z,user-del-3,del-113,44.828073,20.451547,in_transit
delivery_tracking,2026-06-01T08:49:30Z,user-del-3,del-113,44.828233,20.450812,in_transit
delivery_tracking,2026-06-01T08:49:40Z,user-del-3,del-113,44.828121,20.450563,in_transit
delivery_tracking,2026-06-01T08:49:50Z,user-del-3,del-113,44.828595,20.451724,in_transit
delivery_tracking,2026-06-01T08:50:00Z,user-del-3,del-113,44.828752,20.452024,in_transit
delivery_tracking,2026-06-01T08:50:10Z,user-del-3,del-113,44.828183,20.452502,in_transit
delivery_tracking,2026-06-01T08:50:20Z,user-del-3,del-113,44.829168,20.452299,in_transit
delivery_tracking,2026-06-01T08:50:30Z,user-del-3,del-113,44.829556,20.453461,in_transit
delivery_tracking,2026-06-01T08:50:40Z,user-del-3,del-113,44.830272,20.453498,in_transit
delivery_tracking,2026-06-01T08:50:50Z,user-del-3,del-113,44.830277,20.453419,in_transit
delivery_tracking,2026-06-01T08:51:00Z,user-del-3,del-113,44.829359,20.452542,in_transit
delivery_tracking,2026-06-01T08:51:10Z,user-del-3,del-113,44.829724,20.452041,in_transit
delivery_tracking,2026-06-01T08:51:20Z,user-del-3,del-113,44.830349,20.451066,in_transit
delivery_tracking,2026-06-01T08:51:30Z,user-del-3,del-113,44.830965,20.451494,in_transit
delivery_tracking,2026-06-01T08:51:40Z,user-del-3,del-113,44.830205,20.450633,in_transit
delivery_tracking,2026-06-01T08:51:50Z,user-del-3,del-113,44.830911,20.449846,in_transit
delivery_tracking,2026-06-01T08:52:00Z,user-del-3,del-113,44.830051,20.449041,in_transit
delivery_tracking,2026-06-01T08:52:10Z,user-del-3,del-113,44.829407,20.450139,in_transit
delivery_tracking,2026-06-01T08:52:20Z,user-del-3,del-113,44.830272,20.451127,in_transit
delivery_tracking,2026-06-01T08:52:30Z,user-del-3,del-113,44.829452,20.451967,in_transit
delivery_tracking,2026-06-01T08:52:40Z,user-del-3,del-113,44.828673,20.452795,in_transit
delivery_tracking,2026-06-01T08:52:50Z,user-del-3,del-113,44.82926,20.452835,in_transit
delivery_tracking,2026-06-01T08:53:00Z,user-del-3,del-113,44.83017,20.453865,in_transit
delivery_tracking,2026-06-01T08:53:10Z,user-del-3,del-113,44.829767,20.454644,in_transit
delivery_tracking,2026-06-01T08:53:20Z,user-del-3,del-113,44.828753,20.454145,in_transit
delivery_tracking,2026-06-01T08:53:30Z,user-del-3,del-113,44.828061,20.45321,in_transit
delivery_tracking,2026-06-01T08:53:40Z,user-del-3,del-113,44.829058,20.454273,in_transit
delivery_tracking,2026-06-01T08:53:50Z,user-del-3,del-113,44.828193,20.454873,in_transit
delivery_tracking,2026-06-01T08:54:00Z,user-del-3,del-113,44.828423,20.455721,in_transit
delivery_tracking,2026-06-01T08:54:10Z,user-del-3,del-113,44.828534,20.455744,in_transit
delivery_tracking,2026-06-01T08:54:20Z,user-del-3,del-113,44.827498,20.456048,in_transit
delivery_tracking,2026-06-01T08:54:30Z,user-del-3,del-113,44.828158,20.456214,in_transit
delivery_tracking,2026-06-01T08:54:40Z,user-del-3,del-113,44.828732,20.455156,in_transit
delivery_tracking,2026-06-01T08:54:50Z,user-del-3,del-113,44.829609,20.455866,in_transit
delivery_tracking,2026-06-01T08:55:00Z,user-del-3,del-113,44.830312,20.455103,in_transit
delivery_tracking,2026-06-01T08:55:10Z,user-del-3,del-113,44.829938,20.454512,in_transit
delivery_tracking,2026-06-01T08:55:20Z,user-del-3,del-113,44.830637,20.453831,in_transit
delivery_tracking,2026-06-01T08:55:30Z,user-del-3,del-113,44.829442,20.454417,in_transit
delivery_tracking,2026-06-01T08:55:40Z,user-del-3,del-113,44.82923,20.453407,in_transit
delivery_tracking,2026-06-01T08:55:50Z,user-del-3,del-113,44.82881,20.452992,in_transit
delivery_tracking,2026-06-01T08:56:00Z,user-del-3,del-113,44.828618,20.453361,in_transit
delivery_tracking,2026-06-01T08:56:10Z,user-del-3,del-113,44.827704,20.452283,in_transit
delivery_tracking,2026-06-01T08:56:20Z,user-del-3,del-113,44.828065,20.45234,in_transit
delivery_tracking,2026-06-01T08:56:30Z,user-del-3,del-113,44.827151,20.451443,in_transit
delivery_tracking,2026-06-01T08:56:40Z,user-del-3,del-113,44.82669,20.451483,in_transit
delivery_tracking,2026-06-01T08:56:50Z,user-del-3,del-113,44.826914,20.451418,in_transit
delivery_tracking,2026-06-01T08:57:00Z,user-del-3,del-113,44.826167,20.450945,in_transit
delivery_tracking,2026-06-01T08:57:10Z,user-del-3,del-113,44.82574,20.451906,in_transit
delivery_tracking,2026-06-01T08:57:20Z,user-del-3,del-113,44.825618,20.452071,in_transit
delivery_tracking,2026-06-01T08:57:30Z,user-del-3,del-113,44.825195,20.452645,in_transit
delivery_tracking,2026-06-01T08:57:40Z,user-del-3,del-113,44.825251,20.452993,in_transit
delivery_tracking,2026-06-01T08:57:50Z,user-del-3,del-113,44.824568,20.454124,in_transit
delivery_tracking,2026-06-01T08:58:00Z,user-del-3,del-113,44.824856,20.454482,in_transit
delivery_tracking,2026-06-01T08:58:10Z,user-del-3,del-113,44.824573,20.45403,in_transit
delivery_tracking,2026-06-01T08:58:20Z,user-del-3,del-113,44.823937,20.453748,in_transit
delivery_tracking,2026-06-01T08:58:30Z,user-del-3,del-113,44.82288,20.454854,in_transit
delivery_tracking,2026-06-01T08:58:40Z,user-del-3,del-113,44.821988,20.455768,in_transit
delivery_tracking,2026-06-01T08:58:50Z,user-del-3,del-113,44.822718,20.454629,in_transit
delivery_tracking,2026-06-01T08:59:00Z,user-del-3,del-113,44.823866,20.453887,in_transit
delivery_tracking,2026-06-01T08:59:10Z,user-del-3,del-113,44.82433,20.452872,in_transit
delivery_tracking,2026-06-01T08:59:20Z,user-del-3,del-113,44.823738,20.453827,in_transit
delivery_tracking,2026-06-01T08:59:30Z,user-del-3,del-113,44.824443,20.454599,in_transit
delivery_tracking,2026-06-01T08:59:40Z,user-del-3,del-113,44.823914,20.453922,in_transit
delivery_tracking,2026-06-01T08:59:50Z,user-del-3,del-113,44.824006,20.455122,in_transit
delivery_tracking,2026-06-01T09:00:00Z,user-del-3,del-113,44.824521,20.455861,in_transit
delivery_tracking,2026-06-01T09:00:10Z,user-del-3,del-113,44.82374,20.455198,in_transit
delivery_tracking,2026-06-01T09:00:20Z,user-del-3,del-113,44.823553,20.455175,in_transit
delivery_tracking,2026-06-01T09:00:30Z,user-del-3,del-113,44.824731,20.456071,in_transit
delivery_tracking,2026-06-01T09:00:40Z,user-del-3,del-113,44.824037,20.456231,in_transit
delivery_tracking,2026-06-01T09:00:50Z,user-del-3,del-113,44.823226,20.456205,in_transit
delivery_tracking,2026-06-01T09:01:00Z,user-del-3,del-113,44.823174,20.456276,completed
delivery_tracking,2026-06-01T09:01:10Z,user-del-3,del-113,44.823105,20.456181,completed
delivery_tracking,2026-06-01T09:01:20Z,user-del-3,del-113,44.823031,20.456189,completed
delivery_tracking,2026-06-01T09:01:30Z,user-del-3,del-113,44.823123,20.456181,completed
delivery_tracking,2026-06-01T09:01:40Z,user-del-3,del-113,44.82318,20.456178,completed
delivery_tracking,2026-06-01T09:01:50Z,user-del-3,del-113,44.82323,20.456152,completed
delivery_tracking,2026-06-01T09:02:00Z,user-del-3,del-113,44.8233,20.456152,completed
delivery_tracking,2026-06-01T09:02:10Z,user-del-3,del-113,44.823394,20.456133,completed
delivery_tracking,2026-06-01T09:02:20Z,user-del-3,del-113,44.823328,20.456076,completed
delivery_tracking,2026-06-01T09:02:30Z,user-del-3,del-113,44.823274,20.456054,completed
delivery_tracking,2026-06-01T09:02:40Z,user-del-3,del-113,44.82335,20.456097,completed
delivery_tracking,2026-06-01T09:02:50Z,user-del-3,del-113,44.823413,20.456098,completed
delivery_tracking,2026-06-01T09:15:00Z,user-del-3,del-114,44.819848,20.456138,accepted
delivery_tracking,2026-06-01T09:15:10Z,user-del-3,del-114,44.818861,20.455317,accepted
delivery_tracking,2026-06-01T09:15:20Z,user-del-3,del-114,44.817955,20.454907,accepted
delivery_tracking,2026-06-01T09:15:30Z,user-del-3,del-114,44.817617,20.453814,accepted
delivery_tracking,2026-06-01T09:15:40Z,user-del-3,del-114,44.818701,20.454101,accepted
delivery_tracking,2026-06-01T09:15:50Z,user-del-3,del-114,44.818948,20.454195,accepted
delivery_tracking,2026-06-01T09:16:00Z,user-del-3,del-114,44.818539,20.453452,accepted
delivery_tracking,2026-06-01T09:16:10Z,user-del-3,del-114,44.818405,20.454271,accepted
delivery_tracking,2026-06-01T09:16:20Z,user-del-3,del-114,44.819269,20.453701,accepted
delivery_tracking,2026-06-01T09:16:30Z,user-del-3,del-114,44.818736,20.453234,accepted
delivery_tracking,2026-06-01T09:16:40Z,user-del-3,del-114,44.819711,20.452439,accepted
delivery_tracking,2026-06-01T09:16:50Z,user-del-3,del-114,44.819717,20.45354,accepted
delivery_tracking,2026-06-01T09:17:00Z,user-del-3,del-114,44.819647,20.45265,accepted
delivery_tracking,2026-06-01T09:17:10Z,user-del-3,del-114,44.819244,20.452113,accepted
delivery_tracking,2026-06-01T09:17:20Z,user-del-3,del-114,44.819561,20.453001,accepted
delivery_tracking,2026-06-01T09:17:30Z,user-del-3,del-114,44.819512,20.452166,accepted
delivery_tracking,2026-06-01T09:17:40Z,user-del-3,del-114,44.819212,20.451982,accepted
delivery_tracking,2026-06-01T09:17:50Z,user-del-3,del-114,44.819298,20.450838,accepted
delivery_tracking,2026-06-01T09:18:00Z,user-del-3,del-114,44.819041,20.451011,accepted
delivery_tracking,2026-06-01T09:18:10Z,user-del-3,del-114,44.820161,20.451254,accepted
delivery_tracking,2026-06-01T09:18:20Z,user-del-3,del-114,44.819226,20.451157,accepted
delivery_tracking,2026-06-01T09:18:30Z,user-del-3,del-114,44.818136,20.450536,accepted
delivery_tracking,2026-06-01T09:18:40Z,user-del-3,del-114,44.818287,20.449582,accepted
delivery_tracking,2026-06-01T09:18:50Z,user-del-3,del-114,44.818218,20.450239,accepted
delivery_tracking,2026-06-01T09:19:00Z,user-del-3,del-114,44.817845,20.449339,accepted
delivery_tracking,2026-06-01T09:19:10Z,user-del-3,del-114,44.816683,20.449976,accepted
delivery_tracking,2026-06-01T09:19:20Z,user-del-3,del-114,44.81708,20.450178,accepted
delivery_tracking,2026-06-01T09:19:30Z,user-del-3,del-114,44.816137,20.449099,accepted
delivery_tracking,2026-06-01T09:19:40Z,user-del-3,del-114,44.815613,20.449173,accepted
delivery_tracking,2026-06-01T09:19:50Z,user-del-3,del-114,44.816361,20.448549,accepted
delivery_tracking,2026-06-01T09:20:00Z,user-del-3,del-114,44.816443,20.44747,in_transit
delivery_tracking,2026-06-01T09:20:10Z,user-del-3,del-114,44.816637,20.447865,in_transit
delivery_tracking,2026-06-01T09:20:20Z,user-del-3,del-114,44.817002,20.447395,in_transit
delivery_tracking,2026-06-01T09:20:30Z,user-del-3,del-114,44.817941,20.448277,in_transit
delivery_tracking,2026-06-01T09:20:40Z,user-del-3,del-114,44.817568,20.448277,in_transit
delivery_tracking,2026-06-01T09:20:50Z,user-del-3,del-114,44.816569,20.448255,in_transit
delivery_tracking,2026-06-01T09:21:00Z,user-del-3,del-114,44.815816,20.447509,in_transit
delivery_tracking,2026-06-01T09:21:10Z,user-del-3,del-114,44.81645,20.446695,in_transit
delivery_tracking,2026-06-01T09:21:20Z,user-del-3,del-114,44.815945,20.446172,in_transit
delivery_tracking,2026-06-01T09:21:30Z,user-del-3,del-114,44.814918,20.4471,in_transit
delivery_tracking,2026-06-01T09:21:40Z,user-del-3,del-114,44.815744,20.447068,in_transit
delivery_tracking,2026-06-01T09:21:50Z,user-del-3,del-114,44.815788,20.446648,in_transit
delivery_tracking,2026-06-01T09:22:00Z,user-del-3,del-114,44.815476,20.446212,in_transit
delivery_tracking,2026-06-01T09:22:10Z,user-del-3,del-114,44.814372,20.445412,in_transit
delivery_tracking,2026-06-01T09:22:20Z,user-del-3,del-114,44.814012,20.444902,in_transit
delivery_tracking,2026-06-01T09:22:30Z,user-del-3,del-114,44.813421,20.443927,in_transit
delivery_tracking,2026-06-01T09:22:40Z,user-del-3,del-114,44.813011,20.44331,in_transit
delivery_tracking,2026-06-01T09:22:50Z,user-del-3,del-114,44.813025,20.442566,in_transit
delivery_tracking,2026-06-01T09:23:00Z,user-del-3,del-114,44.812326,20.442163,in_transit
delivery_tracking,2026-06-01T09:23:10Z,user-del-3,del-114,44.812718,20.443049,in_transit
delivery_tracking,2026-06-01T09:23:20Z,user-del-3,del-114,44.812002,20.443346,in_transit
delivery_tracking,2026-06-01T09:23:30Z,user-del-3,del-114,44.811564,20.443124,in_transit
delivery_tracking,2026-06-01T09:23:40Z,user-del-3,del-114,44.810626,20.442171,in_transit
delivery_tracking,2026-06-01T09:23:50Z,user-del-3,del-114,44.810733,20.441585,in_transit
delivery_tracking,2026-06-01T09:24:00Z,user-del-3,del-114,44.811805,20.441345,in_transit
delivery_tracking,2026-06-01T09:24:10Z,user-del-3,del-114,44.811145,20.441653,in_transit
delivery_tracking,2026-06-01T09:24:20Z,user-del-3,del-114,44.810378,20.441506,in_transit
delivery_tracking,2026-06-01T09:24:30Z,user-del-3,del-114,44.811314,20.440789,in_transit
delivery_tracking,2026-06-01T09:24:40Z,user-del-3,del-114,44.810764,20.43969,in_transit
delivery_tracking,2026-06-01T09:24:50Z,user-del-3,del-114,44.81041,20.439099,in_transit
delivery_tracking,2026-06-01T09:25:00Z,user-del-3,del-114,44.811249,20.438031,in_transit
delivery_tracking,2026-06-01T09:25:10Z,user-del-3,del-114,44.811802,20.437677,in_transit
delivery_tracking,2026-06-01T09:25:20Z,user-del-3,del-114,44.811401,20.437151,in_transit
delivery_tracking,2026-06-01T09:25:30Z,user-del-3,del-114,44.810832,20.437367,in_transit
delivery_tracking,2026-06-01T09:25:40Z,user-del-3,del-114,44.811928,20.437077,in_transit
delivery_tracking,2026-06-01T09:25:50Z,user-del-3,del-114,44.811233,20.436688,in_transit
delivery_tracking,2026-06-01T09:26:00Z,user-del-3,del-114,44.811145,20.436358,in_transit
delivery_tracking,2026-06-01T09:26:10Z,user-del-3,del-114,44.810534,20.435347,in_transit
delivery_tracking,2026-06-01T09:26:20Z,user-del-3,del-114,44.811731,20.43553,in_transit
delivery_tracking,2026-06-01T09:26:30Z,user-del-3,del-114,44.810577,20.435064,in_transit
delivery_tracking,2026-06-01T09:26:40Z,user-del-3,del-114,44.810532,20.434881,in_transit
delivery_tracking,2026-06-01T09:26:50Z,user-del-3,del-114,44.809757,20.43584,in_transit
delivery_tracking,2026-06-01T09:27:00Z,user-del-3,del-114,44.810024,20.435145,in_transit
delivery_tracking,2026-06-01T09:27:10Z,user-del-3,del-114,44.809088,20.436311,in_transit
delivery_tracking,2026-06-01T09:27:20Z,user-del-3,del-114,44.809916,20.435475,in_transit
delivery_tracking,2026-06-01T09:27:30Z,user-del-3,del-114,44.810052,20.434975,in_transit
delivery_tracking,2026-06-01T09:27:40Z,user-del-3,del-114,44.810383,20.434232,in_transit
delivery_tracking,2026-06-01T09:27:50Z,user-del-3,del-114,44.809392,20.43385,in_transit
delivery_tracking,2026-06-01T09:28:00Z,user-del-3,del-114,44.809615,20.434405,in_transit
delivery_tracking,2026-06-01T09:28:10Z,user-del-3,del-114,44.810408,20.434346,in_transit
delivery_tracking,2026-06-01T09:28:20Z,user-del-3,del-114,44.811383,20.434909,in_transit
delivery_tracking,2026-06-01T09:28:30Z,user-del-3,del-114,44.812188,20.434366,in_transit
delivery_tracking,2026-06-01T09:28:40Z,user-del-3,del-114,44.812092,20.434179,in_transit
delivery_tracking,2026-06-01T09:28:50Z,user-del-3,del-114,44.81237,20.433112,in_transit
delivery_tracking,2026-06-01T09:29:00Z,user-del-3,del-114,44.813566,20.433986,in_transit
delivery_tracking,2026-06-01T09:29:10Z,user-del-3,del-114,44.813044,20.434269,in_transit
delivery_tracking,2026-06-01T09:29:20Z,user-del-3,del-114,44.814093,20.435352,in_transit
delivery_tracking,2026-06-01T09:29:30Z,user-del-3,del-114,44.813892,20.435139,in_transit
delivery_tracking,2026-06-01T09:29:40Z,user-del-3,del-114,44.814856,20.435584,in_transit
delivery_tracking,2026-06-01T09:29:50Z,user-del-3,del-114,44.813969,20.435202,in_transit
delivery_tracking,2026-06-01T09:30:00Z,user-del-3,del-114,44.814596,20.434151,in_transit
delivery_tracking,2026-06-01T09:30:10Z,user-del-3,del-114,44.814559,20.433317,in_transit
delivery_tracking,2026-06-01T09:30:20Z,user-del-3,del-114,44.814553,20.433754,in_transit
delivery_tracking,2026-06-01T09:30:30Z,user-del-3,del-114,44.81536,20.43437,in_transit
delivery_tracking,2026-06-01T09:30:40Z,user-del-3,del-114,44.816231,20.433354,in_transit
delivery_tracking,2026-06-01T09:30:50Z,user-del-3,del-114,44.817026,20.433058,in_transit
delivery_tracking,2026-06-01T09:31:00Z,user-del-3,del-114,44.815925,20.431995,in_transit
delivery_tracking,2026-06-01T09:31:10Z,user-del-3,del-114,44.815499,20.431579,in_transit
delivery_tracking,2026-06-01T09:31:20Z,user-del-3,del-114,44.815566,20.430644,in_transit
delivery_tracking,2026-06-01T09:31:30Z,user-del-3,del-114,44.815389,20.43127,in_transit
delivery_tracking,2026-06-01T09:31:40Z,user-del-3,del-114,44.815766,20.430222,in_transit
delivery_tracking,2026-06-01T09:31:50Z,user-del-3,del-114,44.816568,20.429505,in_transit
delivery_tracking,2026-06-01T09:32:00Z,user-del-3,del-114,44.815406,20.429965,in_transit
delivery_tracking,2026-06-01T09:32:10Z,user-del-3,del-114,44.814409,20.429629,in_transit
delivery_tracking,2026-06-01T09:32:20Z,user-del-3,del-114,44.813413,20.428977,in_transit
delivery_tracking,2026-06-01T09:32:30Z,user-del-3,del-114,44.813681,20.430116,in_transit
delivery_tracking,2026-06-01T09:32:40Z,user-del-3,del-114,44.813444,20.430775,in_transit
delivery_tracking,2026-06-01T09:32:50Z,user-del-3,del-114,44.813917,20.429582,in_transit
delivery_tracking,2026-06-01T09:33:00Z,user-del-3,del-114,44.814303,20.429373,in_transit
delivery_tracking,2026-06-01T09:33:10Z,user-del-3,del-114,44.814908,20.428635,in_transit
delivery_tracking,2026-06-01T09:33:20Z,user-del-3,del-114,44.815511,20.427679,in_transit
delivery_tracking,2026-06-01T09:33:30Z,user-del-3,del-114,44.814969,20.428756,in_transit
delivery_tracking,2026-06-01T09:33:40Z,user-del-3,del-114,44.813822,20.428684,in_transit
delivery_tracking,2026-06-01T09:33:50Z,user-del-3,del-114,44.814417,20.427561,in_transit
delivery_tracking,2026-06-01T09:34:00Z,user-del-3,del-114,44.813217,20.428671,in_transit
delivery_tracking,2026-06-01T09:34:10Z,user-del-3,del-114,44.814324,20.429764,in_transit
delivery_tracking,2026-06-01T09:34:20Z,user-del-3,del-114,44.813336,20.430027,in_transit
delivery_tracking,2026-06-01T09:34:30Z,user-del-3,del-114,44.813212,20.43012,in_transit
delivery_tracking,2026-06-01T09:34:40Z,user-del-3,del-114,44.812362,20.429287,in_transit
delivery_tracking,2026-06-01T09:34:50Z,user-del-3,del-114,44.812118,20.429453,in_transit
delivery_tracking,2026-06-01T09:35:00Z,user-del-3,del-114,44.812254,20.430248,in_transit
delivery_tracking,2026-06-01T09:35:10Z,user-del-3,del-114,44.812525,20.431212,in_transit
delivery_tracking,2026-06-01T09:35:20Z,user-del-3,del-114,44.812982,20.430445,in_transit
delivery_tracking,2026-06-01T09:35:30Z,user-del-3,del-114,44.814116,20.429717,in_transit
delivery_tracking,2026-06-01T09:35:40Z,user-del-3,del-114,44.814555,20.430567,in_transit
delivery_tracking,2026-06-01T09:35:50Z,user-del-3,del-114,44.814477,20.42994,in_transit
delivery_tracking,2026-06-01T09:36:00Z,user-del-3,del-114,44.81349,20.430051,in_transit
delivery_tracking,2026-06-01T09:36:10Z,user-del-3,del-114,44.81237,20.430456,in_transit
delivery_tracking,2026-06-01T09:36:20Z,user-del-3,del-114,44.812364,20.429551,in_transit
delivery_tracking,2026-06-01T09:36:30Z,user-del-3,del-114,44.811713,20.429679,in_transit
delivery_tracking,2026-06-01T09:36:40Z,user-del-3,del-114,44.811558,20.428531,in_transit
delivery_tracking,2026-06-01T09:36:50Z,user-del-3,del-114,44.8115,20.428199,in_transit
delivery_tracking,2026-06-01T09:37:00Z,user-del-3,del-114,44.811605,20.427016,in_transit
delivery_tracking,2026-06-01T09:37:10Z,user-del-3,del-114,44.811673,20.427762,in_transit
delivery_tracking,2026-06-01T09:37:20Z,user-del-3,del-114,44.811426,20.428952,in_transit
delivery_tracking,2026-06-01T09:37:30Z,user-del-3,del-114,44.811272,20.429848,in_transit
delivery_tracking,2026-06-01T09:37:40Z,user-del-3,del-114,44.811776,20.430284,in_transit
delivery_tracking,2026-06-01T09:37:50Z,user-del-3,del-114,44.812767,20.430824,in_transit
delivery_tracking,2026-06-01T09:38:00Z,user-del-3,del-114,44.812063,20.431091,in_transit
delivery_tracking,2026-06-01T09:38:10Z,user-del-3,del-114,44.811096,20.432057,in_transit
delivery_tracking,2026-06-01T09:38:20Z,user-del-3,del-114,44.810702,20.433212,in_transit
delivery_tracking,2026-06-01T09:38:30Z,user-del-3,del-114,44.810094,20.432118,in_transit
delivery_tracking,2026-06-01T09:38:40Z,user-del-3,del-114,44.809764,20.433284,in_transit
delivery_tracking,2026-06-01T09:38:50Z,user-del-3,del-114,44.810665,20.433489,in_transit
delivery_tracking,2026-06-01T09:39:00Z,user-del-3,del-114,44.810836,20.433241,in_transit
delivery_tracking,2026-06-01T09:39:10Z,user-del-3,del-114,44.811405,20.433728,in_transit
delivery_tracking,2026-06-01T09:39:20Z,user-del-3,del-114,44.811303,20.434606,in_transit
delivery_tracking,2026-06-01T09:39:30Z,user-del-3,del-114,44.810192,20.434945,in_transit
delivery_tracking,2026-06-01T09:39:40Z,user-del-3,del-114,44.809486,20.435946,in_transit
delivery_tracking,2026-06-01T09:39:50Z,user-del-3,del-114,44.809984,20.436271,in_transit
delivery_tracking,2026-06-01T09:40:00Z,user-del-3,del-114,44.810072,20.43633,completed
delivery_tracking,2026-06-01T09:40:10Z,user-del-3,del-114,44.810062,20.436297,completed
delivery_tracking,2026-06-01T09:40:20Z,user-del-3,del-114,44.810009,20.436271,completed
delivery_tracking,2026-06-01T09:40:30Z,user-del-3,del-114,44.810096,20.436254,completed
delivery_tracking,2026-06-01T09:40:40Z,user-del-3,del-114,44.810189,20.436274,completed
delivery_tracking,2026-06-01T09:40:50Z,user-del-3,del-114,44.810213,20.436201,completed
delivery_tracking,2026-06-01T09:41:00Z,user-del-3,del-114,44.810143,20.436149,completed
delivery_tracking,2026-06-01T09:41:10Z,user-del-3,del-114,44.81022,20.436238,completed
delivery_tracking,2026-06-01T09:41:20Z,user-del-3,del-114,44.810146,20.436271,completed
delivery_tracking,2026-06-01T09:41:30Z,user-del-3,del-114,44.810121,20.436209,completed
delivery_tracking,2026-06-01T09:41:40Z,user-del-3,del-114,44.810119,20.436229,completed
delivery_tracking,2026-06-01T09:41:50Z,user-del-3,del-114,44.810135,20.436288,completed
delivery_tracking,2026-06-01T09:58:00Z,user-del-3,del-115,44.81051,20.437018,accepted
delivery_tracking,2026-06-01T09:58:10Z,user-del-3,del-115,44.811438,20.437386,accepted
delivery_tracking,2026-06-01T09:58:20Z,user-del-3,del-115,44.810853,20.43619,accepted
delivery_tracking,2026-06-01T09:58:30Z,user-del-3,del-115,44.810472,20.436999,accepted
delivery_tracking,2026-06-01T09:58:40Z,user-del-3,del-115,44.810002,20.435991,accepted
delivery_tracking,2026-06-01T09:58:50Z,user-del-3,del-115,44.809506,20.436661,accepted
delivery_tracking,2026-06-01T09:59:00Z,user-del-3,del-115,44.809216,20.436097,accepted
delivery_tracking,2026-06-01T09:59:10Z,user-del-3,del-115,44.809456,20.436109,accepted
delivery_tracking,2026-06-01T09:59:20Z,user-del-3,del-115,44.808816,20.435944,accepted
delivery_tracking,2026-06-01T09:59:30Z,user-del-3,del-115,44.808919,20.435683,accepted
delivery_tracking,2026-06-01T09:59:40Z,user-del-3,del-115,44.808719,20.435013,accepted
delivery_tracking,2026-06-01T09:59:50Z,user-del-3,del-115,44.809639,20.435973,accepted
delivery_tracking,2026-06-01T10:00:00Z,user-del-3,del-115,44.810073,20.436986,accepted
delivery_tracking,2026-06-01T10:00:10Z,user-del-3,del-115,44.809241,20.436783,accepted
delivery_tracking,2026-06-01T10:00:20Z,user-del-3,del-115,44.809862,20.436649,accepted
delivery_tracking,2026-06-01T10:00:30Z,user-del-3,del-115,44.809802,20.437304,accepted
delivery_tracking,2026-06-01T10:00:40Z,user-del-3,del-115,44.809953,20.438193,accepted
delivery_tracking,2026-06-01T10:00:50Z,user-del-3,del-115,44.810898,20.438903,accepted
delivery_tracking,2026-06-01T10:01:00Z,user-del-3,del-115,44.811154,20.439536,in_transit
delivery_tracking,2026-06-01T10:01:10Z,user-del-3,del-115,44.811293,20.440619,in_transit
delivery_tracking,2026-06-01T10:01:20Z,user-del-3,del-115,44.811225,20.440559,in_transit
delivery_tracking,2026-06-01T10:01:30Z,user-del-3,del-115,44.812293,20.440414,in_transit
delivery_tracking,2026-06-01T10:01:40Z,user-del-3,del-115,44.812347,20.440543,in_transit
delivery_tracking,2026-06-01T10:01:50Z,user-del-3,del-115,44.813149,20.440669,in_transit
delivery_tracking,2026-06-01T10:02:00Z,user-del-3,del-115,44.813952,20.439808,in_transit
delivery_tracking,2026-06-01T10:02:10Z,user-del-3,del-115,44.814839,20.439582,in_transit
delivery_tracking,2026-06-01T10:02:20Z,user-del-3,del-115,44.815933,20.439469,in_transit
delivery_tracking,2026-06-01T10:02:30Z,user-del-3,del-115,44.81593,20.438399,in_transit
delivery_tracking,2026-06-01T10:02:40Z,user-del-3,del-115,44.816482,20.438642,in_transit
delivery_tracking,2026-06-01T10:02:50Z,user-del-3,del-115,44.816025,20.437906,in_transit
delivery_tracking,2026-06-01T10:03:00Z,user-del-3,del-115,44.816974,20.438445,in_transit
delivery_tracking,2026-06-01T10:03:10Z,user-del-3,del-115,44.81727,20.438093,in_transit
delivery_tracking,2026-06-01T10:03:20Z,user-del-3,del-115,44.816878,20.439284,in_transit
delivery_tracking,2026-06-01T10:03:30Z,user-del-3,del-115,44.817749,20.439746,in_transit
delivery_tracking,2026-06-01T10:03:40Z,user-del-3,del-115,44.816709,20.439378,in_transit
delivery_tracking,2026-06-01T10:03:50Z,user-del-3,del-115,44.81605,20.438848,in_transit
delivery_tracking,2026-06-01T10:04:00Z,user-del-3,del-115,44.814852,20.438687,in_transit
delivery_tracking,2026-06-01T10:04:10Z,user-del-3,del-115,44.815588,20.43758,in_transit
delivery_tracking,2026-06-01T10:04:20Z,user-del-3,del-115,44.815008,20.437332,in_transit
delivery_tracking,2026-06-01T10:04:30Z,user-del-3,del-115,44.814759,20.438461,in_transit
delivery_tracking,2026-06-01T10:04:40Z,user-del-3,del-115,44.815929,20.438773,in_transit
delivery_tracking,2026-06-01T10:04:50Z,user-del-3,del-115,44.814883,20.438076,in_transit
delivery_tracking,2026-06-01T10:05:00Z,user-del-3,del-115,44.816077,20.439216,in_transit
delivery_tracking,2026-06-01T10:05:10Z,user-del-3,del-115,44.815867,20.439024,in_transit
delivery_tracking,2026-06-01T10:05:20Z,user-del-3,del-115,44.815125,20.440151,in_transit
delivery_tracking,2026-06-01T10:05:30Z,user-del-3,del-115,44.815072,20.441245,in_transit
delivery_tracking,2026-06-01T10:05:40Z,user-del-3,del-115,44.815608,20.442421,in_transit
delivery_tracking,2026-06-01T10:05:50Z,user-del-3,del-115,44.815373,20.443363,in_transit
delivery_tracking,2026-06-01T10:06:00Z,user-del-3,del-115,44.815011,20.442886,in_transit
delivery_tracking,2026-06-01T10:06:10Z,user-del-3,del-115,44.815925,20.442835,in_transit
delivery_tracking,2026-06-01T10:06:20Z,user-del-3,del-115,44.814756,20.442325,in_transit
delivery_tracking,2026-06-01T10:06:30Z,user-del-3,del-115,44.814334,20.441437,in_transit
delivery_tracking,2026-06-01T10:06:40Z,user-del-3,del-115,44.814765,20.44167,in_transit
delivery_tracking,2026-06-01T10:06:50Z,user-del-3,del-115,44.814365,20.441833,in_transit
delivery_tracking,2026-06-01T10:07:00Z,user-del-3,del-115,44.813981,20.442138,in_transit
delivery_tracking,2026-06-01T10:07:10Z,user-del-3,del-115,44.813235,20.442481,in_transit
delivery_tracking,2026-06-01T10:07:20Z,user-del-3,del-115,44.813553,20.442323,in_transit
delivery_tracking,2026-06-01T10:07:30Z,user-del-3,del-115,44.813225,20.441786,in_transit
delivery_tracking,2026-06-01T10:07:40Z,user-del-3,del-115,44.813987,20.442579,in_transit
delivery_tracking,2026-06-01T10:07:50Z,user-del-3,del-115,44.813099,20.443383,in_transit
delivery_tracking,2026-06-01T10:08:00Z,user-del-3,del-115,44.814232,20.443349,in_transit
delivery_tracking,2026-06-01T10:08:10Z,user-del-3,del-115,44.815213,20.444121,in_transit
delivery_tracking,2026-06-01T10:08:20Z,user-del-3,del-115,44.815329,20.44516,in_transit
delivery_tracking,2026-06-01T10:08:30Z,user-del-3,del-115,44.816524,20.444734,in_transit
delivery_tracking,2026-06-01T10:08:40Z,user-del-3,del-115,44.817498,20.445201,in_transit
delivery_tracking,2026-06-01T10:08:50Z,user-del-3,del-115,44.818651,20.444789,in_transit
delivery_tracking,2026-06-01T10:09:00Z,user-del-3,del-115,44.8194,20.44419,in_transit
delivery_tracking,2026-06-01T10:09:10Z,user-del-3,del-115,44.819497,20.444884,in_transit
delivery_tracking,2026-06-01T10:09:20Z,user-del-3,del-115,44.820225,20.44526,in_transit
delivery_tracking,2026-06-01T10:09:30Z,user-del-3,del-115,44.819468,20.445408,in_transit
delivery_tracking,2026-06-01T10:09:40Z,user-del-3,del-115,44.818327,20.444799,in_transit
delivery_tracking,2026-06-01T10:09:50Z,user-del-3,del-115,44.818195,20.443842,in_transit
delivery_tracking,2026-06-01T10:10:00Z,user-del-3,del-115,44.818577,20.444105,in_transit
delivery_tracking,2026-06-01T10:10:10Z,user-del-3,del-115,44.819433,20.443339,in_transit
delivery_tracking,2026-06-01T10:10:20Z,user-del-3,del-115,44.819906,20.444459,in_transit
delivery_tracking,2026-06-01T10:10:30Z,user-del-3,del-115,44.819636,20.44343,in_transit
delivery_tracking,2026-06-01T10:10:40Z,user-del-3,del-115,44.820558,20.443273,in_transit
delivery_tracking,2026-06-01T10:10:50Z,user-del-3,del-115,44.820851,20.443802,in_transit
delivery_tracking,2026-06-01T10:11:00Z,user-del-3,del-115,44.821122,20.443875,in_transit
delivery_tracking,2026-06-01T10:11:10Z,user-del-3,del-115,44.820927,20.444318,in_transit
delivery_tracking,2026-06-01T10:11:20Z,user-del-3,del-115,44.821313,20.445254,in_transit
delivery_tracking,2026-06-01T10:11:30Z,user-del-3,del-115,44.822355,20.44578,in_transit
delivery_tracking,2026-06-01T10:11:40Z,user-del-3,del-115,44.822839,20.445985,in_transit
delivery_tracking,2026-06-01T10:11:50Z,user-del-3,del-115,44.822494,20.444938,in_transit
delivery_tracking,2026-06-01T10:12:00Z,user-del-3,del-115,44.822699,20.444617,in_transit
delivery_tracking,2026-06-01T10:12:10Z,user-del-3,del-115,44.823805,20.444854,in_transit
delivery_tracking,2026-06-01T10:12:20Z,user-del-3,del-115,44.824775,20.445532,in_transit
delivery_tracking,2026-06-01T10:12:30Z,user-del-3,del-115,44.824786,20.444761,in_transit
delivery_tracking,2026-06-01T10:12:40Z,user-del-3,del-115,44.825048,20.444591,in_transit
delivery_tracking,2026-06-01T10:12:50Z,user-del-3,del-115,44.825432,20.44355,in_transit
delivery_tracking,2026-06-01T10:13:00Z,user-del-3,del-115,44.824554,20.443334,in_transit
delivery_tracking,2026-06-01T10:13:10Z,user-del-3,del-115,44.82409,20.442859,in_transit
delivery_tracking,2026-06-01T10:13:20Z,user-del-3,del-115,44.823598,20.442082,in_transit
delivery_tracking,2026-06-01T10:13:30Z,user-del-3,del-115,44.824115,20.443174,in_transit
delivery_tracking,2026-06-01T10:13:40Z,user-del-3,del-115,44.824681,20.442363,in_transit
delivery_tracking,2026-06-01T10:13:50Z,user-del-3,del-115,44.824758,20.443344,in_transit
delivery_tracking,2026-06-01T10:14:00Z,user-del-3,del-115,44.824796,20.44334,completed
delivery_tracking,2026-06-01T10:14:10Z,user-del-3,del-115,44.824884,20.443313,completed
delivery_tracking,2026-06-01T10:14:20Z,user-del-3,del-115,44.824941,20.443395,completed
delivery_tracking,2026-06-01T10:14:30Z,user-del-3,del-115,44.824846,20.443442,completed
delivery_tracking,2026-06-01T10:14:40Z,user-del-3,del-115,44.824891,20.443384,completed
delivery_tracking,2026-06-01T10:14:50Z,user-del-3,del-115,44.824792,20.443445,completed
delivery_tracking,2026-06-01T10:26:00Z,user-del-3,del-116,44.827657,20.446911,accepted
delivery_tracking,2026-06-01T10:26:10Z,user-del-3,del-116,44.827321,20.447601,accepted
delivery_tracking,2026-06-01T10:26:20Z,user-del-3,del-116,44.828384,20.447941,accepted
delivery_tracking,2026-06-01T10:26:30Z,user-del-3,del-116,44.829426,20.447949,accepted
delivery_tracking,2026-06-01T10:26:40Z,user-del-3,del-116,44.829799,20.448534,accepted
delivery_tracking,2026-06-01T10:26:50Z,user-del-3,del-116,44.830666,20.447603,accepted
delivery_tracking,2026-06-01T10:27:00Z,user-del-3,del-116,44.830666,20.447603,canceled
delivery_tracking,2026-06-01T10:44:00Z,user-del-3,del-117,44.82759,20.450522,accepted
delivery_tracking,2026-06-01T10:44:10Z,user-del-3,del-117,44.827646,20.450533,accepted
delivery_tracking,2026-06-01T10:44:20Z,user-del-3,del-117,44.828331,20.451145,accepted
delivery_tracking,2026-06-01T10:44:30Z,user-del-3,del-117,44.827312,20.451339,accepted
delivery_tracking,2026-06-01T10:44:40Z,user-del-3,del-117,44.826381,20.451234,accepted
delivery_tracking,2026-06-01T10:44:50Z,user-del-3,del-117,44.826747,20.451184,accepted
delivery_tracking,2026-06-01T10:45:00Z,user-del-3,del-117,44.826009,20.451322,accepted
delivery_tracking,2026-06-01T10:45:10Z,user-del-3,del-117,44.825235,20.451059,accepted
delivery_tracking,2026-06-01T10:45:20Z,user-del-3,del-117,44.825846,20.452205,accepted
delivery_tracking,2026-06-01T10:45:30Z,user-del-3,del-117,44.825508,20.451832,accepted
delivery_tracking,2026-06-01T10:45:40Z,user-del-3,del-117,44.826189,20.452734,accepted
delivery_tracking,2026-06-01T10:45:50Z,user-del-3,del-117,44.825705,20.451677,accepted
delivery_tracking,2026-06-01T10:46:00Z,user-del-3,del-117,44.82453,20.451804,accepted
delivery_tracking,2026-06-01T10:46:10Z,user-del-3,del-117,44.824722,20.452925,accepted
delivery_tracking,2026-06-01T10:46:20Z,user-del-3,del-117,44.825019,20.4532,accepted
delivery_tracking,2026-06-01T10:46:30Z,user-del-3,del-117,44.824587,20.453177,accepted
delivery_tracking,2026-06-01T10:46:40Z,user-del-3,del-117,44.82447,20.453629,accepted
delivery_tracking,2026-06-01T10:46:50Z,user-del-3,del-117,44.825151,20.454285,accepted
delivery_tracking,2026-06-01T10:47:00Z,user-del-3,del-117,44.825726,20.454792,accepted
delivery_tracking,2026-06-01T10:47:10Z,user-del-3,del-117,44.826645,20.454455,accepted
delivery_tracking,2026-06-01T10:47:20Z,user-del-3,del-117,44.825454,20.455398,accepted
delivery_tracking,2026-06-01T10:47:30Z,user-del-3,del-117,44.826215,20.455922,accepted
delivery_tracking,2026-06-01T10:47:40Z,user-del-3,del-117,44.826906,20.455522,accepted
delivery_tracking,2026-06-01T10:47:50Z,user-del-3,del-117,44.827861,20.455904,accepted
delivery_tracking,2026-06-01T10:48:00Z,user-del-3,del-117,44.827322,20.456455,in_transit
delivery_tracking,2026-06-01T10:48:10Z,user-del-3,del-117,44.82662,20.456022,in_transit
delivery_tracking,2026-06-01T10:48:20Z,user-del-3,del-117,44.826157,20.456551,in_transit
delivery_tracking,2026-06-01T10:48:30Z,user-del-3,del-117,44.827028,20.456142,in_transit
delivery_tracking,2026-06-01T10:48:40Z,user-del-3,del-117,44.828215,20.454952,in_transit
delivery_tracking,2026-06-01T10:48:50Z,user-del-3,del-117,44.827905,20.455295,in_transit
delivery_tracking,2026-06-01T10:49:00Z,user-del-3,del-117,44.827124,20.454813,in_transit
delivery_tracking,2026-06-01T10:49:10Z,user-del-3,del-117,44.827327,20.454729,in_transit
delivery_tracking,2026-06-01T10:49:20Z,user-del-3,del-117,44.827667,20.455615,in_transit
delivery_tracking,2026-06-01T10:49:30Z,user-del-3,del-117,44.827228,20.454698,in_transit
delivery_tracking,2026-06-01T10:49:40Z,user-del-3,del-117,44.826379,20.453763,in_transit
delivery_tracking,2026-06-01T10:49:50Z,user-del-3,del-117,44.825586,20.453536,in_transit
delivery_tracking,2026-06-01T10:50:00Z,user-del-3,del-117,44.826577,20.453147,in_transit
delivery_tracking,2026-06-01T10:50:10Z,user-del-3,del-117,44.825804,20.4525,in_transit
delivery_tracking,2026-06-01T10:50:20Z,user-del-3,del-117,44.826548,20.452868,in_transit
delivery_tracking,2026-06-01T10:50:30Z,user-del-3,del-117,44.826931,20.452732,in_transit
delivery_tracking,2026-06-01T10:50:40Z,user-del-3,del-117,44.827604,20.452665,in_transit
delivery_tracking,2026-06-01T10:50:50Z,user-del-3,del-117,44.828618,20.452645,in_transit
delivery_tracking,2026-06-01T10:51:00Z,user-del-3,del-117,44.829627,20.451495,in_transit
delivery_tracking,2026-06-01T10:51:10Z,user-del-3,del-117,44.830448,20.45137,in_transit
delivery_tracking,2026-06-01T10:51:20Z,user-del-3,del-117,44.829995,20.451913,in_transit
delivery_tracking,2026-06-01T10:51:30Z,user-del-3,del-117,44.830296,20.452615,in_transit
delivery_tracking,2026-06-01T10:51:40Z,user-del-3,del-117,44.829887,20.452557,in_transit
delivery_tracking,2026-06-01T10:51:50Z,user-del-3,del-117,44.829628,20.453203,in_transit
delivery_tracking,2026-06-01T10:52:00Z,user-del-3,del-117,44.829362,20.454233,in_transit
delivery_tracking,2026-06-01T10:52:10Z,user-del-3,del-117,44.829047,20.453668,in_transit
delivery_tracking,2026-06-01T10:52:20Z,user-del-3,del-117,44.830236,20.454427,in_transit
delivery_tracking,2026-06-01T10:52:30Z,user-del-3,del-117,44.830756,20.454422,in_transit
delivery_tracking,2026-06-01T10:52:40Z,user-del-3,del-117,44.829633,20.453859,in_transit
delivery_tracking,2026-06-01T10:52:50Z,user-del-3,del-117,44.829672,20.453342,in_transit
delivery_tracking,2026-06-01T10:53:00Z,user-del-3,del-117,44.830172,20.453328,in_transit
delivery_tracking,2026-06-01T10:53:10Z,user-del-3,del-117,44.830861,20.452986,in_transit
delivery_tracking,2026-06-01T10:53:20Z,user-del-3,del-117,44.830941,20.45202,in_transit
delivery_tracking,2026-06-01T10:53:30Z,user-del-3,del-117,44.830495,20.451808,in_transit
delivery_tracking,2026-06-01T10:53:40Z,user-del-3,del-117,44.829869,20.450959,in_transit
delivery_tracking,2026-06-01T10:53:50Z,user-del-3,del-117,44.830545,20.450568,in_transit
delivery_tracking,2026-06-01T10:54:00Z,user-del-3,del-117,44.830421,20.45055,in_transit
delivery_tracking,2026-06-01T10:54:10Z,user-del-3,del-117,44.831408,20.450634,in_transit
delivery_tracking,2026-06-01T10:54:20Z,user-del-3,del-117,44.831957,20.451306,in_transit
delivery_tracking,2026-06-01T10:54:30Z,user-del-3,del-117,44.831447,20.451065,in_transit
delivery_tracking,2026-06-01T10:54:40Z,user-del-3,del-117,44.832193,20.451478,in_transit
delivery_tracking,2026-06-01T10:54:50Z,user-del-3,del-117,44.83211,20.451031,in_transit
delivery_tracking,2026-06-01T10:55:00Z,user-del-3,del-117,44.833232,20.450017,in_transit
delivery_tracking,2026-06-01T10:55:10Z,user-del-3,del-117,44.833782,20.449558,in_transit
delivery_tracking,2026-06-01T10:55:20Z,user-del-3,del-117,44.833372,20.449026,in_transit
delivery_tracking,2026-06-01T10:55:30Z,user-del-3,del-117,44.833518,20.448563,in_transit
delivery_tracking,2026-06-01T10:55:40Z,user-del-3,del-117,44.832445,20.448139,in_transit
delivery_tracking,2026-06-01T10:55:50Z,user-del-3,del-117,44.833345,20.448812,in_transit
delivery_tracking,2026-06-01T10:56:00Z,user-del-3,del-117,44.833193,20.448613,in_transit
delivery_tracking,2026-06-01T10:56:10Z,user-del-3,del-117,44.83249,20.447987,in_transit
delivery_tracking,2026-06-01T10:56:20Z,user-del-3,del-117,44.832304,20.448802,in_transit
delivery_tracking,2026-06-01T10:56:30Z,user-del-3,del-117,44.833456,20.44981,in_transit
delivery_tracking,2026-06-01T10:56:40Z,user-del-3,del-117,44.834402,20.449587,in_transit
delivery_tracking,2026-06-01T10:56:50Z,user-del-3,del-117,44.834324,20.448932,in_transit
delivery_tracking,2026-06-01T10:57:00Z,user-del-3,del-117,44.834981,20.448738,in_transit
delivery_tracking,2026-06-01T10:57:10Z,user-del-3,del-117,44.834617,20.448506,in_transit
delivery_tracking,2026-06-01T10:57:20Z,user-del-3,del-117,44.834249,20.44739,in_transit
delivery_tracking,2026-06-01T10:57:30Z,user-del-3,del-117,44.834503,20.4463,in_transit
delivery_tracking,2026-06-01T10:57:40Z,user-del-3,del-117,44.834748,20.447183,in_transit
delivery_tracking,2026-06-01T10:57:50Z,user-del-3,del-117,44.835299,20.446575,in_transit
delivery_tracking,2026-06-01T10:58:00Z,user-del-3,del-117,44.835815,20.446723,in_transit
delivery_tracking,2026-06-01T10:58:10Z,user-del-3,del-117,44.835426,20.447681,in_transit
delivery_tracking,2026-06-01T10:58:20Z,user-del-3,del-117,44.836483,20.447848,in_transit
delivery_tracking,2026-06-01T10:58:30Z,user-del-3,del-117,44.836179,20.44876,in_transit
delivery_tracking,2026-06-01T10:58:40Z,user-del-3,del-117,44.836112,20.449317,in_transit
delivery_tracking,2026-06-01T10:58:50Z,user-del-3,del-117,44.837267,20.448962,in_transit
delivery_tracking,2026-06-01T10:59:00Z,user-del-3,del-117,44.838002,20.448805,in_transit
delivery_tracking,2026-06-01T10:59:10Z,user-del-3,del-117,44.838352,20.448185,in_transit
delivery_tracking,2026-06-01T10:59:20Z,user-del-3,del-117,44.838293,20.449372,in_transit
delivery_tracking,2026-06-01T10:59:30Z,user-del-3,del-117,44.83788,20.449508,in_transit
delivery_tracking,2026-06-01T10:59:40Z,user-del-3,del-117,44.837025,20.448571,in_transit
delivery_tracking,2026-06-01T10:59:50Z,user-del-3,del-117,44.837758,20.448665,in_transit
delivery_tracking,2026-06-01T11:00:00Z,user-del-3,del-117,44.83837,20.447802,in_transit
delivery_tracking,2026-06-01T11:00:10Z,user-del-3,del-117,44.837917,20.447931,in_transit
delivery_tracking,2026-06-01T11:00:20Z,user-del-3,del-117,44.838586,20.449093,in_transit
delivery_tracking,2026-06-01T11:00:30Z,user-del-3,del-117,44.837591,20.449267,in_transit
delivery_tracking,2026-06-01T11:00:40Z,user-del-3,del-117,44.837758,20.449382,in_transit
delivery_tracking,2026-06-01T11:00:50Z,user-del-3,del-117,44.83807,20.448318,in_transit
delivery_tracking,2026-06-01T11:01:00Z,user-del-3,del-117,44.838075,20.448236,completed
delivery_tracking,2026-06-01T11:01:10Z,user-del-3,del-117,44.838135,20.448248,completed
delivery_tracking,2026-06-01T11:01:20Z,user-del-3,del-117,44.838062,20.44834,completed
delivery_tracking,2026-06-01T11:01:30Z,user-del-3,del-117,44.838072,20.448327,completed
delivery_tracking,2026-06-01T11:01:40Z,user-del-3,del-117,44.838023,20.448291,completed
delivery_tracking,2026-06-01T11:01:50Z,user-del-3,del-117,44.837987,20.448275,completed
delivery_tracking,2026-06-01T11:02:00Z,user-del-3,del-117,44.837994,20.448178,completed
delivery_tracking,2026-06-01T11:02:10Z,user-del-3,del-117,44.838043,20.448243,completed
delivery_tracking,2026-06-01T11:02:20Z,user-del-3,del-117,44.838007,20.448207,completed
delivery_tracking,2026-06-01T11:02:30Z,user-del-3,del-117,44.837951,20.44829,completed
delivery_tracking,2026-06-01T11:02:40Z,user-del-3,del-117,44.837976,20.448241,completed
delivery_tracking,2026-06-01T11:02:50Z,user-del-3,del-117,44.838042,20.448324,completed
